Entity,Code,Year,Total across all levels of education
Afghanistan,AFG,2010,17.07713
Afghanistan,AFG,2011,16.04843
Afghanistan,AFG,2012,10.3568
Afghanistan,AFG,2013,14.1028
Afghanistan,AFG,2014,14.46593
Afghanistan,AFG,2015,12.509
Afghanistan,AFG,2016,16.2117
Afghanistan,AFG,2017,15.66138
Albania,ALB,1997,11.15339
Albania,ALB,1998,9.62407
Albania,ALB,1999,9.68246
Albania,ALB,2000,10.13703
Albania,ALB,2001,10.58193
Albania,ALB,2002,9.88692
Albania,ALB,2003,10.5736
Albania,ALB,2004,10.70316
Albania,ALB,2005,11.35797
Albania,ALB,2006,10.93295
Albania,ALB,2007,11.17719
Albania,ALB,2011,10.967223
Albania,ALB,2012,11.509857
Albania,ALB,2013,12.12391
Albania,ALB,2014,10.918168
Albania,ALB,2015,11.17755
Albania,ALB,2016,13.59696
Albania,ALB,2017,12.38521
Albania,ALB,2018,10.881732
Albania,ALB,2019,13.4334
Albania,ALB,2020,10.26743
Albania,ALB,2021,9.40901
Albania,ALB,2022,9.01409
Albania,ALB,2023,10.85658
Algeria,DZA,2008,11.02076
Algeria,DZA,2010,17.769157
Algeria,DZA,2011,17.564716
Algeria,DZA,2012,15.983726
Algeria,DZA,2013,17.646034
Algeria,DZA,2014,16.469202
Algeria,DZA,2015,16.084555
Algeria,DZA,2016,16.111044
Algeria,DZA,2017,17.556072
Algeria,DZA,2018,15.619737
Algeria,DZA,2019,16.021759
Algeria,DZA,2020,16.549171
Algeria,DZA,2021,16.050697
Algeria,DZA,2022,13.101506
Algeria,DZA,2023,13.2610235
Algeria,DZA,2024,23.88846
Algeria,DZA,2025,15.542679
Andorra,AND,2012,9.841614
Andorra,AND,2013,6.19553
Andorra,AND,2014,13.31521
Andorra,AND,2015,10.44281
Andorra,AND,2016,9.99098
Andorra,AND,2017,9.39244
Andorra,AND,2018,13.46192
Andorra,AND,2019,10.89524
Andorra,AND,2020,8.991869
Andorra,AND,2021,10.264735
Andorra,AND,2022,6.96125
Andorra,AND,2023,12.769515
Andorra,AND,2024,12.004516
Andorra,AND,2025,12.12908
Angola,AGO,1998,6.11468
Angola,AGO,2000,5.25508
Angola,AGO,2005,7.99235
Angola,AGO,2006,7.45479
Angola,AGO,2010,8.68477
Angola,AGO,2012,8.370433
Angola,AGO,2013,8.826971
Angola,AGO,2015,8.9187765
Angola,AGO,2016,6.550974
Angola,AGO,2017,6.763777
Angola,AGO,2018,5.7775245
Angola,AGO,2019,6.045356
Angola,AGO,2020,5.294736
Angola,AGO,2021,6.91961
Angola,AGO,2022,6.640472
Angola,AGO,2023,7.7389627
Angola,AGO,2024,6.369766
Angola,AGO,2025,6.5246468
Anguilla,AIA,2013,12.042328
Anguilla,AIA,2014,11.600921
Anguilla,AIA,2015,12.544034
Anguilla,AIA,2016,11.972371
Anguilla,AIA,2017,11.59027
Anguilla,AIA,2018,9.108468
Anguilla,AIA,2019,11.119861
Anguilla,AIA,2020,10.675669
Anguilla,AIA,2021,11.046763
Anguilla,AIA,2022,13.359591
Anguilla,AIA,2023,12.973857
Anguilla,AIA,2024,10.287234
Antigua and Barbuda,ATG,1999,12.43941
Antigua and Barbuda,ATG,2002,11.70154
Antigua and Barbuda,ATG,2009,6.92814
Antigua and Barbuda,ATG,2012,10.143256
Antigua and Barbuda,ATG,2013,10.730234
Antigua and Barbuda,ATG,2014,10.316624
Antigua and Barbuda,ATG,2015,7.630212
Antigua and Barbuda,ATG,2016,6.4835696
Antigua and Barbuda,ATG,2017,7.1728544
Antigua and Barbuda,ATG,2018,7.5876255
Antigua and Barbuda,ATG,2019,9.543664
Antigua and Barbuda,ATG,2020,7.3787565
Antigua and Barbuda,ATG,2021,6.859995
Antigua and Barbuda,ATG,2022,7.80538
Antigua and Barbuda,ATG,2023,8.669606
Antigua and Barbuda,ATG,2024,11.035898
Antigua and Barbuda,ATG,2025,5.870046
Argentina,ARG,1996,15.39877
Argentina,ARG,1998,15.62126
Argentina,ARG,1999,15.87754
Argentina,ARG,2000,16.22615
Argentina,ARG,2001,16.35596
Argentina,ARG,2002,16.44221
Argentina,ARG,2003,14.35472
Argentina,ARG,2004,15.1393
Argentina,ARG,2005,15.80317
Argentina,ARG,2006,15.50984
Argentina,ARG,2007,15.10157
Argentina,ARG,2008,15.74784
Argentina,ARG,2009,16.02067
Argentina,ARG,2010,15.04797
Argentina,ARG,2011,15.15856
Argentina,ARG,2012,14.51826
Argentina,ARG,2013,14.45793
Argentina,ARG,2014,13.79933
Argentina,ARG,2015,13.96331
Argentina,ARG,2016,13.35554
Argentina,ARG,2017,13.26392
Argentina,ARG,2018,12.52334
Argentina,ARG,2019,12.51446
Argentina,ARG,2020,12.42229
Argentina,ARG,2021,12.2849
Argentina,ARG,2022,12.70758
Argentina,ARG,2023,13.22396
Armenia,ARM,2005,13.64809
Armenia,ARM,2006,13.57852
Armenia,ARM,2007,13.46559
Armenia,ARM,2008,14.26845
Armenia,ARM,2009,13.45122
Armenia,ARM,2010,12.40051
Armenia,ARM,2011,12.59334
Armenia,ARM,2012,12.36897
Armenia,ARM,2013,11.13676
Armenia,ARM,2014,9.36712
Armenia,ARM,2015,10.65636
Armenia,ARM,2016,10.1972
Armenia,ARM,2017,10.40313
Armenia,ARM,2018,8.678588
Armenia,ARM,2019,8.575244
Armenia,ARM,2020,8.82778
Armenia,ARM,2021,9.65532
Armenia,ARM,2022,9.44655
Armenia,ARM,2023,9.0369
Armenia,ARM,2024,9.440015
Armenia,ARM,2025,8.708363
Aruba,ABW,1998,22.08239
Aruba,ABW,1999,19.28166
Aruba,ABW,2000,21.80771
Aruba,ABW,2001,21.32318
Aruba,ABW,2002,19.75715
Aruba,ABW,2004,14.90291
Aruba,ABW,2005,18.88828
Aruba,ABW,2007,20.79264
Aruba,ABW,2008,19.02883
Aruba,ABW,2009,21.56355
Aruba,ABW,2010,22.17678
Aruba,ABW,2011,21.75054
Aruba,ABW,2012,20.63408
Aruba,ABW,2013,21.87763
Aruba,ABW,2014,19.61798
Aruba,ABW,2015,23.20138
Aruba,ABW,2016,21.85375
Aruba,ABW,2017,18.521408
Aruba,ABW,2018,20.12344
Aruba,ABW,2019,19.401426
Aruba,ABW,2021,10.956443
Australia,AUS,1988,13.24973
Australia,AUS,1989,13.35092
Australia,AUS,1990,13.59172
Australia,AUS,1991,14.06531
Australia,AUS,1992,13.20402
Australia,AUS,1993,15.01692
Australia,AUS,1994,14.29702
Australia,AUS,2020,12.16914
Australia,AUS,2021,12.10884
Australia,AUS,2022,12.64197
Austria,AUT,1989,11.28604
Austria,AUT,1990,11.51311
Austria,AUT,1991,11.75021
Austria,AUT,1992,11.75971
Austria,AUT,1993,11.07318
Austria,AUT,1995,10.50612
Austria,AUT,1996,9.74095
Austria,AUT,1998,11.29195
Austria,AUT,1999,12.15057
Austria,AUT,2000,11.03322
Austria,AUT,2001,10.81678
Austria,AUT,2002,10.77766
Austria,AUT,2003,10.41788
Austria,AUT,2004,9.83547
Austria,AUT,2005,10.22817
Austria,AUT,2006,10.33712
Austria,AUT,2007,10.41668
Austria,AUT,2008,10.51203
Austria,AUT,2009,10.56037
Austria,AUT,2010,10.75069
Austria,AUT,2011,10.96182
Austria,AUT,2012,10.65846
Austria,AUT,2013,10.67007
Austria,AUT,2014,10.49254
Austria,AUT,2015,10.72222
Austria,AUT,2016,10.87989
Austria,AUT,2017,10.84245
Austria,AUT,2018,10.68115
Austria,AUT,2019,10.67115
Austria,AUT,2020,9.73538
Austria,AUT,2021,9.78234
Austria,AUT,2022,9.95558
Azerbaijan,AZE,1995,68.47385
Azerbaijan,AZE,1996,23.75856
Azerbaijan,AZE,1998,18.75694
Azerbaijan,AZE,1999,21.60498
Azerbaijan,AZE,2000,21.11908
Azerbaijan,AZE,2001,20.87755
Azerbaijan,AZE,2002,13.63072
Azerbaijan,AZE,2003,15.17084
Azerbaijan,AZE,2004,14.23504
Azerbaijan,AZE,2005,13.22315
Azerbaijan,AZE,2006,10.10042
Azerbaijan,AZE,2007,9.77937
Azerbaijan,AZE,2008,7.76384
Azerbaijan,AZE,2009,9.34393
Azerbaijan,AZE,2010,8.70084
Azerbaijan,AZE,2011,7.21986
Azerbaijan,AZE,2012,5.64367
Azerbaijan,AZE,2013,6.46413
Azerbaijan,AZE,2014,7.23873
Azerbaijan,AZE,2015,7.62711
Azerbaijan,AZE,2016,8.19578
Azerbaijan,AZE,2017,6.95456
Azerbaijan,AZE,2018,7.39965
Azerbaijan,AZE,2019,9.76757
Azerbaijan,AZE,2020,10.78785
Azerbaijan,AZE,2021,11.50882
Azerbaijan,AZE,2022,11.63961
Azerbaijan,AZE,2023,11.18455
Azerbaijan,AZE,2024,11.449601
Azerbaijan,AZE,2025,11.923616
Bahamas,BHS,2000,19.79521
Bahamas,BHS,2010,12.495226
Bahamas,BHS,2011,12.361502
Bahamas,BHS,2012,12.176449
Bahamas,BHS,2013,12.142467
Bahamas,BHS,2014,12.086168
Bahamas,BHS,2015,11.554117
Bahamas,BHS,2016,11.644226
Bahamas,BHS,2017,11.532518
Bahamas,BHS,2018,12.798804
Bahamas,BHS,2019,12.916496
Bahamas,BHS,2020,12.65664
Bahamas,BHS,2021,10.685177
Bahamas,BHS,2022,10.356612
Bahamas,BHS,2023,11.5972395
Bahamas,BHS,2024,10.846366
Bahamas,BHS,2025,10.619358
Bahrain,BHR,2006,11.91866
Bahrain,BHR,2007,11.02673
Bahrain,BHR,2008,10.55867
Bahrain,BHR,2010,8.6255245
Bahrain,BHR,2011,8.769654
Bahrain,BHR,2012,8.17983
Bahrain,BHR,2013,7.4586
Bahrain,BHR,2014,8.68403
Bahrain,BHR,2015,7.32819
Bahrain,BHR,2016,9.620668
Bahrain,BHR,2017,7.22385
Bahrain,BHR,2018,9.251309
Bahrain,BHR,2019,8.557404
Bahrain,BHR,2020,7.138605
Bahrain,BHR,2021,7.6646724
Bahrain,BHR,2022,7.66018
Bahrain,BHR,2023,7.7249146
Bahrain,BHR,2024,8.740974
Bahrain,BHR,2025,8.33665
Bangladesh,BGD,1980,5.2636
Bangladesh,BGD,1981,6.63403
Bangladesh,BGD,1982,6.39411
Bangladesh,BGD,1983,6.47326
Bangladesh,BGD,1984,8.08762
Bangladesh,BGD,1985,8.38863
Bangladesh,BGD,1986,9.13005
Bangladesh,BGD,1987,10.46843
Bangladesh,BGD,1990,11.19103
Bangladesh,BGD,1991,11.0621
Bangladesh,BGD,1992,12.53667
Bangladesh,BGD,1993,12.11385
Bangladesh,BGD,1997,15.19687
Bangladesh,BGD,1999,18.12979
Bangladesh,BGD,2000,20.49042
Bangladesh,BGD,2001,18.58478
Bangladesh,BGD,2002,15.6938
Bangladesh,BGD,2003,16.68163
Bangladesh,BGD,2004,15.95312
Bangladesh,BGD,2006,17.33653
Bangladesh,BGD,2007,18.1534
Bangladesh,BGD,2008,17.81619
Bangladesh,BGD,2009,14.02987
Bangladesh,BGD,2011,16.79397
Bangladesh,BGD,2012,15.74512
Bangladesh,BGD,2013,14.03465
Bangladesh,BGD,2014,13.306328
Bangladesh,BGD,2015,12.044103
Bangladesh,BGD,2016,11.04945
Bangladesh,BGD,2018,14.245172
Bangladesh,BGD,2019,8.73295
Bangladesh,BGD,2020,15.030703
Bangladesh,BGD,2021,12.769976
Bangladesh,BGD,2022,12.404044
Bangladesh,BGD,2023,13.0012245
Bangladesh,BGD,2024,11.993016
Bangladesh,BGD,2025,11.883438
Barbados,BRB,1999,21.1682
Barbados,BRB,2000,22.15035
Barbados,BRB,2001,26.88882
Barbados,BRB,2002,24.72449
Barbados,BRB,2003,18.58456
Barbados,BRB,2004,18.61814
Barbados,BRB,2005,18.24298
Barbados,BRB,2007,17.22097
Barbados,BRB,2008,15.71065
Barbados,BRB,2009,16.10058
Barbados,BRB,2010,18.09633
Barbados,BRB,2012,16.70269
Barbados,BRB,2013,14.84482
Barbados,BRB,2014,17.45106
Barbados,BRB,2015,17.809547
Barbados,BRB,2016,13.36245
Barbados,BRB,2017,12.87915
Barbados,BRB,2018,16.358572
Barbados,BRB,2019,13.85986
Barbados,BRB,2020,16.14247
Barbados,BRB,2021,14.84473
Barbados,BRB,2022,12.73072
Barbados,BRB,2023,12.47315
Barbados,BRB,2024,11.839717
Barbados,BRB,2025,14.1875305
Belarus,BLR,2004,12.55235
Belarus,BLR,2005,12.62011
Belarus,BLR,2006,12.45032
Belarus,BLR,2007,10.13372
Belarus,BLR,2009,8.44955
Belarus,BLR,2010,11.77813
Belarus,BLR,2011,11.62665
Belarus,BLR,2012,12.7523
Belarus,BLR,2013,12.27399
Belarus,BLR,2014,12.40672
Belarus,BLR,2015,11.46173
Belarus,BLR,2016,12.15878
Belarus,BLR,2017,12.28169
Belarus,BLR,2018,12.78021
Belarus,BLR,2019,13.33074
Belarus,BLR,2020,12.78115
Belarus,BLR,2021,12.816
Belarus,BLR,2022,12.17733
Belarus,BLR,2023,12.27703
Belarus,BLR,2024,12.34192
Belgium,BEL,1981,10.27494
Belgium,BEL,1982,9.25219
Belgium,BEL,1986,8.60939
Belgium,BEL,1987,8.1834
Belgium,BEL,1988,8.16559
Belgium,BEL,1993,10.18003
Belgium,BEL,1994,10.28121
Belgium,BEL,1995,5.82897
Belgium,BEL,1996,5.89706
Belgium,BEL,2005,11.17552
Belgium,BEL,2008,12.47245
Belgium,BEL,2009,11.80015
Belgium,BEL,2010,11.94892
Belgium,BEL,2011,11.60302
Belgium,BEL,2012,11.6744
Belgium,BEL,2013,11.80877
Belgium,BEL,2014,11.83519
Belgium,BEL,2015,12.00727
Belgium,BEL,2016,12.15122
Belgium,BEL,2017,12.34186
Belgium,BEL,2018,12.18058
Belgium,BEL,2019,12.21961
Belgium,BEL,2020,11.55579
Belgium,BEL,2021,11.61438
Belgium,BEL,2022,12.01038
Belize,BLZ,1999,19.28271
Belize,BLZ,2000,15.61226
Belize,BLZ,2001,18.30537
Belize,BLZ,2003,16.02519
Belize,BLZ,2004,16.32428
Belize,BLZ,2008,19.4966
Belize,BLZ,2009,22.05761
Belize,BLZ,2010,22.61047
Belize,BLZ,2011,21.56427
Belize,BLZ,2012,21.230122
Belize,BLZ,2013,23.13282
Belize,BLZ,2014,21.56308
Belize,BLZ,2015,21.59255
Belize,BLZ,2016,20.4853
Belize,BLZ,2017,21.51866
Belize,BLZ,2018,22.14902
Belize,BLZ,2019,22.22006
Belize,BLZ,2020,18.99354
Belize,BLZ,2021,17.95357
Belize,BLZ,2022,17.83135
Belize,BLZ,2023,18.05938
Belize,BLZ,2024,18.903458
Benin,BEN,1998,18.46174
Benin,BEN,1999,17.88519
Benin,BEN,2000,13.5132
Benin,BEN,2001,15.31058
Benin,BEN,2002,14.12908
Benin,BEN,2003,16.68253
Benin,BEN,2004,19.21395
Benin,BEN,2005,18.79039
Benin,BEN,2006,19.70961
Benin,BEN,2007,14.94869
Benin,BEN,2008,19.08858
Benin,BEN,2009,18.17562
Benin,BEN,2010,26.14396
Benin,BEN,2012,25.02131
Benin,BEN,2013,22.34122
Benin,BEN,2014,22.22771
Benin,BEN,2015,17.47952
Benin,BEN,2016,18.7914
Benin,BEN,2017,19.87965
Benin,BEN,2018,17.70918
Benin,BEN,2019,18.868116
Benin,BEN,2020,15.720354
Benin,BEN,2021,14.774787
Benin,BEN,2022,14.99147
Benin,BEN,2023,15.797557
Benin,BEN,2024,17.96803
Benin,BEN,2025,18.02169
Bermuda,BMU,2003,11.0366
Bermuda,BMU,2004,11.11385
Bermuda,BMU,2005,12.1054
Bermuda,BMU,2009,13.97043
Bermuda,BMU,2010,12.93424
Bermuda,BMU,2014,7.79644
Bermuda,BMU,2015,9.0188
Bermuda,BMU,2017,7.77347
Bhutan,BTN,2000,13.92039
Bhutan,BTN,2001,13.2261
Bhutan,BTN,2004,18.60663
Bhutan,BTN,2005,22.83286
Bhutan,BTN,2008,15.10491
Bhutan,BTN,2009,12.84471
Bhutan,BTN,2010,10.29552
Bhutan,BTN,2011,11.38751
Bhutan,BTN,2013,15.68695
Bhutan,BTN,2014,17.45414
Bhutan,BTN,2015,25.34507
Bhutan,BTN,2016,24.36862
Bhutan,BTN,2017,23.04473
Bhutan,BTN,2018,21.85482
Bhutan,BTN,2019,18.086035
Bhutan,BTN,2020,16.255138
Bhutan,BTN,2021,16.902296
Bhutan,BTN,2022,22.106436
Bhutan,BTN,2023,19.19111
Bhutan,BTN,2024,17.175753
Bhutan,BTN,2025,22.216583
Bolivia,BOL,2006,21.56677
Bolivia,BOL,2007,20.5819
Bolivia,BOL,2008,19.02748
Bolivia,BOL,2009,22.81318
Bolivia,BOL,2010,22.13942
Bolivia,BOL,2011,18.24454
Bolivia,BOL,2012,18.39157
Bolivia,BOL,2013,19.19638
Bolivia,BOL,2014,18.13026
Bolivia,BOL,2015,18.29407
Bolivia,BOL,2016,20.37919
Bolivia,BOL,2017,20.95579
Bolivia,BOL,2018,21.25338
Bolivia,BOL,2019,22.38406
Bolivia,BOL,2020,22.94177
Bolivia,BOL,2021,22.90138
Bolivia,BOL,2022,21.0423
Bolivia,BOL,2023,20.39963
Bolivia,BOL,2024,20.16016
Bosnia and Herzegovina,BIH,2016,10.2874
Bosnia and Herzegovina,BIH,2018,9.63079
Bosnia and Herzegovina,BIH,2019,10.13315
Bosnia and Herzegovina,BIH,2021,10.17688
Botswana,BWA,1983,14.22157
Botswana,BWA,1984,15.38491
Botswana,BWA,1985,15.2745
Botswana,BWA,1986,15.36187
Botswana,BWA,1987,16.55584
Botswana,BWA,1988,15.88075
Botswana,BWA,1990,16.36691
Botswana,BWA,1992,16.16987
Botswana,BWA,2005,25.82353
Botswana,BWA,2007,26.50779
Botswana,BWA,2009,20.4774
Botswana,BWA,2010,23.550528
Botswana,BWA,2011,24.1945
Botswana,BWA,2012,21.67182
Botswana,BWA,2013,20.91292
Botswana,BWA,2014,22.660126
Botswana,BWA,2015,23.053553
Botswana,BWA,2016,22.004292
Botswana,BWA,2017,22.816263
Botswana,BWA,2018,22.561066
Botswana,BWA,2019,22.342001
Botswana,BWA,2020,21.465088
Brazil,BRA,2001,9.65944
Brazil,BRA,2002,8.42879
Brazil,BRA,2004,10.01617
Brazil,BRA,2005,10.69752
Brazil,BRA,2006,11.44333
Brazil,BRA,2007,12.32725
Brazil,BRA,2008,13.19997
Brazil,BRA,2009,13.47807
Brazil,BRA,2010,14.29501
Brazil,BRA,2011,14.57407
Brazil,BRA,2012,14.89487
Brazil,BRA,2013,14.67779
Brazil,BRA,2014,14.35914
Brazil,BRA,2015,13.51146
Brazil,BRA,2016,13.87611
Brazil,BRA,2017,14.26831
Brazil,BRA,2018,13.78094
Brazil,BRA,2019,13.85472
Brazil,BRA,2020,12.49825
Brazil,BRA,2021,13.61616
Brazil,BRA,2022,12.93401
British Virgin Islands,VGB,2012,12.058773
British Virgin Islands,VGB,2013,15.734276
British Virgin Islands,VGB,2014,14.709442
British Virgin Islands,VGB,2015,13.263982
British Virgin Islands,VGB,2016,12.864909
British Virgin Islands,VGB,2017,12.640893
British Virgin Islands,VGB,2018,10.217998
British Virgin Islands,VGB,2019,17.201448
British Virgin Islands,VGB,2020,11.863714
British Virgin Islands,VGB,2021,10.846068
British Virgin Islands,VGB,2022,12.200166
British Virgin Islands,VGB,2023,11.085303
British Virgin Islands,VGB,2024,10.860028
British Virgin Islands,VGB,2025,13.591186
Brunei,BRN,1981,13.07099
Brunei,BRN,1982,11.23897
Brunei,BRN,1987,9.58601
Brunei,BRN,1988,11.84343
Brunei,BRN,1989,10.06579
Brunei,BRN,1990,8.71027
Brunei,BRN,1991,8.22682
Brunei,BRN,1992,9.18063
Brunei,BRN,1993,9.276
Brunei,BRN,1998,8.76089
Brunei,BRN,1999,8.89343
Brunei,BRN,2000,8.92074
Brunei,BRN,2010,5.30208
Brunei,BRN,2011,9.18219
Brunei,BRN,2012,9.72642
Brunei,BRN,2014,9.9846
Brunei,BRN,2016,11.44195
Bulgaria,BGR,1998,8.95102
Bulgaria,BGR,2001,9.27774
Bulgaria,BGR,2002,9.65432
Bulgaria,BGR,2003,11.18025
Bulgaria,BGR,2004,12.27918
Bulgaria,BGR,2005,12.07252
Bulgaria,BGR,2006,12.01048
Bulgaria,BGR,2007,11.11392
Bulgaria,BGR,2008,12.61226
Bulgaria,BGR,2009,12.65675
Bulgaria,BGR,2010,11.16342
Bulgaria,BGR,2011,11.10005
Bulgaria,BGR,2012,10.69092
Bulgaria,BGR,2013,11.4398
Bulgaria,BGR,2014,11.31035
Bulgaria,BGR,2015,10.40634
Bulgaria,BGR,2016,11.65582
Bulgaria,BGR,2017,12.73095
Bulgaria,BGR,2018,11.79003
Bulgaria,BGR,2019,11.70671
Bulgaria,BGR,2020,11.915
Bulgaria,BGR,2021,12.25271
Bulgaria,BGR,2022,11.98185
Burkina Faso,BFA,1988,7.21282
Burkina Faso,BFA,1994,19.94968
Burkina Faso,BFA,1996,7.34018
Burkina Faso,BFA,2005,19.49419
Burkina Faso,BFA,2006,18.2017
Burkina Faso,BFA,2007,17.86382
Burkina Faso,BFA,2010,16.17282
Burkina Faso,BFA,2011,19.50061
Burkina Faso,BFA,2012,15.89538
Burkina Faso,BFA,2013,16.16528
Burkina Faso,BFA,2014,19.36811
Burkina Faso,BFA,2015,18.02708
Burkina Faso,BFA,2017,21.444
Burkina Faso,BFA,2018,22.66117
Burkina Faso,BFA,2019,21.65662
Burkina Faso,BFA,2020,20.992458
Burkina Faso,BFA,2021,21.392466
Burkina Faso,BFA,2022,21.958097
Burkina Faso,BFA,2023,20.297197
Burundi,BDI,1991,18.86403
Burundi,BDI,1992,18.12272
Burundi,BDI,1994,16.75644
Burundi,BDI,1995,23.79244
Burundi,BDI,1996,16.7136
Burundi,BDI,1999,13.51864
Burundi,BDI,2000,10.73526
Burundi,BDI,2001,11.43313
Burundi,BDI,2002,12.48608
Burundi,BDI,2004,9.17908
Burundi,BDI,2005,10.95927
Burundi,BDI,2008,12.61554
Burundi,BDI,2009,16.30169
Burundi,BDI,2010,16.5881
Burundi,BDI,2011,14.9793
Burundi,BDI,2012,16.42832
Burundi,BDI,2013,17.24326
Burundi,BDI,2014,23.84
Burundi,BDI,2015,27.49724
Burundi,BDI,2016,20.78461
Burundi,BDI,2017,19.76485
Burundi,BDI,2018,19.51926
Burundi,BDI,2019,21.222166
Burundi,BDI,2020,20.741953
Burundi,BDI,2021,20.43854
Burundi,BDI,2022,20.637083
Burundi,BDI,2025,10.29074
Cambodia,KHM,1998,9.392
Cambodia,KHM,2000,11.07901
Cambodia,KHM,2001,11.38079
Cambodia,KHM,2002,10.13757
Cambodia,KHM,2004,12.40431
Cambodia,KHM,2007,11.10351
Cambodia,KHM,2009,8.16524
Cambodia,KHM,2010,7.33747
Cambodia,KHM,2011,7.3354
Cambodia,KHM,2012,7.19985
Cambodia,KHM,2013,9.59707
Cambodia,KHM,2014,8.7916
Cambodia,KHM,2018,9.97501
Cambodia,KHM,2019,12.131106
Cambodia,KHM,2020,11.068772
Cambodia,KHM,2021,9.3496
Cambodia,KHM,2022,11.674281
Cambodia,KHM,2023,12.014385
Cambodia,KHM,2024,11.2339325
Cambodia,KHM,2025,11.551247
Cameroon,CMR,2000,11.6837
Cameroon,CMR,2001,15.73331
Cameroon,CMR,2003,21.44202
Cameroon,CMR,2004,20.84712
Cameroon,CMR,2005,21.37761
Cameroon,CMR,2006,20.31266
Cameroon,CMR,2007,21.37934
Cameroon,CMR,2008,15.70061
Cameroon,CMR,2009,19.77979
Cameroon,CMR,2010,18.75389
Cameroon,CMR,2011,14.86777
Cameroon,CMR,2012,15.17622
Cameroon,CMR,2013,13.82495
Cameroon,CMR,2014,12.87976
Cameroon,CMR,2015,13.24399
Cameroon,CMR,2016,12.69469
Cameroon,CMR,2017,15.91281
Cameroon,CMR,2018,16.88316
Cameroon,CMR,2019,14.178699
Cameroon,CMR,2020,14.451122
Cameroon,CMR,2021,15.047904
Cameroon,CMR,2022,12.766975
Cameroon,CMR,2023,13.082952
Cameroon,CMR,2024,13.830377
Canada,CAN,1981,15.5789
Canada,CAN,1982,15.53181
Canada,CAN,1983,14.77497
Canada,CAN,1984,14.0908
Canada,CAN,1985,13.23688
Canada,CAN,1986,12.6832
Canada,CAN,1987,13.45583
Canada,CAN,1988,13.53854
Canada,CAN,1989,13.56977
Canada,CAN,1990,13.19062
Canada,CAN,1991,14.2638
Canada,CAN,1992,13.11614
Canada,CAN,1993,14.62348
Canada,CAN,1994,12.93443
Canada,CAN,1995,12.86363
Canada,CAN,1998,12.63958
Canada,CAN,1999,12.74188
Canada,CAN,2000,12.9826
Canada,CAN,2001,12.21224
Canada,CAN,2002,12.1479
Canada,CAN,2005,12.17807
Canada,CAN,2007,12.32856
Canada,CAN,2008,12.00996
Canada,CAN,2009,12.48364
Canada,CAN,2010,12.33596
Canada,CAN,2011,12.21914
Canada,CAN,2013,11.21291
Canada,CAN,2014,12.12088
Canada,CAN,2015,12.35162
Canada,CAN,2016,12.0355
Canada,CAN,2017,12.17074
Canada,CAN,2018,12.08487
Canada,CAN,2019,11.73794
Canada,CAN,2020,12.04235
Canada,CAN,2021,9.06872
Canada,CAN,2022,10.65356
Cape Verde,CPV,1998,17.25592
Cape Verde,CPV,1999,16.76194
Cape Verde,CPV,2002,19.76623
Cape Verde,CPV,2004,20.84048
Cape Verde,CPV,2006,17.54058
Cape Verde,CPV,2007,18.32875
Cape Verde,CPV,2008,18.24099
Cape Verde,CPV,2009,15.88655
Cape Verde,CPV,2010,14.2169
Cape Verde,CPV,2011,15.15328
Cape Verde,CPV,2012,16.121675
Cape Verde,CPV,2013,14.77823
Cape Verde,CPV,2014,16.28219
Cape Verde,CPV,2015,16.74823
Cape Verde,CPV,2016,17.84301
Cape Verde,CPV,2017,16.41258
Cape Verde,CPV,2018,17.56854
Cape Verde,CPV,2019,15.1537
Cape Verde,CPV,2020,17.090187
Cape Verde,CPV,2021,15.112982
Cape Verde,CPV,2022,15.693604
Cape Verde,CPV,2023,14.704723
Cape Verde,CPV,2024,13.408856
Cayman Islands,CYM,2018,14.9241705
Cayman Islands,CYM,2019,14.958158
Central African Republic,CAF,1990,11.14008
Central African Republic,CAF,1991,9.92337
Central African Republic,CAF,1999,8.94932
Central African Republic,CAF,2000,9.93077
Central African Republic,CAF,2002,9.19987
Central African Republic,CAF,2003,12.01258
Central African Republic,CAF,2004,12.04713
Central African Republic,CAF,2005,9.6665
Central African Republic,CAF,2006,10.05424
Central African Republic,CAF,2007,9.86948
Central African Republic,CAF,2008,7.86
Central African Republic,CAF,2009,7.84172
Central African Republic,CAF,2010,6.47538
Central African Republic,CAF,2011,7.82546
Central African Republic,CAF,2012,10.6165695
Central African Republic,CAF,2013,8.083444
Central African Republic,CAF,2014,9.387188
Central African Republic,CAF,2015,8.386742
Central African Republic,CAF,2016,7.319022
Central African Republic,CAF,2017,8.89505
Central African Republic,CAF,2018,9.135496
Central African Republic,CAF,2019,9.797812
Central African Republic,CAF,2020,9.782443
Central African Republic,CAF,2021,9.088692
Central African Republic,CAF,2022,10.742052
Central African Republic,CAF,2023,9.993928
Central and Southern Asia (SDG),,2000,13.322121
Central and Southern Asia (SDG),,2001,13.86426
Central and Southern Asia (SDG),,2002,15.14647
Central and Southern Asia (SDG),,2003,14.75948
Central and Southern Asia (SDG),,2004,15.95312
Central and Southern Asia (SDG),,2005,15.33973
Central and Southern Asia (SDG),,2006,15.84657
Central and Southern Asia (SDG),,2007,16.82249
Central and Southern Asia (SDG),,2008,15.10491
Central and Southern Asia (SDG),,2009,13.389645
Central and Southern Asia (SDG),,2010,14.761035
Central and Southern Asia (SDG),,2011,16.12812
Central and Southern Asia (SDG),,2012,15.74512
Central and Southern Asia (SDG),,2013,16.505123
Central and Southern Asia (SDG),,2014,15.900902
Central and Southern Asia (SDG),,2015,15.70449
Central and Southern Asia (SDG),,2016,16.979641
Central and Southern Asia (SDG),,2017,16.043955
Central and Southern Asia (SDG),,2018,15.775002
Central and Southern Asia (SDG),,2019,15.2425995
Central and Southern Asia (SDG),,2020,16.123875
Central and Southern Asia (SDG),,2021,15.059313
Central and Southern Asia (SDG),,2022,17.004372
Central and Southern Asia (SDG),,2023,16.443428
Central and Southern Asia (SDG),,2024,16.418566
Chad,TCD,1997,12.89866
Chad,TCD,1998,11.07153
Chad,TCD,1999,17.05998
Chad,TCD,2000,12.84449
Chad,TCD,2001,13.78685
Chad,TCD,2004,11.0319
Chad,TCD,2005,14.67282
Chad,TCD,2009,8.82818
Chad,TCD,2010,8.11928
Chad,TCD,2011,10.08326
Chad,TCD,2012,9.21241
Chad,TCD,2013,12.46146
Chad,TCD,2017,16.36275
Chad,TCD,2019,14.21379
Chad,TCD,2020,11.671506
Chad,TCD,2021,15.44771
Chad,TCD,2022,16.72261
Chad,TCD,2023,16.484354
Chile,CHL,1993,13.51883
Chile,CHL,1994,14.13242
Chile,CHL,1995,15.02462
Chile,CHL,1996,15.75999
Chile,CHL,1997,14.50414
Chile,CHL,1998,15.17037
Chile,CHL,1999,15.65222
Chile,CHL,2000,16.42791
Chile,CHL,2002,17.4506
Chile,CHL,2003,17.63722
Chile,CHL,2004,17.02105
Chile,CHL,2005,16.19909
Chile,CHL,2006,16.23128
Chile,CHL,2007,16.74641
Chile,CHL,2008,17.40113
Chile,CHL,2009,17.03561
Chile,CHL,2010,17.85331
Chile,CHL,2011,17.74757
Chile,CHL,2013,19.67765
Chile,CHL,2014,19.92101
Chile,CHL,2015,19.59371
Chile,CHL,2016,21.1556
Chile,CHL,2017,21.31124
Chile,CHL,2018,21.36607
Chile,CHL,2019,21.23363
Chile,CHL,2020,19.35459
Chile,CHL,2021,14.88085
Chile,CHL,2022,18.37988
China,CHN,1983,9.56325
China,CHN,1984,9.76224
China,CHN,1985,10.68738
China,CHN,1986,10.43901
China,CHN,1987,9.46158
China,CHN,1988,10.74394
China,CHN,1992,12.29053
China,CHN,1993,14.77395
China,CHN,1994,20.06494
China,CHN,1995,18.71717
China,CHN,1996,19.50534
China,CHN,1998,14.55141
China,CHN,1999,12.63156
China,CHN,2023,11.90558
Colombia,COL,1984,18.09229
Colombia,COL,1985,16.40752
Colombia,COL,1989,17.22545
Colombia,COL,1998,12.47536
Colombia,COL,1999,13.15193
Comoros,COM,1998,17.13507
Comoros,COM,2002,15.78972
Comoros,COM,2008,29.23312
Comoros,COM,2011,21.41487
Comoros,COM,2012,18.49151
Comoros,COM,2013,16.07073
Comoros,COM,2014,18.89289
Comoros,COM,2015,13.35365
Comoros,COM,2020,11.475965
Comoros,COM,2021,10.2856865
Comoros,COM,2022,10.476023
Comoros,COM,2023,11.026083
Comoros,COM,2024,9.933377
Comoros,COM,2025,11.524987
Congo,COG,1994,22.41247
Congo,COG,1995,14.70778
Congo,COG,1998,14.12653
Congo,COG,2002,9.05485
Congo,COG,2003,9.51995
Congo,COG,2004,8.56181
Congo,COG,2005,7.59782
Congo,COG,2010,24.72778
Congo,COG,2011,6.493709
Congo,COG,2013,14.724898
Congo,COG,2014,6.55592
Congo,COG,2015,7.9504
Congo,COG,2016,8.709631
Congo,COG,2017,15.68577
Congo,COG,2018,15.5829
Congo,COG,2019,17.007421
Congo,COG,2020,17.00914
Congo,COG,2021,16.561005
Congo,COG,2022,15.509501
Congo,COG,2023,14.729153
Cook Islands,COK,1999,5.2464
Cook Islands,COK,2000,6.69466
Cook Islands,COK,2011,9.64264
Cook Islands,COK,2012,8.30885
Cook Islands,COK,2013,8.80885
Cook Islands,COK,2014,11.55289
Cook Islands,COK,2015,10.161819
Cook Islands,COK,2016,11.170176
Cook Islands,COK,2017,9.2048
Cook Islands,COK,2018,11.99343
Cook Islands,COK,2019,10.977598
Cook Islands,COK,2020,7.931153
Cook Islands,COK,2021,7.5083714
Cook Islands,COK,2022,8.881371
Cook Islands,COK,2023,8.881371
Cook Islands,COK,2024,11.745171
Cook Islands,COK,2025,9.21831
Costa Rica,CRI,1986,30.32237
Costa Rica,CRI,1988,18.36396
Costa Rica,CRI,1989,17.65909
Costa Rica,CRI,1995,16.74369
Costa Rica,CRI,1996,19.11466
Costa Rica,CRI,1999,21.92369
Costa Rica,CRI,2000,18.81951
Costa Rica,CRI,2001,19.15282
Costa Rica,CRI,2002,19.2405
Costa Rica,CRI,2003,20.15172
Costa Rica,CRI,2004,20.43089
Costa Rica,CRI,2006,20.64334
Costa Rica,CRI,2007,21.02189
Costa Rica,CRI,2008,20.81096
Costa Rica,CRI,2009,23.40822
Costa Rica,CRI,2010,22.88089
Costa Rica,CRI,2011,23.00962
Costa Rica,CRI,2012,23.50156
Costa Rica,CRI,2013,22.83091
Costa Rica,CRI,2014,23.10953
Costa Rica,CRI,2015,23.37343
Costa Rica,CRI,2016,23.4232
Costa Rica,CRI,2017,30.15142
Costa Rica,CRI,2018,26.08667
Costa Rica,CRI,2019,32.59158
Costa Rica,CRI,2020,30.08221
Costa Rica,CRI,2021,31.16662
Costa Rica,CRI,2022,21.58196
Costa Rica,CRI,2023,20.37883
Cote d'Ivoire,CIV,1999,21.67118
Cote d'Ivoire,CIV,2000,20.80695
Cote d'Ivoire,CIV,2001,23.20203
Cote d'Ivoire,CIV,2002,22.5923
Cote d'Ivoire,CIV,2003,22.64823
Cote d'Ivoire,CIV,2004,22.10716
Cote d'Ivoire,CIV,2005,21.84569
Cote d'Ivoire,CIV,2006,20.01789
Cote d'Ivoire,CIV,2007,20.75588
Cote d'Ivoire,CIV,2008,21.52691
Cote d'Ivoire,CIV,2009,22.18956
Cote d'Ivoire,CIV,2010,22.77275
Cote d'Ivoire,CIV,2011,22.42686
Cote d'Ivoire,CIV,2012,20.85876
Cote d'Ivoire,CIV,2013,21.57473
Cote d'Ivoire,CIV,2014,21.76678
Cote d'Ivoire,CIV,2015,21.17322
Cote d'Ivoire,CIV,2016,22.3876
Cote d'Ivoire,CIV,2017,20.6335
Cote d'Ivoire,CIV,2018,18.2889
Cote d'Ivoire,CIV,2019,19.84607
Cote d'Ivoire,CIV,2020,18.59025
Cote d'Ivoire,CIV,2021,16.26628
Cote d'Ivoire,CIV,2022,15.90301
Cote d'Ivoire,CIV,2023,15.94646
Cote d'Ivoire,CIV,2024,17.62277
Croatia,HRV,2002,7.77331
Croatia,HRV,2003,7.7953
Croatia,HRV,2004,7.80252
Croatia,HRV,2007,8.56842
Croatia,HRV,2008,9.2482
Croatia,HRV,2009,8.86186
Croatia,HRV,2010,8.73969
Croatia,HRV,2011,8.45288
Croatia,HRV,2013,9.39711
Croatia,HRV,2017,8.78876
Croatia,HRV,2018,8.73955
Croatia,HRV,2019,8.90884
Croatia,HRV,2020,8.21537
Croatia,HRV,2021,8.50408
Cuba,CUB,2012,16.47883
Cuba,CUB,2013,16.519653
Cuba,CUB,2014,15.801738
Cuba,CUB,2015,15.263568
Cuba,CUB,2016,14.937566
Cuba,CUB,2017,13.564914
Cuba,CUB,2018,12.659974
Cuba,CUB,2019,14.225944
Cuba,CUB,2020,16.6611
Cuba,CUB,2021,15.96663
Cuba,CUB,2022,16.959965
Curacao,CUW,2010,25.715452
Curacao,CUW,2011,16.576714
Curacao,CUW,2012,16.147598
Curacao,CUW,2013,18.331781
Curacao,CUW,2014,18.050213
Curacao,CUW,2015,17.171362
Curacao,CUW,2016,11.777556
Curacao,CUW,2017,16.165955
Curacao,CUW,2018,16.98187
Curacao,CUW,2019,17.029335
Curacao,CUW,2020,13.7589445
Curacao,CUW,2021,14.270619
Curacao,CUW,2022,11.88025
Curacao,CUW,2023,16.234453
Curacao,CUW,2024,16.437708
Cyprus,CYP,1999,13.90412
Cyprus,CYP,2000,14.26831
Cyprus,CYP,2001,14.32157
Cyprus,CYP,2002,14.91421
Cyprus,CYP,2003,16.51523
Cyprus,CYP,2004,15.83298
Cyprus,CYP,2005,15.83936
Cyprus,CYP,2006,16.17962
Cyprus,CYP,2007,16.72048
Cyprus,CYP,2008,17.59075
Cyprus,CYP,2009,17.20125
Cyprus,CYP,2010,15.64949
Cyprus,CYP,2011,15.49765
Cyprus,CYP,2013,15.36213
Cyprus,CYP,2014,12.3348
Cyprus,CYP,2015,14.65875
Cyprus,CYP,2016,15.43843
Cyprus,CYP,2017,14.82941
Cyprus,CYP,2019,12.82557
Cyprus,CYP,2020,12.11332
Cyprus,CYP,2021,11.92159
Cyprus,CYP,2022,12.48295
Czechia,CZE,1996,9.14361
Czechia,CZE,1998,8.55106
Czechia,CZE,1999,8.91384
Czechia,CZE,2000,8.91774
Czechia,CZE,2001,8.61889
Czechia,CZE,2002,8.86462
Czechia,CZE,2003,8.38221
Czechia,CZE,2004,9.4329
Czechia,CZE,2005,9.12421
Czechia,CZE,2006,10.11928
Czechia,CZE,2007,9.51356
Czechia,CZE,2008,9.11994
Czechia,CZE,2009,9.34697
Czechia,CZE,2010,9.2448
Czechia,CZE,2011,9.82246
Czechia,CZE,2012,9.44486
Czechia,CZE,2013,9.48827
Czechia,CZE,2014,9.30324
Czechia,CZE,2015,13.71592
Czechia,CZE,2016,13.97049
Czechia,CZE,2017,9.76345
Czechia,CZE,2018,10.50821
Czechia,CZE,2019,11.06537
Czechia,CZE,2020,9.9995
Czechia,CZE,2021,10.33136
Czechia,CZE,2022,10.00936
Democratic Republic of Congo,COD,2010,9.57841
Democratic Republic of Congo,COD,2013,16.1748
Democratic Republic of Congo,COD,2014,13.35221
Democratic Republic of Congo,COD,2015,14.8507
Democratic Republic of Congo,COD,2016,14.22934
Democratic Republic of Congo,COD,2017,13.14777
Denmark,DNK,1986,11.48661
Denmark,DNK,1987,12.37473
Denmark,DNK,1988,12.38695
Denmark,DNK,1989,11.16669
Denmark,DNK,1991,10.58329
Denmark,DNK,1993,13.85169
Denmark,DNK,1994,13.44826
Denmark,DNK,1995,13.11679
Denmark,DNK,1996,14.10178
Denmark,DNK,1998,14.58955
Denmark,DNK,1999,14.51457
Denmark,DNK,2000,15.3019
Denmark,DNK,2001,15.49321
Denmark,DNK,2002,15.45449
Denmark,DNK,2003,15.15821
Denmark,DNK,2004,15.50995
Denmark,DNK,2005,15.79619
Denmark,DNK,2006,15.52223
Denmark,DNK,2007,15.36106
Denmark,DNK,2008,14.8002
Denmark,DNK,2009,14.93513
Denmark,DNK,2010,15.12911
Denmark,DNK,2011,15.05975
Denmark,DNK,2012,12.51297
Denmark,DNK,2013,15.23679
Denmark,DNK,2014,13.86225
Denmark,DNK,2016,14.73752
Denmark,DNK,2017,14.56485
Denmark,DNK,2018,14.43713
Denmark,DNK,2019,14.60803
Denmark,DNK,2020,13.84665
Denmark,DNK,2021,14.07895
Denmark,DNK,2022,14.16076
Djibouti,DJI,1999,22.89607
Djibouti,DJI,2000,29.38595
Djibouti,DJI,2001,26.28002
Djibouti,DJI,2002,25.48931
Djibouti,DJI,2003,24.27149
Djibouti,DJI,2004,24.70114
Djibouti,DJI,2005,22.71505
Djibouti,DJI,2006,24.70796
Djibouti,DJI,2007,22.52744
Djibouti,DJI,2010,12.3284
Djibouti,DJI,2015,8.57644
Djibouti,DJI,2016,15.15959
Djibouti,DJI,2017,15.64372
Djibouti,DJI,2018,14.47415
Dominica,DMA,1998,17.1116
Dominica,DMA,1999,11.41962
Dominica,DMA,2015,10.20801
Dominica,DMA,2016,12.6981
Dominica,DMA,2017,9.749303
Dominica,DMA,2018,8.445836
Dominica,DMA,2019,8.2983
Dominica,DMA,2020,10.66617
Dominica,DMA,2021,7.7673273
Dominica,DMA,2022,9.356605
Dominica,DMA,2023,6.412837
Dominica,DMA,2024,7.090665
Dominica,DMA,2025,5.795215
Dominican Republic,DOM,2000,13.39904
Dominican Republic,DOM,2001,13.21448
Dominican Republic,DOM,2002,11.61762
Dominican Republic,DOM,2003,10.70979
Dominican Republic,DOM,2007,12.54105
Dominican Republic,DOM,2010,9.875718
Dominican Republic,DOM,2011,10.63718
Dominican Republic,DOM,2013,21.707306
Dominican Republic,DOM,2014,21.544603
Dominican Republic,DOM,2015,22.31357
Dominican Republic,DOM,2016,21.945202
Dominican Republic,DOM,2017,22.343601
Dominican Republic,DOM,2018,22.155468
Dominican Republic,DOM,2019,22.341507
Dominican Republic,DOM,2020,20.634043
Dominican Republic,DOM,2021,19.594177
Dominican Republic,DOM,2022,19.260027
Dominican Republic,DOM,2023,20.557983
Dominican Republic,DOM,2024,21.863697
Dominican Republic,DOM,2025,20.874878
East Timor,TLS,2008,7.09054
East Timor,TLS,2009,10.58612
East Timor,TLS,2010,9.15421
East Timor,TLS,2011,7.6509
East Timor,TLS,2012,5.53769
East Timor,TLS,2013,5.89318
East Timor,TLS,2014,6.77287
East Timor,TLS,2015,8.63697
East Timor,TLS,2016,7.24691
East Timor,TLS,2017,8.21769
East Timor,TLS,2018,8.00563
East Timor,TLS,2019,6.8696923
East Timor,TLS,2020,6.956637
East Timor,TLS,2021,7.47077
East Timor,TLS,2024,6.2751403
East Timor,TLS,2025,4.330967
Eastern and South-Eastern Asia (SDG),,2000,15.20676
Eastern and South-Eastern Asia (SDG),,2001,13.91591
Eastern and South-Eastern Asia (SDG),,2002,15.26266
Eastern and South-Eastern Asia (SDG),,2004,14.1703
Eastern and South-Eastern Asia (SDG),,2007,14.93992
Eastern and South-Eastern Asia (SDG),,2008,13.67475
Eastern and South-Eastern Asia (SDG),,2009,14.51142
Eastern and South-Eastern Asia (SDG),,2010,13.961149
Eastern and South-Eastern Asia (SDG),,2011,13.324709
Eastern and South-Eastern Asia (SDG),,2012,14.40723
Eastern and South-Eastern Asia (SDG),,2013,14.565662
Eastern and South-Eastern Asia (SDG),,2014,14.6681
Eastern and South-Eastern Asia (SDG),,2015,14.091636
Eastern and South-Eastern Asia (SDG),,2016,13.768116
Eastern and South-Eastern Asia (SDG),,2017,14.10257
Eastern and South-Eastern Asia (SDG),,2018,14.972015
Eastern and South-Eastern Asia (SDG),,2019,15.034072
Eastern and South-Eastern Asia (SDG),,2020,14.16966
Eastern and South-Eastern Asia (SDG),,2021,11.5062065
Eastern and South-Eastern Asia (SDG),,2022,12.2679
Eastern and South-Eastern Asia (SDG),,2023,12.141143
Eastern and South-Eastern Asia (SDG),,2024,12.564508
Ecuador,ECU,1998,10.84614
Ecuador,ECU,1999,6.66582
Ecuador,ECU,2000,4.9573
Ecuador,ECU,2009,13.17257
Ecuador,ECU,2010,12.99656
Ecuador,ECU,2011,11.97611
Ecuador,ECU,2012,10.77889
Ecuador,ECU,2013,10.54977
Ecuador,ECU,2014,11.34291
Ecuador,ECU,2015,11.58062
Ecuador,ECU,2019,10.68029
Ecuador,ECU,2020,10.59955
Ecuador,ECU,2021,9.76185
Ecuador,ECU,2022,9.29923
Ecuador,ECU,2023,9.68135
Ecuador,ECU,2024,9.69405
Ecuador,ECU,2025,15.487447
Egypt,EGY,2003,15.3519
Egypt,EGY,2004,14.74871
Egypt,EGY,2005,15.04361
Egypt,EGY,2006,11.01859
Egypt,EGY,2007,11.20964
Egypt,EGY,2008,10.9418
El Salvador,SLV,1999,13.04333
El Salvador,SLV,2000,13.54397
El Salvador,SLV,2002,14.40475
El Salvador,SLV,2003,13.85227
El Salvador,SLV,2005,14.16685
El Salvador,SLV,2006,14.91919
El Salvador,SLV,2007,15.81505
El Salvador,SLV,2008,18.16252
El Salvador,SLV,2009,17.95026
El Salvador,SLV,2010,15.81841
El Salvador,SLV,2011,15.42368
El Salvador,SLV,2012,13.55786
El Salvador,SLV,2013,13.3416
El Salvador,SLV,2014,13.85076
El Salvador,SLV,2015,14.42251
El Salvador,SLV,2016,13.93017
El Salvador,SLV,2017,13.26113
El Salvador,SLV,2018,13.06205
El Salvador,SLV,2019,12.19194
El Salvador,SLV,2020,11.1943
El Salvador,SLV,2021,11.50807
El Salvador,SLV,2022,11.40428
El Salvador,SLV,2023,10.44164
El Salvador,SLV,2024,10.57559
El Salvador,SLV,2025,15.892596
Equatorial Guinea,GNQ,1998,5.24814
Eritrea,ERI,1996,2.91513
Eritrea,ERI,1998,6.25092
Eritrea,ERI,1999,5.56554
Eritrea,ERI,2001,8.78494
Eritrea,ERI,2002,7.58101
Eritrea,ERI,2004,7.1314
Eritrea,ERI,2006,5.44516
Estonia,EST,1996,19.70109
Estonia,EST,1997,17.70502
Estonia,EST,1998,16.02975
Estonia,EST,1999,16.36456
Estonia,EST,2000,14.68504
Estonia,EST,2001,14.82615
Estonia,EST,2002,15.15063
Estonia,EST,2003,15.03922
Estonia,EST,2004,14.30608
Estonia,EST,2005,14.26515
Estonia,EST,2007,13.65026
Estonia,EST,2008,13.86493
Estonia,EST,2009,12.9281
Estonia,EST,2010,13.55864
Estonia,EST,2011,13.27638
Estonia,EST,2012,11.86329
Estonia,EST,2013,12.47807
Estonia,EST,2014,11.51917
Estonia,EST,2015,12.86756
Estonia,EST,2016,12.99442
Estonia,EST,2017,12.51416
Estonia,EST,2018,13.23888
Estonia,EST,2019,13.20111
Estonia,EST,2020,12.16341
Estonia,EST,2021,12.38946
Estonia,EST,2022,13.02919
Eswatini,SWZ,1981,23.75299
Eswatini,SWZ,1982,20.37892
Eswatini,SWZ,1987,20.46323
Eswatini,SWZ,1988,21.77708
Eswatini,SWZ,1989,25.08986
Eswatini,SWZ,1990,23.47705
Eswatini,SWZ,1994,20.03243
Eswatini,SWZ,1995,20.65968
Eswatini,SWZ,1996,21.84551
Eswatini,SWZ,1999,20.4332
Eswatini,SWZ,2000,18.74508
Eswatini,SWZ,2001,19.65618
Eswatini,SWZ,2002,17.29377
Eswatini,SWZ,2003,22.06382
Eswatini,SWZ,2004,21.10407
Eswatini,SWZ,2005,20.89186
Eswatini,SWZ,2006,22.70757
Eswatini,SWZ,2008,21.81324
Eswatini,SWZ,2009,19.38638
Eswatini,SWZ,2010,18.28303
Eswatini,SWZ,2011,22.33393
Eswatini,SWZ,2012,21.43776
Eswatini,SWZ,2013,17.233997
Eswatini,SWZ,2014,24.79544
Eswatini,SWZ,2015,16.415388
Eswatini,SWZ,2016,16.55491
Eswatini,SWZ,2017,18.666275
Eswatini,SWZ,2018,17.221012
Eswatini,SWZ,2019,18.506897
Eswatini,SWZ,2020,15.890539
Eswatini,SWZ,2021,15.34087
Eswatini,SWZ,2022,16.620932
Eswatini,SWZ,2023,16.936388
Eswatini,SWZ,2024,19.354197
Eswatini,SWZ,2025,19.21187
Ethiopia,ETH,1980,12.35554
Ethiopia,ETH,1981,12.48699
Ethiopia,ETH,1982,12.17817
Ethiopia,ETH,1983,9.70132
Ethiopia,ETH,1984,11.82013
Ethiopia,ETH,1985,10.08913
Ethiopia,ETH,1986,10.32175
Ethiopia,ETH,1993,13.26484
Ethiopia,ETH,1996,13.04414
Ethiopia,ETH,1997,14.86992
Ethiopia,ETH,2000,14.90773
Ethiopia,ETH,2001,14.46177
Ethiopia,ETH,2002,16.18775
Ethiopia,ETH,2006,23.97538
Ethiopia,ETH,2007,24.69945
Ethiopia,ETH,2008,26.35573
Ethiopia,ETH,2009,23.58375
Ethiopia,ETH,2010,26.30404
Ethiopia,ETH,2011,29.67443
Ethiopia,ETH,2012,30.53954
Ethiopia,ETH,2013,27.0211
Ethiopia,ETH,2014,25.91838
Ethiopia,ETH,2015,22.34983
Ethiopia,ETH,2016,23.013363
Ethiopia,ETH,2017,23.324171
Ethiopia,ETH,2018,22.991756
Ethiopia,ETH,2019,20.922203
Ethiopia,ETH,2020,22.44772
Ethiopia,ETH,2021,23.562042
Ethiopia,ETH,2022,23.006403
Ethiopia,ETH,2023,18.332617
Ethiopia,ETH,2024,16.695448
Europe and Northern America (SDG),,2000,11.46977
Europe and Northern America (SDG),,2001,11.846745
Europe and Northern America (SDG),,2002,10.850005
Europe and Northern America (SDG),,2003,11.18025
Europe and Northern America (SDG),,2004,11.28462
Europe and Northern America (SDG),,2005,12.011545
Europe and Northern America (SDG),,2006,12.141735
Europe and Northern America (SDG),,2007,11.34833
Europe and Northern America (SDG),,2008,11.387554
Europe and Northern America (SDG),,2009,11.20944
Europe and Northern America (SDG),,2010,11.10497
Europe and Northern America (SDG),,2011,11.033636
Europe and Northern America (SDG),,2012,11.23027
Europe and Northern America (SDG),,2013,11.326355
Europe and Northern America (SDG),,2014,11.399435
Europe and Northern America (SDG),,2015,11.17755
Europe and Northern America (SDG),,2016,11.45519
Europe and Northern America (SDG),,2017,11.42453
Europe and Northern America (SDG),,2018,11.30204
Europe and Northern America (SDG),,2019,11.37759
Europe and Northern America (SDG),,2020,10.56414
Europe and Northern America (SDG),,2021,10.57595
Europe and Northern America (SDG),,2022,10.68212
Fiji,FJI,1998,19.00093
Fiji,FJI,1999,20.53511
Fiji,FJI,2000,21.75859
Fiji,FJI,2001,19.63864
Fiji,FJI,2002,21.03781
Fiji,FJI,2004,23.74915
Fiji,FJI,2005,20.26613
Fiji,FJI,2006,20.84329
Fiji,FJI,2007,23.1704
Fiji,FJI,2008,17.36972
Fiji,FJI,2009,15.85362
Fiji,FJI,2011,15.23479
Fiji,FJI,2012,16.70897
Fiji,FJI,2013,14.30039
Fiji,FJI,2014,16.175575
Fiji,FJI,2015,17.391855
Fiji,FJI,2016,15.169887
Fiji,FJI,2017,16.817186
Fiji,FJI,2018,14.934812
Fiji,FJI,2019,16.8337
Fiji,FJI,2020,16.640139
Fiji,FJI,2021,13.559108
Fiji,FJI,2022,12.646534
Fiji,FJI,2023,14.62911
Fiji,FJI,2024,14.700036
Fiji,FJI,2025,13.787346
Finland,FIN,1981,12.45374
Finland,FIN,1982,12.0561
Finland,FIN,1983,11.65971
Finland,FIN,1984,10.90627
Finland,FIN,1985,11.56015
Finland,FIN,1986,11.10585
Finland,FIN,1987,11.21802
Finland,FIN,1988,11.2561
Finland,FIN,1989,11.45681
Finland,FIN,1990,12.07531
Finland,FIN,1991,12.8586
Finland,FIN,1992,11.4066
Finland,FIN,1993,12.44588
Finland,FIN,1994,11.41804
Finland,FIN,1995,11.90164
Finland,FIN,1996,11.84667
Finland,FIN,1999,11.76006
Finland,FIN,2000,12.17092
Finland,FIN,2001,12.63445
Finland,FIN,2002,12.68253
Finland,FIN,2003,12.77597
Finland,FIN,2004,12.77896
Finland,FIN,2005,12.2497
Finland,FIN,2006,12.28382
Finland,FIN,2007,12.14995
Finland,FIN,2008,12.17859
Finland,FIN,2009,11.94272
Finland,FIN,2010,12.04104
Finland,FIN,2011,11.99326
Finland,FIN,2012,12.87595
Finland,FIN,2013,12.52551
Finland,FIN,2014,12.38754
Finland,FIN,2015,12.68671
Finland,FIN,2016,12.5377
Finland,FIN,2017,12.12551
Finland,FIN,2018,11.99582
Finland,FIN,2019,12.26821
Finland,FIN,2020,11.83517
Finland,FIN,2021,11.94512
Finland,FIN,2022,12.11277
France,FRA,1981,11.50818
France,FRA,1982,11.38776
France,FRA,1983,10.72234
France,FRA,1984,10.17592
France,FRA,1985,9.80785
France,FRA,1986,9.44368
France,FRA,1987,9.17382
France,FRA,1988,9.38372
France,FRA,1989,9.3059
France,FRA,1990,9.45081
France,FRA,1991,9.80934
France,FRA,1992,9.38106
France,FRA,1993,10.23814
France,FRA,1994,10.34669
France,FRA,1995,10.7623
France,FRA,1996,10.59672
France,FRA,1998,10.58136
France,FRA,2017,9.47683
France,FRA,2018,9.62476
France,FRA,2019,9.69627
France,FRA,2020,9.17184
France,FRA,2021,9.11055
France,FRA,2022,9.11748
Gabon,GAB,1992,10.20018
Gabon,GAB,1998,7.05811
Gabon,GAB,1999,11.34816
Gabon,GAB,2000,17.70649
Gabon,GAB,2010,13.33042
Gabon,GAB,2011,13.53408
Gabon,GAB,2012,12.58227
Gabon,GAB,2013,8.73757
Gabon,GAB,2014,11.22549
Gabon,GAB,2015,11.610521
Gabon,GAB,2016,10.301542
Gabon,GAB,2017,15.276671
Gabon,GAB,2018,14.614627
Gabon,GAB,2019,14.074477
Gabon,GAB,2020,15.764165
Gabon,GAB,2021,15.355164
Gabon,GAB,2022,13.803379
Gabon,GAB,2023,13.565824
Gambia,GMB,2000,11.9218
Gambia,GMB,2001,8.20527
Gambia,GMB,2002,10.94752
Gambia,GMB,2003,8.46884
Gambia,GMB,2004,5.02954
Gambia,GMB,2005,5.34417
Gambia,GMB,2006,5.36076
Gambia,GMB,2007,7.2975
Gambia,GMB,2008,18.88171
Gambia,GMB,2009,13.29374
Gambia,GMB,2010,17.61123
Gambia,GMB,2011,15.11833
Gambia,GMB,2012,13.79553
Gambia,GMB,2013,10.58542
Gambia,GMB,2014,11.75232
Gambia,GMB,2015,11.03293
Gambia,GMB,2016,10.44996
Gambia,GMB,2017,15.441137
Gambia,GMB,2018,12.44458
Gambia,GMB,2019,16.852045
Gambia,GMB,2020,14.27606
Gambia,GMB,2021,15.621819
Gambia,GMB,2022,17.125174
Gambia,GMB,2023,18.695549
Gambia,GMB,2024,15.103472
Gambia,GMB,2025,14.211331
Georgia,GEO,1998,10.85143
Georgia,GEO,1999,10.60486
Georgia,GEO,2000,12.54072
Georgia,GEO,2001,12.36196
Georgia,GEO,2002,13.60351
Georgia,GEO,2003,12.49294
Georgia,GEO,2004,15.03676
Georgia,GEO,2005,11.18125
Georgia,GEO,2006,12.89539
Georgia,GEO,2007,9.48665
Georgia,GEO,2008,8.9376
Georgia,GEO,2009,8.99825
Georgia,GEO,2010,8.185358
Georgia,GEO,2011,9.26943
Georgia,GEO,2012,6.70776
Georgia,GEO,2013,9.553534
Georgia,GEO,2014,9.666605
Georgia,GEO,2015,10.129154
Georgia,GEO,2016,12.6662
Georgia,GEO,2017,12.95336
Georgia,GEO,2018,12.9515
Georgia,GEO,2019,13.3579
Georgia,GEO,2020,10.344679
Georgia,GEO,2021,11.52476
Georgia,GEO,2022,13.17226
Georgia,GEO,2023,12.49619
Georgia,GEO,2024,12.206695
Germany,DEU,1993,9.53192
Germany,DEU,1994,9.34333
Germany,DEU,1995,9.45316
Germany,DEU,1996,8.22851
Germany,DEU,1998,9.20352
Germany,DEU,2008,10.07111
Germany,DEU,2010,10.38199
Germany,DEU,2011,10.79155
Germany,DEU,2012,10.71686
Germany,DEU,2013,10.71768
Germany,DEU,2014,10.84513
Germany,DEU,2015,10.69878
Germany,DEU,2016,10.65154
Germany,DEU,2017,10.7218
Germany,DEU,2018,10.92897
Germany,DEU,2019,11.03422
Germany,DEU,2020,10.78825
Germany,DEU,2021,10.57595
Germany,DEU,2022,10.68212
Ghana,GHA,1980,7.64188
Ghana,GHA,1981,7.74814
Ghana,GHA,1982,13.83194
Ghana,GHA,1986,34.3092
Ghana,GHA,1987,24.668
Ghana,GHA,1988,23.93286
Ghana,GHA,1999,14.8927
Ghana,GHA,2001,15.74111
Ghana,GHA,2004,22.37925
Ghana,GHA,2005,23.42996
Ghana,GHA,2006,24.16198
Ghana,GHA,2007,22.31702
Ghana,GHA,2008,24.0375
Ghana,GHA,2009,22.49513
Ghana,GHA,2010,20.69614
Ghana,GHA,2011,30.63431
Ghana,GHA,2012,26.58139
Ghana,GHA,2013,21.22221
Ghana,GHA,2014,20.98514
Ghana,GHA,2015,23.8088
Ghana,GHA,2016,22.09332
Ghana,GHA,2017,20.09764
Ghana,GHA,2018,18.59817
Ghana,GHA,2019,14.271719
Ghana,GHA,2020,13.629475
Ghana,GHA,2021,12.167415
Ghana,GHA,2022,13.179304
Gibraltar,GIB,2010,7.9627705
Gibraltar,GIB,2011,5.9301076
Gibraltar,GIB,2012,4.7200227
Gibraltar,GIB,2013,5.3555355
Gibraltar,GIB,2014,6.239955
Gibraltar,GIB,2015,7.031284
Gibraltar,GIB,2016,8.011709
Gibraltar,GIB,2017,7.6268725
Gibraltar,GIB,2018,7.7599754
Gibraltar,GIB,2019,7.36538
Gibraltar,GIB,2020,7.680572
Gibraltar,GIB,2021,7.1366444
Gibraltar,GIB,2022,7.8207564
Gibraltar,GIB,2023,7.9378724
Gibraltar,GIB,2024,9.481934
Gibraltar,GIB,2025,8.553403
Greece,GRC,1981,8.38179
Greece,GRC,1982,7.66137
Greece,GRC,1983,7.11834
Greece,GRC,1984,7.54852
Greece,GRC,1986,6.48871
Greece,GRC,1987,6.20449
Greece,GRC,1988,6.77641
Greece,GRC,1989,7.18172
Greece,GRC,1990,7.19843
Greece,GRC,1991,6.29203
Greece,GRC,1998,6.40668
Greece,GRC,1999,6.56005
Greece,GRC,2000,6.95777
Greece,GRC,2001,7.31652
Greece,GRC,2002,7.47716
Greece,GRC,2003,7.3604
Greece,GRC,2004,7.70183
Greece,GRC,2005,8.70021
Greece,GRC,2015,7.10144
Greece,GRC,2017,7.14478
Greece,GRC,2018,7.36313
Greece,GRC,2019,7.45939
Greece,GRC,2022,6.39132
Grenada,GRD,2003,10.97464
Grenada,GRD,2010,15.559811
Grenada,GRD,2011,14.720774
Grenada,GRD,2012,10.703118
Grenada,GRD,2014,11.798999
Grenada,GRD,2015,9.9025
Grenada,GRD,2017,14.06164
Grenada,GRD,2018,10.080573
Grenada,GRD,2021,10.059464
Grenada,GRD,2022,9.872723
Grenada,GRD,2023,16.718569
Grenada,GRD,2024,14.519094
Grenada,GRD,2025,11.445218
Guatemala,GTM,1996,18.72338
Guatemala,GTM,2006,20.33845
Guatemala,GTM,2007,21.27816
Guatemala,GTM,2008,23.34816
Guatemala,GTM,2010,19.29692
Guatemala,GTM,2011,20.24641
Guatemala,GTM,2012,21.10514
Guatemala,GTM,2013,20.63795
Guatemala,GTM,2014,21.95939
Guatemala,GTM,2015,24.0855
Guatemala,GTM,2016,23.43475
Guatemala,GTM,2017,23.08805
Guatemala,GTM,2018,23.74954
Guatemala,GTM,2019,23.75538
Guatemala,GTM,2020,21.14117
Guatemala,GTM,2021,22.95527
Guatemala,GTM,2022,22.48453
Guatemala,GTM,2023,22.63916
Guatemala,GTM,2024,22.99367
Guatemala,GTM,2025,17.269676
Guinea,GIN,1991,9.99653
Guinea,GIN,1992,11.53745
Guinea,GIN,1993,11.50567
Guinea,GIN,1999,14.66253
Guinea,GIN,2000,15.23692
Guinea,GIN,2001,10.36992
Guinea,GIN,2002,13.20514
Guinea,GIN,2003,11.64905
Guinea,GIN,2004,12.3494
Guinea,GIN,2005,10.96621
Guinea,GIN,2008,15.69478
Guinea,GIN,2009,13.60393
Guinea,GIN,2010,12.43877
Guinea,GIN,2011,14.27242
Guinea,GIN,2012,9.69552
Guinea,GIN,2013,14.14521
Guinea,GIN,2014,12.07562
Guinea,GIN,2015,11.60954
Guinea,GIN,2016,15.83126
Guinea,GIN,2017,13.43635
Guinea,GIN,2018,14.98084
Guinea,GIN,2019,12.48435
Guinea,GIN,2020,14.3359
Guinea,GIN,2021,11.501668
Guinea,GIN,2022,11.949696
Guinea,GIN,2023,10.026918
Guinea,GIN,2024,9.293803
Guinea,GIN,2025,9.199207
Guinea-Bissau,GNB,1999,16.7431
Guinea-Bissau,GNB,2010,9.06924
Guinea-Bissau,GNB,2011,10.19974
Guinea-Bissau,GNB,2012,14.5398
Guinea-Bissau,GNB,2013,16.19138
Guyana,GUY,1999,22.6878
Guyana,GUY,2000,17.65684
Guyana,GUY,2001,16.55556
Guyana,GUY,2002,16.90001
Guyana,GUY,2003,13.81456
Guyana,GUY,2004,11.08074
Guyana,GUY,2005,13.82344
Guyana,GUY,2006,13.48169
Guyana,GUY,2007,11.52616
Guyana,GUY,2009,10.33821
Guyana,GUY,2010,11.96581
Guyana,GUY,2011,11.8229
Guyana,GUY,2012,10.25959
Guyana,GUY,2014,18.87752
Guyana,GUY,2015,17.91942
Guyana,GUY,2016,18.81354
Guyana,GUY,2017,17.73406
Guyana,GUY,2018,16.15208
Guyana,GUY,2025,7.236436
Haiti,HTI,2014,11.98415
Haiti,HTI,2015,14.56778
Haiti,HTI,2016,13.23317
Haiti,HTI,2017,14.69502
Haiti,HTI,2018,14.49097
Haiti,HTI,2019,12.8616705
Haiti,HTI,2020,10.004109
Haiti,HTI,2021,16.106936
Haiti,HTI,2022,13.124044
Haiti,HTI,2023,11.230811
Haiti,HTI,2024,13.019357
Haiti,HTI,2025,13.178523
High-income countries,OWID_HIC,2000,12.89868
High-income countries,OWID_HIC,2001,12.63445
High-income countries,OWID_HIC,2002,12.01116
High-income countries,OWID_HIC,2003,12.123355
High-income countries,OWID_HIC,2004,12.13508
High-income countries,OWID_HIC,2005,12.17807
High-income countries,OWID_HIC,2006,12.452105
High-income countries,OWID_HIC,2007,12.239255
High-income countries,OWID_HIC,2008,12.1054
High-income countries,OWID_HIC,2009,12.26859
High-income countries,OWID_HIC,2010,11.954075
High-income countries,OWID_HIC,2011,11.976246
High-income countries,OWID_HIC,2012,11.86329
High-income countries,OWID_HIC,2013,12.19585
High-income countries,OWID_HIC,2014,12.103524
High-income countries,OWID_HIC,2015,12.68671
High-income countries,OWID_HIC,2016,12.15122
High-income countries,OWID_HIC,2017,12.148125
High-income countries,OWID_HIC,2018,12.08487
High-income countries,OWID_HIC,2019,12.54689
High-income countries,OWID_HIC,2020,11.863714
High-income countries,OWID_HIC,2021,11.35999
High-income countries,OWID_HIC,2022,11.871775
Honduras,HND,1994,12.88875
Honduras,HND,1995,17.87564
Honduras,HND,2013,20.99983
Honduras,HND,2014,26.86443
Honduras,HND,2015,24.64456
Honduras,HND,2018,23.15511
Hong Kong,HKG,1982,9.40811
Hong Kong,HKG,1983,15.28794
Hong Kong,HKG,1984,15.87032
Hong Kong,HKG,1985,18.57813
Hong Kong,HKG,1990,18.54078
Hong Kong,HKG,1992,21.20814
Hong Kong,HKG,1996,16.66867
Hong Kong,HKG,2001,22.41878
Hong Kong,HKG,2002,22.20729
Hong Kong,HKG,2003,23.24429
Hong Kong,HKG,2004,23.15106
Hong Kong,HKG,2005,22.47858
Hong Kong,HKG,2006,23.2826
Hong Kong,HKG,2007,22.89223
Hong Kong,HKG,2008,22.9224
Hong Kong,HKG,2009,24.00516
Hong Kong,HKG,2010,19.90941
Hong Kong,HKG,2011,20.14833
Hong Kong,HKG,2012,18.64948
Hong Kong,HKG,2013,20.3008
Hong Kong,HKG,2014,17.6204
Hong Kong,HKG,2015,18.60857
Hong Kong,HKG,2016,18.12719
Hong Kong,HKG,2017,17.84128
Hong Kong,HKG,2018,18.78784
Hong Kong,HKG,2019,20.31401
Hong Kong,HKG,2020,20.62106
Hong Kong,HKG,2021,13.11646
Hong Kong,HKG,2022,14.38998
Hong Kong,HKG,2023,13.18148
Hong Kong,HKG,2024,15.74114
Hungary,HUN,1996,9.57766
Hungary,HUN,1998,8.67944
Hungary,HUN,1999,9.3165
Hungary,HUN,2000,10.28238
Hungary,HUN,2001,10.43549
Hungary,HUN,2002,10.15638
Hungary,HUN,2003,11.79174
Hungary,HUN,2004,10.93479
Hungary,HUN,2005,10.78715
Hungary,HUN,2006,10.29982
Hungary,HUN,2007,10.29848
Hungary,HUN,2008,10.19107
Hungary,HUN,2009,9.78333
Hungary,HUN,2010,9.67724
Hungary,HUN,2011,9.30112
Hungary,HUN,2012,8.43415
Hungary,HUN,2013,8.36752
Hungary,HUN,2014,9.19467
Hungary,HUN,2015,8.92264
Hungary,HUN,2016,9.86238
Hungary,HUN,2017,9.94773
Hungary,HUN,2018,10.02925
Hungary,HUN,2019,9.16409
Hungary,HUN,2020,8.07872
Hungary,HUN,2021,9.67842
Hungary,HUN,2022,7.80341
Iceland,ISL,1990,11.5011
Iceland,ISL,1993,11.83139
Iceland,ISL,1994,11.1971
Iceland,ISL,1995,10.95672
Iceland,ISL,1996,12.60295
Iceland,ISL,1998,16.59782
Iceland,ISL,1999,14.17392
Iceland,ISL,2000,14.34761
Iceland,ISL,2001,14.14178
Iceland,ISL,2002,16.05661
Iceland,ISL,2003,15.15958
Iceland,ISL,2004,15.33897
Iceland,ISL,2005,16.30815
Iceland,ISL,2006,16.04698
Iceland,ISL,2007,15.51907
Iceland,ISL,2008,11.1003
Iceland,ISL,2009,13.41956
Iceland,ISL,2010,14.23122
Iceland,ISL,2011,13.43597
Iceland,ISL,2012,15.88495
Iceland,ISL,2013,16.20467
Iceland,ISL,2014,16.67433
Iceland,ISL,2015,17.15514
Iceland,ISL,2016,16.00482
Iceland,ISL,2017,17.07719
Iceland,ISL,2018,17.24922
Iceland,ISL,2019,17.44319
Iceland,ISL,2020,16.79797
Iceland,ISL,2021,16.59104
Iceland,ISL,2022,15.65501
India,IND,1997,13.32223
India,IND,1998,14.15927
India,IND,1999,16.95983
India,IND,2000,16.73051
India,IND,2003,12.4108
India,IND,2004,11.19686
India,IND,2005,11.20846
India,IND,2006,11.69371
India,IND,2009,11.1912
India,IND,2010,11.83368
India,IND,2011,13.56491
India,IND,2012,13.99212
India,IND,2013,14.05018
India,IND,2014,15.718154
India,IND,2015,15.69222
India,IND,2016,15.7215
India,IND,2017,15.80977
India,IND,2018,16.63538
India,IND,2019,14.82382
India,IND,2020,15.99261
India,IND,2021,14.9246
India,IND,2022,14.155475
Indonesia,IDN,1994,5.86397
Indonesia,IDN,1995,6.14646
Indonesia,IDN,1996,7.49682
Indonesia,IDN,1997,7.71022
Indonesia,IDN,2001,11.59389
Indonesia,IDN,2002,14.36905
Indonesia,IDN,2003,16.27818
Indonesia,IDN,2004,14.1703
Indonesia,IDN,2005,15.18211
Indonesia,IDN,2007,14.93992
Indonesia,IDN,2008,13.67475
Indonesia,IDN,2009,19.30814
Indonesia,IDN,2010,16.65394
Indonesia,IDN,2011,18.00551
Indonesia,IDN,2012,18.09042
Indonesia,IDN,2013,17.84826
Indonesia,IDN,2014,17.90389
Indonesia,IDN,2015,20.35886
Indonesia,IDN,2016,11.322839
Indonesia,IDN,2017,10.8803625
Indonesia,IDN,2018,10.1452465
Indonesia,IDN,2019,9.342609
Indonesia,IDN,2020,9.31964
Indonesia,IDN,2021,8.965598
Indonesia,IDN,2022,8.702821
Indonesia,IDN,2025,10.557102
Iran,IRN,1991,18.34697
Iran,IRN,1992,20.63262
Iran,IRN,1993,23.71528
Iran,IRN,1995,14.54696
Iran,IRN,1996,13.56692
Iran,IRN,1999,20.11292
Iran,IRN,2000,20.63385
Iran,IRN,2001,24.42417
Iran,IRN,2002,26.50643
Iran,IRN,2003,22.13547
Iran,IRN,2004,21.52145
Iran,IRN,2005,21.89969
Iran,IRN,2006,19.45678
Iran,IRN,2007,20.03128
Iran,IRN,2008,22.38461
Iran,IRN,2009,18.56262
Iran,IRN,2010,19.25691
Iran,IRN,2011,20.15138
Iran,IRN,2012,17.39579
Iran,IRN,2013,21.6735
Iran,IRN,2014,19.66487
Iran,IRN,2015,18.56875
Iran,IRN,2016,19.44543
Iran,IRN,2017,20.30521
Iran,IRN,2018,21.14604
Iran,IRN,2019,21.24453
Iran,IRN,2020,22.6655
Iran,IRN,2022,18.8212
Ireland,IRL,1981,14.77792
Ireland,IRL,1982,13.06333
Ireland,IRL,1983,11.61266
Ireland,IRL,1984,11.28647
Ireland,IRL,1985,11.22875
Ireland,IRL,1986,9.82266
Ireland,IRL,1987,10.59752
Ireland,IRL,1988,10.53902
Ireland,IRL,1989,10.93093
Ireland,IRL,1990,11.70455
Ireland,IRL,1991,11.42366
Ireland,IRL,1992,11.80331
Ireland,IRL,1993,12.04186
Ireland,IRL,1994,12.80625
Ireland,IRL,1995,12.73823
Ireland,IRL,1996,12.94064
Ireland,IRL,1998,12.54549
Ireland,IRL,1999,12.71594
Ireland,IRL,2000,13.5182
Ireland,IRL,2001,12.70465
Ireland,IRL,2002,12.48446
Ireland,IRL,2003,12.87311
Ireland,IRL,2004,13.65856
Ireland,IRL,2005,13.68493
Ireland,IRL,2006,13.549
Ireland,IRL,2007,13.23059
Ireland,IRL,2008,13.13431
Ireland,IRL,2009,13.13325
Ireland,IRL,2010,9.32332
Ireland,IRL,2011,12.33757
Ireland,IRL,2012,13.52249
Ireland,IRL,2013,13.1516
Ireland,IRL,2014,12.96997
Ireland,IRL,2015,12.92431
Ireland,IRL,2016,13.31054
Ireland,IRL,2017,13.36717
Ireland,IRL,2018,13.33842
Ireland,IRL,2019,13.5293
Ireland,IRL,2020,11.96758
Ireland,IRL,2021,12.33451
Israel,ISR,2000,13.67479
Israel,ISR,2001,13.4051
Israel,ISR,2002,12.51936
Israel,ISR,2003,13.52539
Israel,ISR,2004,13.38453
Israel,ISR,2005,13.16065
Israel,ISR,2006,13.43055
Israel,ISR,2007,13.28104
Israel,ISR,2008,13.13895
Israel,ISR,2009,12.93437
Israel,ISR,2010,13.63444
Israel,ISR,2011,13.82795
Israel,ISR,2012,14.07757
Israel,ISR,2013,14.55673
Israel,ISR,2014,14.90192
Israel,ISR,2015,15.46302
Israel,ISR,2016,15.34886
Israel,ISR,2017,15.70735
Israel,ISR,2018,15.53554
Israel,ISR,2019,15.74978
Israel,ISR,2020,14.54187
Israel,ISR,2021,15.40745
Israel,ISR,2022,16.06776
Italy,ITA,1993,8.72834
Italy,ITA,1994,8.25053
Italy,ITA,1995,8.60656
Italy,ITA,1996,9.12822
Italy,ITA,1998,9.25118
Italy,ITA,1999,9.5624
Italy,ITA,2000,9.23028
Italy,ITA,2001,9.83232
Italy,ITA,2002,9.49643
Italy,ITA,2003,9.63744
Italy,ITA,2004,9.36435
Italy,ITA,2005,8.97475
Italy,ITA,2006,9.47148
Italy,ITA,2007,8.77167
Italy,ITA,2008,9.15561
Italy,ITA,2009,8.82258
Italy,ITA,2010,8.6674
Italy,ITA,2011,8.3512
Italy,ITA,2012,7.99275
Italy,ITA,2013,8.09797
Italy,ITA,2014,7.96661
Italy,ITA,2015,8.0691
Italy,ITA,2016,7.74909
Italy,ITA,2017,8.25417
Italy,ITA,2018,8.77664
Italy,ITA,2019,8.42237
Italy,ITA,2020,7.78044
Italy,ITA,2021,7.44334
Italy,ITA,2022,7.40516
Jamaica,JAM,1991,16.35377
Jamaica,JAM,1992,12.75157
Jamaica,JAM,1993,12.798
Jamaica,JAM,1994,18.38851
Jamaica,JAM,1995,15.36104
Jamaica,JAM,1996,15.53602
Jamaica,JAM,1997,15.39999
Jamaica,JAM,2000,16.7966
Jamaica,JAM,2001,19.99115
Jamaica,JAM,2002,18.36393
Jamaica,JAM,2003,13.36234
Jamaica,JAM,2004,11.73302
Jamaica,JAM,2005,14.26937
Jamaica,JAM,2007,17.17305
Jamaica,JAM,2008,19.11938
Jamaica,JAM,2009,17.55284
Jamaica,JAM,2010,16.10294
Jamaica,JAM,2011,18.58193
Jamaica,JAM,2012,18.80926
Jamaica,JAM,2013,20.57386
Jamaica,JAM,2014,21.79749
Jamaica,JAM,2015,20.05148
Jamaica,JAM,2016,19.14512
Jamaica,JAM,2017,18.40254
Jamaica,JAM,2018,18.584
Jamaica,JAM,2019,17.31399
Jamaica,JAM,2021,17.4179
Jamaica,JAM,2022,16.93286
Jamaica,JAM,2024,17.86577
Japan,JPN,1981,16.12549
Japan,JPN,1982,15.67715
Japan,JPN,1983,14.88605
Japan,JPN,1987,18.05424
Japan,JPN,1988,17.79666
Japan,JPN,1989,17.64326
Japan,JPN,1993,11.11497
Japan,JPN,1994,11.10642
Japan,JPN,1995,10.3775
Japan,JPN,1998,9.96925
Jordan,JOR,1986,8.76024
Jordan,JOR,1987,9.88008
Jordan,JOR,1988,9.82438
Jordan,JOR,1989,13.08642
Jordan,JOR,1996,21.56406
Jordan,JOR,1997,18.41103
Jordan,JOR,1999,14.66426
Jordan,JOR,2010,10.693954
Jordan,JOR,2011,11.099976
Jordan,JOR,2012,11.876842
Jordan,JOR,2013,13.078687
Jordan,JOR,2014,12.552258
Jordan,JOR,2015,13.170731
Jordan,JOR,2016,11.5763
Jordan,JOR,2017,10.85794
Jordan,JOR,2018,9.23962
Jordan,JOR,2019,9.2367
Jordan,JOR,2020,11.967981
Jordan,JOR,2021,9.21639
Jordan,JOR,2022,9.47627
Jordan,JOR,2023,11.558613
Jordan,JOR,2024,9.78569
Kazakhstan,KAZ,2002,14.75948
Kazakhstan,KAZ,2004,10.60968
Kazakhstan,KAZ,2005,10.28595
Kazakhstan,KAZ,2006,13.2667
Kazakhstan,KAZ,2007,11.94447
Kazakhstan,KAZ,2008,13.64694
Kazakhstan,KAZ,2009,13.0409
Kazakhstan,KAZ,2010,15.919285
Kazakhstan,KAZ,2011,16.975986
Kazakhstan,KAZ,2012,17.766327
Kazakhstan,KAZ,2013,17.323296
Kazakhstan,KAZ,2014,16.08365
Kazakhstan,KAZ,2015,12.19304
Kazakhstan,KAZ,2016,13.8441
Kazakhstan,KAZ,2017,11.41991
Kazakhstan,KAZ,2018,13.88018
Kazakhstan,KAZ,2019,14.10953
Kazakhstan,KAZ,2020,17.995165
Kazakhstan,KAZ,2021,19.827991
Kazakhstan,KAZ,2022,20.05521
Kazakhstan,KAZ,2023,20.79613
Kazakhstan,KAZ,2024,21.955355
Kenya,KEN,1982,16.33731
Kenya,KEN,1983,17.39658
Kenya,KEN,1984,14.53317
Kenya,KEN,1985,15.55566
Kenya,KEN,1986,17.6608
Kenya,KEN,1988,19.46574
Kenya,KEN,1989,17.08765
Kenya,KEN,1991,18.64015
Kenya,KEN,1992,15.95073
Kenya,KEN,1993,13.86448
Kenya,KEN,1994,14.95128
Kenya,KEN,1999,25.31347
Kenya,KEN,2000,24.06614
Kenya,KEN,2001,22.96161
Kenya,KEN,2002,26.84722
Kenya,KEN,2003,25.84997
Kenya,KEN,2004,27.59771
Kenya,KEN,2005,28.94344
Kenya,KEN,2006,26.95387
Kenya,KEN,2010,20.35201
Kenya,KEN,2011,20.19197
Kenya,KEN,2012,19.48482
Kenya,KEN,2013,18.68946
Kenya,KEN,2014,17.81518
Kenya,KEN,2015,17.36209
Kenya,KEN,2016,17.49838
Kenya,KEN,2017,17.6314
Kenya,KEN,2018,18.95112
Kenya,KEN,2019,19.051144
Kenya,KEN,2020,17.764854
Kenya,KEN,2021,17.27012
Kenya,KEN,2022,16.081675
Kenya,KEN,2023,24.994247
Kenya,KEN,2024,27.924656
Kenya,KEN,2025,28.540655
Kiribati,KIR,1999,12.50751
Kiribati,KIR,2000,15.26542
Kiribati,KIR,2001,11.51614
Kiribati,KIR,2012,24.305195
Kiribati,KIR,2013,24.075409
Kiribati,KIR,2014,21.311802
Kiribati,KIR,2015,20.112198
Kiribati,KIR,2016,18.462713
Kiribati,KIR,2017,15.299089
Kiribati,KIR,2018,20.665768
Kiribati,KIR,2019,17.941557
Kiribati,KIR,2020,20.177608
Kiribati,KIR,2021,19.271841
Kiribati,KIR,2022,18.898573
Kiribati,KIR,2023,21.643206
Kiribati,KIR,2024,20.115292
Kuwait,KWT,1985,9.89597
Kuwait,KWT,1986,11.77657
Kuwait,KWT,1992,9.82305
Kuwait,KWT,1996,11.78005
Kuwait,KWT,1997,13.05212
Kuwait,KWT,2001,22.0104
Kuwait,KWT,2002,15.82323
Kuwait,KWT,2004,14.49789
Kuwait,KWT,2005,13.40656
Kuwait,KWT,2006,13.04943
Kuwait,KWT,2016,11.253007
Kuwait,KWT,2017,11.861989
Kuwait,KWT,2018,12.157548
Kuwait,KWT,2019,12.8503
Kuwait,KWT,2020,12.439801
Kuwait,KWT,2021,12.002757
Kuwait,KWT,2022,12.263165
Kuwait,KWT,2023,12.579622
Kuwait,KWT,2024,12.68861
Kuwait,KWT,2025,13.845221
Kyrgyzstan,KGZ,1996,18.76005
Kyrgyzstan,KGZ,1998,13.6927
Kyrgyzstan,KGZ,1999,11.38732
Kyrgyzstan,KGZ,2000,11.6113
Kyrgyzstan,KGZ,2001,13.72139
Kyrgyzstan,KGZ,2002,15.14647
Kyrgyzstan,KGZ,2003,15.93953
Kyrgyzstan,KGZ,2004,16.24381
Kyrgyzstan,KGZ,2005,16.7684
Kyrgyzstan,KGZ,2006,19.0526
Kyrgyzstan,KGZ,2007,21.85146
Kyrgyzstan,KGZ,2008,21.20624
Kyrgyzstan,KGZ,2009,19.15301
Kyrgyzstan,KGZ,2010,15.68131
Kyrgyzstan,KGZ,2011,18.17253
Kyrgyzstan,KGZ,2012,18.19501
Kyrgyzstan,KGZ,2013,17.77379
Kyrgyzstan,KGZ,2014,14.36484
Kyrgyzstan,KGZ,2015,15.71676
Kyrgyzstan,KGZ,2016,16.92092
Kyrgyzstan,KGZ,2017,16.27814
Kyrgyzstan,KGZ,2018,16.7959
Kyrgyzstan,KGZ,2019,16.47275
Kyrgyzstan,KGZ,2020,17.87513
Kyrgyzstan,KGZ,2021,16.10669
Kyrgyzstan,KGZ,2022,23.518364
Kyrgyzstan,KGZ,2023,22.109621
Kyrgyzstan,KGZ,2024,19.647593
Laos,LAO,2000,7.29557
Laos,LAO,2001,9.94657
Laos,LAO,2002,15.26266
Laos,LAO,2004,15.87508
Laos,LAO,2005,14.12927
Laos,LAO,2006,17.76236
Laos,LAO,2007,18.10179
Laos,LAO,2008,13.00521
Laos,LAO,2009,7.4631
Laos,LAO,2010,7.24696
Laos,LAO,2011,8.25958
Laos,LAO,2012,7.36839
Laos,LAO,2013,13.34101
Laos,LAO,2014,11.75735
Laos,LAO,2015,10.469397
Laos,LAO,2016,12.890508
Laos,LAO,2017,11.438935
Laos,LAO,2018,11.168378
Laos,LAO,2019,10.83162
Laos,LAO,2020,10.662221
Laos,LAO,2021,11.5062065
Laos,LAO,2022,9.824934
Laos,LAO,2023,9.803672
Laos,LAO,2024,8.241551
Latin America and the Caribbean (SDG),,2000,16.22615
Latin America and the Caribbean (SDG),,2010,15.2668
Latin America and the Caribbean (SDG),,2011,15.160555
Latin America and the Caribbean (SDG),,2012,14.706565
Latin America and the Caribbean (SDG),,2013,14.84482
Latin America and the Caribbean (SDG),,2014,15.393576
Latin America and the Caribbean (SDG),,2015,15.226694
Latin America and the Caribbean (SDG),,2016,14.823853
Latin America and the Caribbean (SDG),,2017,14.77814
Latin America and the Caribbean (SDG),,2018,14.9241705
Latin America and the Caribbean (SDG),,2019,15.13251
Latin America and the Caribbean (SDG),,2020,14.39327
Latin America and the Caribbean (SDG),,2021,14.4675865
Latin America and the Caribbean (SDG),,2022,14.584869
Latin America and the Caribbean (SDG),,2023,13.22396
Latin America and the Caribbean (SDG),,2024,13.848794
Latvia,LVA,1998,15.66433
Latvia,LVA,1999,14.09594
Latvia,LVA,2000,14.60148
Latvia,LVA,2001,15.87752
Latvia,LVA,2002,16.37018
Latvia,LVA,2003,15.37676
Latvia,LVA,2004,14.50181
Latvia,LVA,2006,13.91163
Latvia,LVA,2007,14.06705
Latvia,LVA,2008,14.7631
Latvia,LVA,2009,13.02514
Latvia,LVA,2010,11.80903
Latvia,LVA,2011,12.71531
Latvia,LVA,2012,17.73655
Latvia,LVA,2013,18.74402
Latvia,LVA,2014,13.97237
Latvia,LVA,2015,14.12741
Latvia,LVA,2016,12.89329
Latvia,LVA,2017,11.97128
Latvia,LVA,2018,11.15254
Latvia,LVA,2019,11.76817
Latvia,LVA,2020,11.71952
Latvia,LVA,2021,10.69342
Latvia,LVA,2022,9.92103
Lebanon,LBN,1993,6.80825
Lebanon,LBN,1994,10.4434
Lebanon,LBN,1995,5.91637
Lebanon,LBN,1996,8.1067
Lebanon,LBN,2001,7.42125
Lebanon,LBN,2002,7.0563
Lebanon,LBN,2004,7.93123
Lebanon,LBN,2005,8.42131
Lebanon,LBN,2006,7.69319
Lebanon,LBN,2007,7.34104
Lebanon,LBN,2008,5.86977
Lebanon,LBN,2009,5.503
Lebanon,LBN,2010,5.53429
Lebanon,LBN,2011,5.73381
Lebanon,LBN,2012,7.10916
Lebanon,LBN,2013,8.57552
Lebanon,LBN,2016,7.1489615
Lebanon,LBN,2017,7.1475363
Lebanon,LBN,2018,8.047455
Lebanon,LBN,2019,8.143953
Lebanon,LBN,2020,9.898286
Lebanon,LBN,2022,8.8581705
Lebanon,LBN,2024,6.113991
Lebanon,LBN,2025,8.592843
Lesotho,LSO,1983,29.41077
Lesotho,LSO,1984,20.82331
Lesotho,LSO,1985,22.92171
Lesotho,LSO,1988,15.21337
Lesotho,LSO,1989,15.35394
Lesotho,LSO,1993,22.73881
Lesotho,LSO,1994,18.39185
Lesotho,LSO,1995,20.2
Lesotho,LSO,1997,26.05695
Lesotho,LSO,1999,23.38069
Lesotho,LSO,2000,19.1416
Lesotho,LSO,2001,22.96563
Lesotho,LSO,2002,23.48708
Lesotho,LSO,2003,31.50685
Lesotho,LSO,2004,27.1636
Lesotho,LSO,2005,32.53905
Lesotho,LSO,2006,28.95932
Lesotho,LSO,2008,24.21858
Lesotho,LSO,2015,13.935995
Lesotho,LSO,2016,13.997641
Lesotho,LSO,2017,15.11531
Lesotho,LSO,2018,14.08535
Lesotho,LSO,2023,10.99968
Lesotho,LSO,2024,10.373444
Liberia,LBR,2008,6.45407
Liberia,LBR,2012,5.18434
Liberia,LBR,2013,5.65269
Liberia,LBR,2014,6.76015
Liberia,LBR,2017,7.7691
Liberia,LBR,2018,7.96435
Liberia,LBR,2021,7.3662
Libya,LBY,1999,8.13873
Lithuania,LTU,1993,43.76098
Lithuania,LTU,1994,20.3288
Lithuania,LTU,1995,19.13985
Lithuania,LTU,1996,16.97426
Lithuania,LTU,1997,15.48907
Lithuania,LTU,1998,15.39282
Lithuania,LTU,2001,15.99485
Lithuania,LTU,2002,16.81158
Lithuania,LTU,2003,15.56124
Lithuania,LTU,2004,15.18828
Lithuania,LTU,2005,14.30047
Lithuania,LTU,2006,14.04924
Lithuania,LTU,2007,13.02009
Lithuania,LTU,2008,12.69242
Lithuania,LTU,2009,12.42465
Lithuania,LTU,2010,12.47958
Lithuania,LTU,2011,12.86353
Lithuania,LTU,2012,13.06537
Lithuania,LTU,2013,12.93937
Lithuania,LTU,2014,12.87658
Lithuania,LTU,2015,11.9787
Lithuania,LTU,2016,11.63878
Lithuania,LTU,2017,11.42453
Lithuania,LTU,2018,11.41295
Lithuania,LTU,2019,11.37759
Lithuania,LTU,2020,10.56414
Lithuania,LTU,2021,11.35999
Lithuania,LTU,2022,11.73038
Low-income countries,OWID_LIC,2000,13.87611
Low-income countries,OWID_LIC,2001,14.12431
Low-income countries,OWID_LIC,2002,14.156031
Low-income countries,OWID_LIC,2004,16.18775
Low-income countries,OWID_LIC,2008,16.17733
Low-income countries,OWID_LIC,2009,16.30169
Low-income countries,OWID_LIC,2010,14.62671
Low-income countries,OWID_LIC,2011,14.9793
Low-income countries,OWID_LIC,2012,13.98279
Low-income countries,OWID_LIC,2013,15.2
Low-income countries,OWID_LIC,2014,14.46593
Low-income countries,OWID_LIC,2015,14.4711685
Low-income countries,OWID_LIC,2016,13.835999
Low-income countries,OWID_LIC,2017,14.892778
Low-income countries,OWID_LIC,2018,15.745365
Low-income countries,OWID_LIC,2019,15.195551
Low-income countries,OWID_LIC,2020,14.223722
Low-income countries,OWID_LIC,2021,15.577029
Low-income countries,OWID_LIC,2022,15.0686
Low-income countries,OWID_LIC,2023,15.36944
Lower-middle-income countries,OWID_LMC,2000,15.23692
Lower-middle-income countries,OWID_LMC,2001,14.942141
Lower-middle-income countries,OWID_LMC,2002,15.26266
Lower-middle-income countries,OWID_LMC,2003,15.30728
Lower-middle-income countries,OWID_LMC,2004,15.87508
Lower-middle-income countries,OWID_LMC,2005,15.78972
Lower-middle-income countries,OWID_LMC,2006,16.59155
Lower-middle-income countries,OWID_LMC,2008,17.643415
Lower-middle-income countries,OWID_LMC,2009,17.29529
Lower-middle-income countries,OWID_LMC,2010,15.68131
Lower-middle-income countries,OWID_LMC,2011,15.53779
Lower-middle-income countries,OWID_LMC,2012,16.878735
Lower-middle-income countries,OWID_LMC,2013,17.467916
Lower-middle-income countries,OWID_LMC,2014,17.37562
Lower-middle-income countries,OWID_LMC,2015,15.145533
Lower-middle-income countries,OWID_LMC,2016,15.96668
Lower-middle-income countries,OWID_LMC,2017,15.80977
Lower-middle-income countries,OWID_LMC,2018,16.7959
Lower-middle-income countries,OWID_LMC,2019,14.47415
Lower-middle-income countries,OWID_LMC,2020,15.005125
Lower-middle-income countries,OWID_LMC,2021,14.9246
Lower-middle-income countries,OWID_LMC,2022,14.47415
Lower-middle-income countries,OWID_LMC,2023,14.47415
Lower-middle-income countries,OWID_LMC,2024,14.729153
Luxembourg,LUX,1996,8.84349
Luxembourg,LUX,2001,9.28066
Luxembourg,LUX,2012,9.27455
Luxembourg,LUX,2014,9.49374
Luxembourg,LUX,2015,9.33443
Luxembourg,LUX,2017,8.44626
Luxembourg,LUX,2018,8.64328
Luxembourg,LUX,2019,8.67643
Luxembourg,LUX,2020,8.19499
Luxembourg,LUX,2021,8.69033
Luxembourg,LUX,2022,8.45038
Macao,MAC,2000,11.83891
Macao,MAC,2001,11.09216
Macao,MAC,2002,10.71469
Macao,MAC,2003,10.38807
Macao,MAC,2004,9.00208
Macao,MAC,2005,8.11335
Macao,MAC,2006,11.18393
Macao,MAC,2007,9.94646
Macao,MAC,2008,10.44557
Macao,MAC,2009,11.3725
Macao,MAC,2010,12.97942
Macao,MAC,2011,14.63311
Macao,MAC,2012,22.32861
Macao,MAC,2013,12.58632
Macao,MAC,2014,13.65736
Macao,MAC,2015,13.4197
Macao,MAC,2016,13.83484
Macao,MAC,2017,14.10257
Macao,MAC,2018,15.15969
Macao,MAC,2019,16.59795
Macao,MAC,2020,14.16966
Macao,MAC,2021,14.68649
Macao,MAC,2022,12.2679
Madagascar,MDG,1981,14.89931
Madagascar,MDG,1982,16.53529
Madagascar,MDG,1983,16.78964
Madagascar,MDG,1984,18.32389
Madagascar,MDG,1985,16.62018
Madagascar,MDG,1993,12.3173
Madagascar,MDG,1997,10.64441
Madagascar,MDG,1998,9.38277
Madagascar,MDG,1999,15.5387
Madagascar,MDG,2000,15.89051
Madagascar,MDG,2001,17.68247
Madagascar,MDG,2002,17.93676
Madagascar,MDG,2003,15.76314
Madagascar,MDG,2004,12.96077
Madagascar,MDG,2005,18.03304
Madagascar,MDG,2006,15.32419
Madagascar,MDG,2007,18.04455
Madagascar,MDG,2008,16.25814
Madagascar,MDG,2009,22.58583
Madagascar,MDG,2010,18.635706
Madagascar,MDG,2011,19.7797
Madagascar,MDG,2012,20.3258
Madagascar,MDG,2013,13.98938
Madagascar,MDG,2014,18.96677
Madagascar,MDG,2015,16.96291
Madagascar,MDG,2016,19.83818
Madagascar,MDG,2018,19.81802
Madagascar,MDG,2019,17.952791
Malawi,MWI,2003,16.49777
Malawi,MWI,2010,12.45998
Malawi,MWI,2011,15.04565
Malawi,MWI,2012,13.640964
Malawi,MWI,2013,20.49683
Malawi,MWI,2014,16.59647
Malawi,MWI,2015,21.7979
Malawi,MWI,2016,17.19881
Malawi,MWI,2017,14.34442
Malawi,MWI,2018,15.82935
Malawi,MWI,2020,20.157448
Malawi,MWI,2021,17.55941
Malawi,MWI,2023,16
Malawi,MWI,2024,16
Malaysia,MYS,1992,19.10503
Malaysia,MYS,1993,17.31288
Malaysia,MYS,1994,19.92375
Malaysia,MYS,1995,19.50259
Malaysia,MYS,1996,22.77094
Malaysia,MYS,1997,20.05298
Malaysia,MYS,1999,21.18855
Malaysia,MYS,2000,21.39068
Malaysia,MYS,2001,24.34852
Malaysia,MYS,2002,25.9036
Malaysia,MYS,2003,24.54244
Malaysia,MYS,2004,21.01292
Malaysia,MYS,2006,16.74557
Malaysia,MYS,2007,16.12466
Malaysia,MYS,2008,14.03864
Malaysia,MYS,2009,18.46463
Malaysia,MYS,2010,18.40623
Malaysia,MYS,2011,20.97702
Malaysia,MYS,2012,19.85116
Malaysia,MYS,2013,19.45431
Malaysia,MYS,2014,19.80056
Malaysia,MYS,2015,19.81073
Malaysia,MYS,2016,20.78914
Malaysia,MYS,2017,21.20991
Malaysia,MYS,2018,19.64326
Malaysia,MYS,2019,17.63631
Malaysia,MYS,2020,15.62188
Malaysia,MYS,2021,20.462578
Malaysia,MYS,2022,20.14968
Malaysia,MYS,2023,14.10052
Maldives,MDV,2002,21.20603
Maldives,MDV,2003,20.18581
Maldives,MDV,2004,19.371
Maldives,MDV,2005,12.9361
Maldives,MDV,2006,13.25502
Maldives,MDV,2007,12.69129
Maldives,MDV,2008,12.56846
Maldives,MDV,2009,13.73839
Maldives,MDV,2010,10.94631
Maldives,MDV,2011,9.855
Maldives,MDV,2012,11.22364
Maldives,MDV,2013,12.5539
Maldives,MDV,2014,10.61963
Maldives,MDV,2015,11.44925
Maldives,MDV,2016,9.80502
Maldives,MDV,2017,11.354209
Maldives,MDV,2018,11.389902
Maldives,MDV,2019,12.055144
Maldives,MDV,2020,10.505041
Maldives,MDV,2021,10.032927
Maldives,MDV,2022,11.076445
Maldives,MDV,2023,10.632805
Maldives,MDV,2024,10.7169075
Maldives,MDV,2025,9.645097
Mali,MLI,2000,15.32381
Mali,MLI,2001,14.4935
Mali,MLI,2002,14.52521
Mali,MLI,2003,18.28376
Mali,MLI,2004,17.73635
Mali,MLI,2005,16.2803
Mali,MLI,2008,18.03169
Mali,MLI,2009,16.95941
Mali,MLI,2010,16.50391
Mali,MLI,2011,18.25834
Mali,MLI,2012,22.40338
Mali,MLI,2013,16.62345
Mali,MLI,2014,18.22426
Mali,MLI,2015,18.15549
Mali,MLI,2016,13.90388
Mali,MLI,2017,16.53433
Mali,MLI,2018,17.52153
Mali,MLI,2019,15.35703
Mali,MLI,2020,15.14261
Mali,MLI,2021,16.21821
Mali,MLI,2022,18.189997
Mali,MLI,2023,19.121769
Mali,MLI,2024,17.823904
Malta,MLT,2002,9.53534
Malta,MLT,2004,10.56002
Malta,MLT,2007,14.47568
Malta,MLT,2008,12.99605
Malta,MLT,2009,12.26859
Malta,MLT,2010,15.4962
Malta,MLT,2011,18.26341
Malta,MLT,2012,14.98746
Malta,MLT,2013,18.4813
Malta,MLT,2014,17.30994
Malta,MLT,2015,12.98429
Malta,MLT,2016,13.97729
Malta,MLT,2017,13.27812
Malta,MLT,2019,13.7583
Malta,MLT,2021,12.49163
Malta,MLT,2022,12.498
Marshall Islands,MHL,1999,28.54381
Marshall Islands,MHL,2002,14.8142
Marshall Islands,MHL,2003,22.50875
Marshall Islands,MHL,2013,26.101974
Marshall Islands,MHL,2014,27.39333
Marshall Islands,MHL,2015,26.749512
Marshall Islands,MHL,2016,24.6584
Marshall Islands,MHL,2017,22.388002
Marshall Islands,MHL,2018,21.698095
Marshall Islands,MHL,2019,15.04274
Marshall Islands,MHL,2020,19.36919
Marshall Islands,MHL,2021,22.869617
Marshall Islands,MHL,2022,11.34536
Mauritania,MRT,2004,8.17581
Mauritania,MRT,2006,10.31008
Mauritania,MRT,2011,13.68275
Mauritania,MRT,2012,10.01766
Mauritania,MRT,2013,11.40543
Mauritania,MRT,2014,11.9051285
Mauritania,MRT,2015,12.843493
Mauritania,MRT,2016,9.33061
Mauritania,MRT,2019,10.22802
Mauritania,MRT,2020,9.72709
Mauritania,MRT,2021,9.10482
Mauritania,MRT,2022,4.84178
Mauritania,MRT,2023,18.88888
Mauritania,MRT,2024,31.88661
Mauritius,MUS,1990,8.5827
Mauritius,MUS,1991,10.77696
Mauritius,MUS,1999,14.19199
Mauritius,MUS,2000,12.97034
Mauritius,MUS,2001,13.23924
Mauritius,MUS,2002,12.91514
Mauritius,MUS,2003,17.92272
Mauritius,MUS,2004,17.3871
Mauritius,MUS,2005,17.08813
Mauritius,MUS,2006,15.17617
Mauritius,MUS,2007,14.18328
Mauritius,MUS,2008,14.03944
Mauritius,MUS,2009,13.24723
Mauritius,MUS,2010,14.57315
Mauritius,MUS,2011,13.84617
Mauritius,MUS,2012,14.96062
Mauritius,MUS,2013,14.78901
Mauritius,MUS,2014,20.90518
Mauritius,MUS,2015,19.45709
Mauritius,MUS,2016,19.9625
Mauritius,MUS,2017,20.3572
Mauritius,MUS,2018,19.27433
Mauritius,MUS,2019,18.67693
Mauritius,MUS,2020,15.6467
Mauritius,MUS,2021,14.32313
Mauritius,MUS,2022,15.70906
Mauritius,MUS,2023,15.58455
Mauritius,MUS,2024,14.1932
Mexico,MEX,1991,12.15459
Mexico,MEX,1992,15.0957
Mexico,MEX,1994,21.56294
Mexico,MEX,1995,24.1213
Mexico,MEX,1998,16.31762
Mexico,MEX,1999,16.69396
Mexico,MEX,2000,19.64613
Mexico,MEX,2001,20.62428
Mexico,MEX,2002,21.46491
Mexico,MEX,2003,22.47187
Mexico,MEX,2004,22.05383
Mexico,MEX,2005,21.90379
Mexico,MEX,2006,20.82432
Mexico,MEX,2007,19.88907
Mexico,MEX,2008,17.38016
Mexico,MEX,2009,18.66512
Mexico,MEX,2010,18.64259
Mexico,MEX,2011,18.42102
Mexico,MEX,2012,18.08719
Mexico,MEX,2013,16.90599
Mexico,MEX,2014,18.80594
Mexico,MEX,2015,19.01875
Mexico,MEX,2016,17.93933
Mexico,MEX,2017,17.5773
Mexico,MEX,2018,16.57785
Mexico,MEX,2020,16.19586
Mexico,MEX,2021,15.88313
Mexico,MEX,2022,14.23611
Micronesia (country),FSM,1999,8.78498
Micronesia (country),FSM,2000,9.96512
Micronesia (country),FSM,2012,17.760504
Micronesia (country),FSM,2013,20.38501
Micronesia (country),FSM,2014,22.101704
Micronesia (country),FSM,2015,22.31239
Micronesia (country),FSM,2016,21.58471
Micronesia (country),FSM,2017,19.148453
Micronesia (country),FSM,2018,17.125294
Micronesia (country),FSM,2019,18.107307
Micronesia (country),FSM,2020,18.61472
Moldova,MDA,1996,28.33996
Moldova,MDA,1999,14.12242
Moldova,MDA,2000,12.92393
Moldova,MDA,2001,16.42476
Moldova,MDA,2002,17.88434
Moldova,MDA,2003,16.19259
Moldova,MDA,2004,19.45202
Moldova,MDA,2005,19.29665
Moldova,MDA,2006,18.60882
Moldova,MDA,2007,19.41697
Moldova,MDA,2008,19.85008
Moldova,MDA,2009,20.99263
Moldova,MDA,2010,22.26701
Moldova,MDA,2011,21.91588
Moldova,MDA,2012,20.74197
Moldova,MDA,2013,18.276487
Moldova,MDA,2014,18.7651
Moldova,MDA,2015,18.23872
Moldova,MDA,2016,18.62163
Moldova,MDA,2017,18.43283
Moldova,MDA,2018,17.56773
Moldova,MDA,2019,19.46438
Moldova,MDA,2020,17.99377
Moldova,MDA,2021,16.84165
Moldova,MDA,2022,16.69313
Moldova,MDA,2023,16.88653
Moldova,MDA,2024,15.96476
Monaco,MCO,1988,5.13412
Monaco,MCO,1989,5.48416
Monaco,MCO,1992,5.16343
Monaco,MCO,1995,5.76775
Monaco,MCO,1996,5.84234
Monaco,MCO,1997,6.40111
Monaco,MCO,1998,6.48977
Monaco,MCO,1999,5.0717
Monaco,MCO,2000,6.3279
Monaco,MCO,2004,5.92595
Monaco,MCO,2009,6.59881
Monaco,MCO,2010,6.36322
Monaco,MCO,2011,8.07617
Monaco,MCO,2012,8.87595
Monaco,MCO,2013,7.05922
Monaco,MCO,2014,5.00886
Monaco,MCO,2016,6.59655
Monaco,MCO,2017,6.98063
Monaco,MCO,2019,5.02927
Monaco,MCO,2021,5.87369
Monaco,MCO,2022,4.79599
Monaco,MCO,2023,7.73203
Mongolia,MNG,1997,12.80767
Mongolia,MNG,1998,15.17901
Mongolia,MNG,1999,15.49801
Mongolia,MNG,2000,16.07477
Mongolia,MNG,2002,20.31151
Mongolia,MNG,2004,13.59445
Mongolia,MNG,2007,13.28645
Mongolia,MNG,2009,14.51142
Mongolia,MNG,2010,14.71114
Mongolia,MNG,2011,12.15085
Mongolia,MNG,2012,14.40723
Mongolia,MNG,2013,15.36745
Mongolia,MNG,2014,14.6681
Mongolia,MNG,2015,13.54711
Mongolia,MNG,2016,13.06311
Mongolia,MNG,2017,12.64562
Mongolia,MNG,2018,13.114742
Mongolia,MNG,2019,10.339564
Mongolia,MNG,2020,8.635279
Mongolia,MNG,2021,8.364095
Mongolia,MNG,2022,7.4520664
Mongolia,MNG,2023,11.47055
Mongolia,MNG,2024,13.77689
Montserrat,MSR,2010,8.598202
Montserrat,MSR,2011,7.2121935
Montserrat,MSR,2012,6.34942
Montserrat,MSR,2013,4.8296437
Montserrat,MSR,2014,5.470772
Montserrat,MSR,2015,7.5962152
Montserrat,MSR,2016,7.7907534
Montserrat,MSR,2017,7.7980003
Montserrat,MSR,2018,7.4879065
Montserrat,MSR,2019,7.31875
Montserrat,MSR,2020,4.200764
Montserrat,MSR,2021,7.966715
Montserrat,MSR,2022,7.0516534
Montserrat,MSR,2023,5.7060995
Montserrat,MSR,2024,7.6816216
Montserrat,MSR,2025,5.7323804
Morocco,MAR,1991,19.89277
Morocco,MAR,1993,20.46424
Morocco,MAR,1995,20.47271
Morocco,MAR,1998,25.21153
Morocco,MAR,1999,25.76847
Morocco,MAR,2008,17.47064
Morocco,MAR,2009,17.29529
Morocco,MAR,2012,20.746078
Morocco,MAR,2014,22.063942
Morocco,MAR,2015,22.239548
Morocco,MAR,2016,22.257357
Morocco,MAR,2017,21.649904
Morocco,MAR,2018,22.444761
Morocco,MAR,2019,21.46507
Morocco,MAR,2020,24.158094
Morocco,MAR,2021,23.756483
Morocco,MAR,2022,23.865665
Morocco,MAR,2023,22.82552
Morocco,MAR,2024,23.27888
Mozambique,MOZ,1998,12.05375
Mozambique,MOZ,1999,16.92332
Mozambique,MOZ,2004,18.00154
Mozambique,MOZ,2005,22.71818
Mozambique,MOZ,2006,18.55004
Mozambique,MOZ,2010,20.166344
Mozambique,MOZ,2011,19.098574
Mozambique,MOZ,2012,19.76724
Mozambique,MOZ,2013,19.03288
Mozambique,MOZ,2014,17.40731
Mozambique,MOZ,2015,19.852339
Mozambique,MOZ,2016,19.93637
Mozambique,MOZ,2017,18.59365
Mozambique,MOZ,2018,16.40555
Mozambique,MOZ,2019,19.033682
Mozambique,MOZ,2020,17.934929
Mozambique,MOZ,2021,20.44974
Myanmar,MMR,2011,5.38151
Myanmar,MMR,2017,10.19062
Myanmar,MMR,2018,10.11594
Myanmar,MMR,2019,9.74241
Namibia,NAM,1999,23.04277
Namibia,NAM,2000,21.92506
Namibia,NAM,2001,22.77571
Namibia,NAM,2002,21.83686
Namibia,NAM,2003,20.32821
Namibia,NAM,2006,21.60299
Namibia,NAM,2008,24.86161
Namibia,NAM,2010,26.12351
Namibia,NAM,2011,24.398811
Namibia,NAM,2012,22.99737
Namibia,NAM,2013,24.09999
Namibia,NAM,2014,23.958069
Namibia,NAM,2015,22.571333
Namibia,NAM,2016,23.939196
Namibia,NAM,2017,24.674026
Namibia,NAM,2018,23.324303
Namibia,NAM,2019,29.056196
Namibia,NAM,2020,24.941381
Namibia,NAM,2021,25.135489
Namibia,NAM,2022,24.70692
Namibia,NAM,2024,25.051617
Namibia,NAM,2025,24.576653
Nauru,NRU,2014,5.5573096
Nauru,NRU,2015,6.2486844
Nauru,NRU,2016,5.000173
Nauru,NRU,2017,6.46164
Nauru,NRU,2018,5.3861046
Nauru,NRU,2019,4.8340244
Nauru,NRU,2020,4.536531
Nauru,NRU,2021,3.816158
Nauru,NRU,2022,4.214639
Nauru,NRU,2023,4.88734
Nauru,NRU,2024,5.3329525
Nauru,NRU,2025,6.6481667
Nepal,NPL,2000,19.15604
Nepal,NPL,2001,21.6562
Nepal,NPL,2002,20.44405
Nepal,NPL,2003,21.31265
Nepal,NPL,2004,21.61336
Nepal,NPL,2005,22.29422
Nepal,NPL,2006,25.50064
Nepal,NPL,2007,21.14614
Nepal,NPL,2008,22.23003
Nepal,NPL,2009,19.87293
Nepal,NPL,2010,16.03235
Nepal,NPL,2011,17.98384
Nepal,NPL,2012,17.43708
Nepal,NPL,2013,17.56964
Nepal,NPL,2014,18.28129
Nepal,NPL,2015,16.98966
Nepal,NPL,2016,19.1285
Nepal,NPL,2017,17.09639
Nepal,NPL,2018,14.10187
Nepal,NPL,2019,12.1130295
Nepal,NPL,2020,15.005125
Nepal,NPL,2021,14.389208
Nepal,NPL,2022,12.437925
Nepal,NPL,2023,13.082618
Nepal,NPL,2024,11.26471
Nepal,NPL,2025,10.751231
Netherlands,NLD,1981,12.0679
Netherlands,NLD,1982,11.40722
Netherlands,NLD,1983,10.64282
Netherlands,NLD,1984,9.87185
Netherlands,NLD,1985,10.50206
Netherlands,NLD,1986,10.83492
Netherlands,NLD,1987,11.29733
Netherlands,NLD,1988,10.55998
Netherlands,NLD,1990,10.98549
Netherlands,NLD,1991,11.07084
Netherlands,NLD,1993,9.66667
Netherlands,NLD,1994,9.56143
Netherlands,NLD,1995,9.66795
Netherlands,NLD,1996,8.70108
Netherlands,NLD,1998,10.16323
Netherlands,NLD,1999,10.16279
Netherlands,NLD,2000,10.60685
Netherlands,NLD,2001,10.63936
Netherlands,NLD,2002,10.69432
Netherlands,NLD,2003,10.97206
Netherlands,NLD,2004,11.28462
Netherlands,NLD,2005,11.7197
Netherlands,NLD,2006,11.417
Netherlands,NLD,2007,11.22879
Netherlands,NLD,2008,11.29115
Netherlands,NLD,2009,11.12102
Netherlands,NLD,2010,11.16581
Netherlands,NLD,2011,11.33617
Netherlands,NLD,2012,11.26503
Netherlands,NLD,2013,11.5354
Netherlands,NLD,2014,11.55782
Netherlands,NLD,2015,11.66371
Netherlands,NLD,2016,12.27208
Netherlands,NLD,2017,11.89806
Netherlands,NLD,2018,12.41011
Netherlands,NLD,2019,12.00983
Netherlands,NLD,2020,11.06681
Netherlands,NLD,2021,11.71522
Netherlands,NLD,2022,11.97062
New Zealand,NZL,1985,8.19353
New Zealand,NZL,1986,8.09368
New Zealand,NZL,1987,8.8785
New Zealand,NZL,1988,9.70112
New Zealand,NZL,1989,10.13898
New Zealand,NZL,1994,14.08041
New Zealand,NZL,1995,14.00122
New Zealand,NZL,1996,16.10199
New Zealand,NZL,1997,15.79116
New Zealand,NZL,1999,16.23172
New Zealand,NZL,2000,14.81348
New Zealand,NZL,2013,15.55774
New Zealand,NZL,2014,15.52853
New Zealand,NZL,2015,15.55181
New Zealand,NZL,2016,15.36641
New Zealand,NZL,2017,15.04393
New Zealand,NZL,2018,14.55949
New Zealand,NZL,2019,13.47486
New Zealand,NZL,2020,13.62212
New Zealand,NZL,2021,13.45762
New Zealand,NZL,2022,12.61477
New Zealand,NZL,2023,12.72668
Nicaragua,NIC,1992,11.9335
Nicaragua,NIC,1998,13.38182
Nicaragua,NIC,1999,14.7168
Nicaragua,NIC,2000,14.5737
Nicaragua,NIC,2002,15.68779
Nicaragua,NIC,2003,14.887
Nicaragua,NIC,2010,26.408
Nicaragua,NIC,2014,23.0476
Nicaragua,NIC,2015,22.28291
Nicaragua,NIC,2016,21.32548
Nicaragua,NIC,2017,22.4333
Nicaragua,NIC,2018,22.761333
Nicaragua,NIC,2019,23.941103
Nicaragua,NIC,2020,22.687647
Nicaragua,NIC,2021,18.522236
Nicaragua,NIC,2022,18.519209
Nicaragua,NIC,2023,17.68857
Nicaragua,NIC,2024,11.012783
Niger,NER,1996,18.44432
Niger,NER,1999,17.22141
Niger,NER,2000,19.05753
Niger,NER,2001,16.65031
Niger,NER,2002,16.66685
Niger,NER,2003,13.8455
Niger,NER,2006,16.88377
Niger,NER,2007,17.37597
Niger,NER,2008,16.17733
Niger,NER,2009,18.91251
Niger,NER,2010,19.08965
Niger,NER,2011,20.11652
Niger,NER,2012,19.19202
Niger,NER,2013,18.0767
Niger,NER,2014,21.6615
Niger,NER,2015,18.51219
Niger,NER,2016,15.34716
Niger,NER,2017,13.21516
Niger,NER,2018,16.33997
Niger,NER,2019,13.012805
Niger,NER,2020,13.33254
Niger,NER,2021,11.952616
Niger,NER,2022,12.371451
Niger,NER,2023,12.806974
Nigeria,NGA,2012,8.547881
Nigeria,NGA,2013,8.677393
Nigeria,NGA,2014,9.037188
Nigeria,NGA,2015,9.25551
Nigeria,NGA,2016,6.6521974
Nigeria,NGA,2017,6.1201053
Nigeria,NGA,2018,5.944552
Nigeria,NGA,2019,5.854972
Nigeria,NGA,2020,5.131437
Nigeria,NGA,2021,5.140226
Nigeria,NGA,2022,4.302818
Nigeria,NGA,2023,3.6472726
Nigeria,NGA,2024,2.978497
Niue,NIU,2020,6.7379503
Niue,NIU,2021,6.9142494
Niue,NIU,2022,6.7021174
Niue,NIU,2023,6.9051976
Niue,NIU,2024,5.8982472
Niue,NIU,2025,5.595123
North Korea,PRK,2010,13.080601
North Korea,PRK,2011,13.324709
North Korea,PRK,2012,13.98279
North Korea,PRK,2013,14.565662
North Korea,PRK,2014,14.253585
North Korea,PRK,2015,14.091636
North Korea,PRK,2016,13.768116
North Korea,PRK,2017,14.332085
North Korea,PRK,2018,14.972015
North Korea,PRK,2019,15.034072
North Korea,PRK,2020,14.171384
North Korea,PRK,2021,12.759856
North Korea,PRK,2022,13.855521
North Korea,PRK,2023,15.077501
North Korea,PRK,2024,13.676516
North Korea,PRK,2025,14.6250925
North Macedonia,MKD,2002,8.64088
Northern Africa and Western Asia (SDG),,2001,13.863335
Northern Africa and Western Asia (SDG),,2002,13.617115
Northern Africa and Western Asia (SDG),,2004,14.49789
Northern Africa and Western Asia (SDG),,2005,13.64809
Northern Africa and Western Asia (SDG),,2006,13.23999
Northern Africa and Western Asia (SDG),,2008,12.769335
Northern Africa and Western Asia (SDG),,2009,12.711805
Northern Africa and Western Asia (SDG),,2012,12.429105
Northern Africa and Western Asia (SDG),,2013,12.970699
Northern Africa and Western Asia (SDG),,2016,12.57772
Northern Africa and Western Asia (SDG),,2017,12.7213
Northern Africa and Western Asia (SDG),,2018,12.323394
Northern Africa and Western Asia (SDG),,2019,12.82557
Northern Africa and Western Asia (SDG),,2020,12.11332
Northern Africa and Western Asia (SDG),,2021,11.92159
Northern Africa and Western Asia (SDG),,2022,12.48295
Norway,NOR,1981,14.48762
Norway,NOR,1982,14.52952
Norway,NOR,1983,14.31285
Norway,NOR,1984,14.06793
Norway,NOR,1985,14.06037
Norway,NOR,1986,14.02932
Norway,NOR,1987,14.25894
Norway,NOR,1988,13.18506
Norway,NOR,1989,13.88952
Norway,NOR,1990,13.89447
Norway,NOR,1991,13.72193
Norway,NOR,1992,13.6661
Norway,NOR,1993,15.73932
Norway,NOR,1994,16.3509
Norway,NOR,1995,16.73825
Norway,NOR,1996,15.84255
Norway,NOR,1997,16.05325
Norway,NOR,1998,15.3911
Norway,NOR,1999,14.99257
Norway,NOR,2000,15.63019
Norway,NOR,2001,15.78386
Norway,NOR,2002,16.08358
Norway,NOR,2003,15.53073
Norway,NOR,2004,16.26293
Norway,NOR,2005,16.37253
Norway,NOR,2006,15.70711
Norway,NOR,2007,15.87799
Norway,NOR,2008,15.71776
Norway,NOR,2009,15.50778
Norway,NOR,2010,15.08849
Norway,NOR,2011,14.82681
Norway,NOR,2012,17.28206
Norway,NOR,2013,17.11924
Norway,NOR,2014,16.90208
Norway,NOR,2015,15.60758
Norway,NOR,2016,15.84072
Norway,NOR,2017,15.93968
Norway,NOR,2018,15.92573
Norway,NOR,2019,15.66553
Norway,NOR,2020,14.76427
Norway,NOR,2021,15.02767
Norway,NOR,2022,14.46911
Oceania (excluding Australia and New Zealand) (SDG),,2017,15.234409
Oceania (excluding Australia and New Zealand) (SDG),,2018,15.246521
Oceania (excluding Australia and New Zealand) (SDG),,2019,14.238842
Oceania (excluding Australia and New Zealand) (SDG),,2020,10.8677
Oceania (excluding Australia and New Zealand) (SDG),,2021,13.414665
Oceania (excluding Australia and New Zealand) (SDG),,2022,11.995947
Oceania (excluding Australia and New Zealand) (SDG),,2023,11.352884
Oceania (excluding Australia and New Zealand) (SDG),,2024,12.308089
Oman,OMN,1991,6.93074
Oman,OMN,1992,7.98643
Oman,OMN,1993,7.64961
Oman,OMN,1994,7.75603
Oman,OMN,1995,8.00464
Oman,OMN,1996,8.03902
Oman,OMN,1997,9.12556
Oman,OMN,1998,9.9918
Oman,OMN,1999,10.32786
Oman,OMN,2000,8.98344
Oman,OMN,2001,10.58399
Oman,OMN,2002,11.06248
Oman,OMN,2003,10.03896
Oman,OMN,2004,10.31647
Oman,OMN,2005,10.05364
Oman,OMN,2006,11.22463
Oman,OMN,2009,10.94918
Oman,OMN,2013,11.08018
Oman,OMN,2017,15.20722
Oman,OMN,2018,11.96631
Oman,OMN,2019,13.058
Oman,OMN,2020,15.44277
Oman,OMN,2022,14.17795
Pakistan,PAK,1993,7.80285
Pakistan,PAK,1994,9.37643
Pakistan,PAK,1995,10.31327
Pakistan,PAK,1996,10.06899
Pakistan,PAK,1997,11.7534
Pakistan,PAK,1999,11.30733
Pakistan,PAK,2000,8.48988
Pakistan,PAK,2004,11.22935
Pakistan,PAK,2005,13.77751
Pakistan,PAK,2006,15.2891
Pakistan,PAK,2007,15.44552
Pakistan,PAK,2008,14.09696
Pakistan,PAK,2009,12.08263
Pakistan,PAK,2010,11.86466
Pakistan,PAK,2011,10.92461
Pakistan,PAK,2012,11.04063
Pakistan,PAK,2013,11.51398
Pakistan,PAK,2014,11.30066
Pakistan,PAK,2015,13.18728
Pakistan,PAK,2016,15.06348
Pakistan,PAK,2017,14.54478
Pakistan,PAK,2018,12.192479
Pakistan,PAK,2019,11.59168
Pakistan,PAK,2020,10.796212
Pakistan,PAK,2021,7.817208
Pakistan,PAK,2022,9.404404
Pakistan,PAK,2023,9.75506
Palau,PLW,2000,13.80012
Palau,PLW,2001,15.30785
Palau,PLW,2002,15.53766
Palau,PLW,2020,9.009482
Palau,PLW,2021,8.909601
Palau,PLW,2022,10.155325
Palau,PLW,2023,9.528683
Palau,PLW,2024,9.8450985
Palau,PLW,2025,9.13295
Panama,PAN,1995,17.40129
Panama,PAN,1996,17.66302
Panama,PAN,1997,16.48343
Panama,PAN,1999,18.84409
Panama,PAN,2000,19.83194
Panama,PAN,2001,16.63913
Panama,PAN,2002,16.9575
Panama,PAN,2003,16.34301
Panama,PAN,2004,14.57617
Panama,PAN,2008,14.87475
Panama,PAN,2011,12.94436
Panama,PAN,2014,13.32863
Panama,PAN,2015,15.18982
Panama,PAN,2016,15.53779
Panama,PAN,2017,15.88371
Panama,PAN,2018,15.81631
Panama,PAN,2019,15.607378
Panama,PAN,2020,15.62963
Panama,PAN,2021,15.6105
Panama,PAN,2022,15.78133
Panama,PAN,2023,11.49275
Panama,PAN,2024,16.280294
Papua New Guinea,PNG,2015,7.2417955
Papua New Guinea,PNG,2016,4.0913916
Papua New Guinea,PNG,2017,10.6982
Papua New Guinea,PNG,2018,9.2271
Papua New Guinea,PNG,2019,3.57765
Papua New Guinea,PNG,2020,3.820021
Papua New Guinea,PNG,2021,3.2497325
Papua New Guinea,PNG,2022,2.9343994
Papua New Guinea,PNG,2023,3.538144
Paraguay,PRY,1985,8.36333
Paraguay,PRY,1990,7.85806
Paraguay,PRY,1998,17.08779
Paraguay,PRY,1999,21.87684
Paraguay,PRY,2000,21.55939
Paraguay,PRY,2001,19.87922
Paraguay,PRY,2002,18.8154
Paraguay,PRY,2003,20.89403
Paraguay,PRY,2004,18.21824
Paraguay,PRY,2007,19.42472
Paraguay,PRY,2010,18.76241
Paraguay,PRY,2011,23.29774
Paraguay,PRY,2012,19.63423
Paraguay,PRY,2016,18.15432
Paraguay,PRY,2020,24.52182
Paraguay,PRY,2021,23.6369
Paraguay,PRY,2022,24.06851
Paraguay,PRY,2023,21.98883
Paraguay,PRY,2024,16.83371
Paraguay,PRY,2025,11.65274
Peru,PER,2000,15.25037
Peru,PER,2001,14.79623
Peru,PER,2002,14.57806
Peru,PER,2003,14.65831
Peru,PER,2004,15.27385
Peru,PER,2005,14.27852
Peru,PER,2006,14.0353
Peru,PER,2007,14.14177
Peru,PER,2008,14.37782
Peru,PER,2009,14.54763
Peru,PER,2010,13.49237
Peru,PER,2011,13.54424
Peru,PER,2012,14.36949
Peru,PER,2013,15.22194
Peru,PER,2014,16.22751
Peru,PER,2015,17.61538
Peru,PER,2016,17.93577
Peru,PER,2017,18.32116
Peru,PER,2018,17.15218
Peru,PER,2019,17.73302
Peru,PER,2020,15.92726
Peru,PER,2021,16.71789
Peru,PER,2022,16.473
Peru,PER,2023,18.85772
Peru,PER,2024,19.20502
Philippines,PHL,1995,15.24298
Philippines,PHL,1996,17.56657
Philippines,PHL,1997,15.17013
Philippines,PHL,1998,18.18099
Philippines,PHL,2000,15.20676
Philippines,PHL,2001,13.91591
Philippines,PHL,2002,14.06893
Philippines,PHL,2003,14.38022
Philippines,PHL,2004,12.75085
Philippines,PHL,2005,12.42236
Philippines,PHL,2006,13.26853
Philippines,PHL,2007,13.66702
Philippines,PHL,2008,14.44199
Philippines,PHL,2009,13.21116
Philippines,PHL,2014,15.515941
Philippines,PHL,2015,15.145533
Philippines,PHL,2016,16.642096
Philippines,PHL,2017,19.590427
Philippines,PHL,2018,18.692013
Philippines,PHL,2019,18.163092
Philippines,PHL,2020,16.893265
Philippines,PHL,2021,16.68166
Philippines,PHL,2022,15.696401
Philippines,PHL,2023,16.727983
Philippines,PHL,2024,16.549486
Philippines,PHL,2025,15.195238
Poland,POL,1996,16.79591
Poland,POL,1998,11.27881
Poland,POL,1999,10.8919
Poland,POL,2000,11.58057
Poland,POL,2001,11.86566
Poland,POL,2002,11.9206
Poland,POL,2003,11.67522
Poland,POL,2004,12.32353
Poland,POL,2005,12.26529
Poland,POL,2006,12.70998
Poland,POL,2007,11.34833
Poland,POL,2008,11.41025
Poland,POL,2009,11.08305
Poland,POL,2010,11.04652
Poland,POL,2011,10.94568
Poland,POL,2012,11.19551
Poland,POL,2013,11.56644
Poland,POL,2014,11.5705
Poland,POL,2015,11.53715
Poland,POL,2016,11.2716
Poland,POL,2017,11.04396
Poland,POL,2018,11.11062
Poland,POL,2019,11.17117
Poland,POL,2020,10.05723
Poland,POL,2021,10.60409
Poland,POL,2022,9.97441
Portugal,PRT,1987,7.2148
Portugal,PRT,1988,9.00402
Portugal,PRT,1989,9.87161
Portugal,PRT,1990,10.27088
Portugal,PRT,1991,11.01978
Portugal,PRT,1992,10.5865
Portugal,PRT,1993,10.53203
Portugal,PRT,1994,10.91922
Portugal,PRT,1995,11.66046
Portugal,PRT,1996,12.60287
Portugal,PRT,1999,11.86595
Portugal,PRT,2000,12.05485
Portugal,PRT,2001,12.09663
Portugal,PRT,2002,11.90096
Portugal,PRT,2003,11.63734
Portugal,PRT,2004,10.95652
Portugal,PRT,2005,10.85197
Portugal,PRT,2006,10.87009
Portugal,PRT,2007,11.04791
Portugal,PRT,2008,10.32434
Portugal,PRT,2009,11.06928
Portugal,PRT,2010,10.41673
Portugal,PRT,2011,10.22797
Portugal,PRT,2012,10.12046
Portugal,PRT,2013,10.5396
Portugal,PRT,2014,9.91122
Portugal,PRT,2015,10.15071
Portugal,PRT,2017,11.05157
Portugal,PRT,2018,10.8117
Portugal,PRT,2019,10.89322
Portugal,PRT,2020,9.90179
Portugal,PRT,2021,10.08262
Portugal,PRT,2022,10.37424
Puerto Rico,PRI,2015,12.282079
Puerto Rico,PRI,2016,10.081634
Puerto Rico,PRI,2017,10.889894
Puerto Rico,PRI,2018,10.281033
Puerto Rico,PRI,2019,13.815475
Puerto Rico,PRI,2020,16.679342
Puerto Rico,PRI,2021,14.079046
Puerto Rico,PRI,2022,16.37487
Puerto Rico,PRI,2023,17.485794
Puerto Rico,PRI,2024,17.1471
Puerto Rico,PRI,2025,15.961823
Qatar,QAT,1998,7.8437
Qatar,QAT,1999,9.52663
Qatar,QAT,2000,9.67605
Qatar,QAT,2001,10.55131
Qatar,QAT,2002,12.00746
Qatar,QAT,2003,10.70006
Qatar,QAT,2004,12.05313
Qatar,QAT,2005,13.74476
Qatar,QAT,2008,15.05552
Qatar,QAT,2009,14.83565
Qatar,QAT,2010,13.81727
Qatar,QAT,2011,13.10685
Qatar,QAT,2012,12.30794
Qatar,QAT,2013,13.14834
Qatar,QAT,2014,12.74284
Qatar,QAT,2017,8.56085
Qatar,QAT,2019,8.63649
Qatar,QAT,2020,9.31911
Romania,ROU,1996,14.72865
Romania,ROU,2000,8.18758
Romania,ROU,2001,9.84882
Romania,ROU,2002,10.92235
Romania,ROU,2003,11.13906
Romania,ROU,2004,9.84331
Romania,ROU,2005,10.83668
Romania,ROU,2006,12.71962
Romania,ROU,2007,12.00496
Romania,ROU,2008,11.61622
Romania,ROU,2009,11.02129
Romania,ROU,2010,9.12913
Romania,ROU,2011,8.31299
Romania,ROU,2012,8.43579
Romania,ROU,2013,8.96413
Romania,ROU,2014,9.25695
Romania,ROU,2015,9.09451
Romania,ROU,2016,9.51059
Romania,ROU,2017,10.05265
Romania,ROU,2018,10.46096
Romania,ROU,2019,10.70549
Romania,ROU,2020,9.3997
Romania,ROU,2021,8.95024
Romania,ROU,2022,8.77512
Russia,RUS,2000,8.95185
Russia,RUS,2001,9.21336
Russia,RUS,2002,10.58384
Russia,RUS,2003,10.53169
Russia,RUS,2004,11.17591
Russia,RUS,2005,11.95057
Russia,RUS,2006,12.4258
Russia,RUS,2008,11.95923
Russia,RUS,2012,11.14676
Russia,RUS,2013,10.86184
Russia,RUS,2014,11.48852
Russia,RUS,2015,10.86947
Russia,RUS,2016,10.98528
Russia,RUS,2017,13.46508
Russia,RUS,2018,14.34108
Rwanda,RWA,1999,17.25067
Rwanda,RWA,2000,18.83533
Rwanda,RWA,2001,25.31314
Rwanda,RWA,2007,17.78655
Rwanda,RWA,2008,15.59151
Rwanda,RWA,2010,17.54806
Rwanda,RWA,2011,15.34338
Rwanda,RWA,2012,15.81547
Rwanda,RWA,2013,16.85963
Rwanda,RWA,2014,13.73432
Rwanda,RWA,2015,12.53905
Rwanda,RWA,2016,12.27839
Rwanda,RWA,2017,11.07961
Rwanda,RWA,2018,10.80461
Rwanda,RWA,2019,10.998146
Rwanda,RWA,2020,10.7835245
Rwanda,RWA,2021,15.53224
Rwanda,RWA,2022,12.76614
Rwanda,RWA,2023,15.02464
Rwanda,RWA,2024,14.19098
Rwanda,RWA,2025,13.931214
Saint Kitts and Nevis,KNA,1985,19.16774
Saint Kitts and Nevis,KNA,1987,13.00741
Saint Kitts and Nevis,KNA,1989,9.14
Saint Kitts and Nevis,KNA,1991,11.22642
Saint Kitts and Nevis,KNA,1992,15.21414
Saint Kitts and Nevis,KNA,1995,13.37853
Saint Kitts and Nevis,KNA,1998,14.4316
Saint Kitts and Nevis,KNA,1999,10.35227
Saint Kitts and Nevis,KNA,2000,13.68505
Saint Kitts and Nevis,KNA,2001,14.31911
Saint Kitts and Nevis,KNA,2002,11.05933
Saint Kitts and Nevis,KNA,2003,12.28806
Saint Kitts and Nevis,KNA,2004,11.79026
Saint Kitts and Nevis,KNA,2005,11.05621
Saint Kitts and Nevis,KNA,2006,12.47841
Saint Kitts and Nevis,KNA,2007,13.05181
Saint Kitts and Nevis,KNA,2010,8.654871
Saint Kitts and Nevis,KNA,2011,10.650971
Saint Kitts and Nevis,KNA,2012,11.431451
Saint Kitts and Nevis,KNA,2013,13.313378
Saint Kitts and Nevis,KNA,2014,12.2172165
Saint Kitts and Nevis,KNA,2015,8.77348
Saint Kitts and Nevis,KNA,2016,14.36052
Saint Kitts and Nevis,KNA,2017,13.263625
Saint Kitts and Nevis,KNA,2018,10.106339
Saint Kitts and Nevis,KNA,2019,8.638547
Saint Kitts and Nevis,KNA,2020,9.614765
Saint Kitts and Nevis,KNA,2021,6.7577
Saint Kitts and Nevis,KNA,2022,7.7259088
Saint Kitts and Nevis,KNA,2023,9.075799
Saint Kitts and Nevis,KNA,2024,10.203182
Saint Kitts and Nevis,KNA,2025,11.002182
Saint Lucia,LCA,1986,23.2561
Saint Lucia,LCA,1994,31.31318
Saint Lucia,LCA,1998,29.43382
Saint Lucia,LCA,1999,26.03627
Saint Lucia,LCA,2001,25.85463
Saint Lucia,LCA,2003,15.42216
Saint Lucia,LCA,2004,15.04104
Saint Lucia,LCA,2005,16.30697
Saint Lucia,LCA,2006,19.01138
Saint Lucia,LCA,2008,19.94337
Saint Lucia,LCA,2009,13.89532
Saint Lucia,LCA,2010,14.20208
Saint Lucia,LCA,2011,13.83676
Saint Lucia,LCA,2012,12.19245
Saint Lucia,LCA,2013,13.84786
Saint Lucia,LCA,2014,15.30152
Saint Lucia,LCA,2015,16.45298
Saint Lucia,LCA,2016,21.9757
Saint Lucia,LCA,2017,14.099736
Saint Lucia,LCA,2018,14.30672
Saint Lucia,LCA,2019,14.07344
Saint Lucia,LCA,2020,14.39327
Saint Lucia,LCA,2021,14.4675865
Saint Lucia,LCA,2022,16.89816
Saint Lucia,LCA,2023,11.99498
Saint Lucia,LCA,2024,13.848794
Saint Lucia,LCA,2025,12.74813
Saint Vincent and the Grenadines,VCT,1986,22.89881
Saint Vincent and the Grenadines,VCT,1989,18.24648
Saint Vincent and the Grenadines,VCT,1991,20.69969
Saint Vincent and the Grenadines,VCT,1998,14.84942
Saint Vincent and the Grenadines,VCT,1999,21.14544
Saint Vincent and the Grenadines,VCT,2000,30.7892
Saint Vincent and the Grenadines,VCT,2002,28.70131
Saint Vincent and the Grenadines,VCT,2003,31.47551
Saint Vincent and the Grenadines,VCT,2005,22.59199
Saint Vincent and the Grenadines,VCT,2007,20.03841
Saint Vincent and the Grenadines,VCT,2009,17.3385
Saint Vincent and the Grenadines,VCT,2010,15.48563
Saint Vincent and the Grenadines,VCT,2015,17.2
Saint Vincent and the Grenadines,VCT,2016,20.14841
Saint Vincent and the Grenadines,VCT,2017,20.19764
Saint Vincent and the Grenadines,VCT,2018,19.86034
Saint Vincent and the Grenadines,VCT,2020,13
Saint Vincent and the Grenadines,VCT,2022,15.227081
Saint Vincent and the Grenadines,VCT,2023,12.855465
Saint Vincent and the Grenadines,VCT,2024,12.626878
Samoa,WSM,1999,13.41717
Samoa,WSM,2000,10.4613
Samoa,WSM,2001,12.77033
Samoa,WSM,2002,12.7938
Samoa,WSM,2008,16.06423
Samoa,WSM,2010,8.817219
Samoa,WSM,2011,11.034945
Samoa,WSM,2012,12.160649
Samoa,WSM,2013,14.652864
Samoa,WSM,2014,15.011057
Samoa,WSM,2015,14.693888
Samoa,WSM,2016,13.0389
Samoa,WSM,2017,15.169728
Samoa,WSM,2018,14.955382
Samoa,WSM,2019,13.434944
Samoa,WSM,2020,12.811949
Samoa,WSM,2021,15.36419
Samoa,WSM,2022,13.600287
Samoa,WSM,2023,13.742158
Samoa,WSM,2024,12.871008
Samoa,WSM,2025,11.7144985
San Marino,SMR,2010,10.78129
San Marino,SMR,2011,10.64036
San Marino,SMR,2017,13.17935
San Marino,SMR,2018,14.48633
San Marino,SMR,2019,15.05992
San Marino,SMR,2020,5.789347
San Marino,SMR,2021,8.37981
San Marino,SMR,2022,13.36879
San Marino,SMR,2023,12.98976
Sao Tome and Principe,STP,2002,6.56044
Sao Tome and Principe,STP,2003,6.69201
Sao Tome and Principe,STP,2004,5.85359
Sao Tome and Principe,STP,2005,12.12548
Sao Tome and Principe,STP,2006,14.08423
Sao Tome and Principe,STP,2007,16.65735
Sao Tome and Principe,STP,2008,18.24863
Sao Tome and Principe,STP,2009,20.56078
Sao Tome and Principe,STP,2010,19.32741
Sao Tome and Principe,STP,2011,11.380416
Sao Tome and Principe,STP,2012,13.72162
Sao Tome and Principe,STP,2013,18.82967
Sao Tome and Principe,STP,2014,12.32467
Sao Tome and Principe,STP,2015,11.29734
Sao Tome and Principe,STP,2016,15.96668
Sao Tome and Principe,STP,2017,18.4
Sao Tome and Principe,STP,2018,20.11654
Sao Tome and Principe,STP,2019,17.592445
Sao Tome and Principe,STP,2020,16.125937
Sao Tome and Principe,STP,2021,16.58419
Sao Tome and Principe,STP,2022,17.086329
Sao Tome and Principe,STP,2023,18.345007
Sao Tome and Principe,STP,2024,18.086697
Saudi Arabia,SAU,1991,14.71302
Saudi Arabia,SAU,1992,14.72169
Saudi Arabia,SAU,1993,14.57367
Saudi Arabia,SAU,1994,16.81303
Saudi Arabia,SAU,1995,16.84456
Saudi Arabia,SAU,1996,15.2523
Saudi Arabia,SAU,1997,12.29582
Saudi Arabia,SAU,1998,23.98243
Saudi Arabia,SAU,1999,23.3294
Saudi Arabia,SAU,2000,17.83659
Saudi Arabia,SAU,2001,20.89614
Saudi Arabia,SAU,2002,21.29412
Saudi Arabia,SAU,2003,21.45522
Saudi Arabia,SAU,2004,20.18866
Saudi Arabia,SAU,2005,19.29229
Saudi Arabia,SAU,2006,21.60387
Saudi Arabia,SAU,2008,19.25742
Saudi Arabia,SAU,2023,15.843458
Saudi Arabia,SAU,2024,15.635807
Senegal,SEN,1998,18.73254
Senegal,SEN,1999,16.82036
Senegal,SEN,2000,17.61849
Senegal,SEN,2001,15.72974
Senegal,SEN,2002,16.72192
Senegal,SEN,2003,16.11751
Senegal,SEN,2004,16.96225
Senegal,SEN,2005,21.77097
Senegal,SEN,2006,17.95464
Senegal,SEN,2008,19.22614
Senegal,SEN,2009,23.30045
Senegal,SEN,2010,2.5106
Senegal,SEN,2011,21.08697
Senegal,SEN,2012,20.79525
Senegal,SEN,2013,25.74235
Senegal,SEN,2014,24.80131
Senegal,SEN,2015,23.77827
Senegal,SEN,2016,21.33737
Senegal,SEN,2017,21.10169
Senegal,SEN,2018,22.65928
Senegal,SEN,2019,14.69312
Senegal,SEN,2020,19.21674
Senegal,SEN,2021,16.67687
Senegal,SEN,2022,16.49155
Senegal,SEN,2023,22.54717
Senegal,SEN,2025,20.9106
Serbia,SRB,2007,9.97664
Serbia,SRB,2009,10.48218
Serbia,SRB,2011,10.17957
Serbia,SRB,2016,8.69299
Serbia,SRB,2017,9.25646
Serbia,SRB,2018,8.80428
Serbia,SRB,2019,8.6046
Serbia,SRB,2021,7.08669
Serbia,SRB,2022,7.44969
Serbia,SRB,2023,8.38354
Seychelles,SYC,1984,26.99181
Seychelles,SYC,1985,22.83296
Seychelles,SYC,1986,19.51612
Seychelles,SYC,1988,18.25663
Seychelles,SYC,1989,19.83613
Seychelles,SYC,1994,14.97166
Seychelles,SYC,1995,11.91291
Seychelles,SYC,1996,15.13588
Seychelles,SYC,1998,9.87257
Seychelles,SYC,1999,9.37376
Seychelles,SYC,2002,9.22016
Seychelles,SYC,2003,12.0432
Seychelles,SYC,2006,10.95452
Seychelles,SYC,2011,10.3683
Seychelles,SYC,2012,6.77967
Seychelles,SYC,2013,9.53663
Seychelles,SYC,2014,11.841
Seychelles,SYC,2015,15.59242
Seychelles,SYC,2016,11.66483
Seychelles,SYC,2017,10.25983
Seychelles,SYC,2018,10.51462
Seychelles,SYC,2019,11.130556
Seychelles,SYC,2020,9.168005
Seychelles,SYC,2021,10.483746
Seychelles,SYC,2022,10.648763
Seychelles,SYC,2023,12.739981
Seychelles,SYC,2024,13.141958
Seychelles,SYC,2025,10.685725
Sierra Leone,SLE,2000,20.73
Sierra Leone,SLE,2001,17.97
Sierra Leone,SLE,2002,17.699999
Sierra Leone,SLE,2003,17.32
Sierra Leone,SLE,2004,17.15
Sierra Leone,SLE,2005,15.51
Sierra Leone,SLE,2007,19.75
Sierra Leone,SLE,2008,14.929999
Sierra Leone,SLE,2009,15.900001
Sierra Leone,SLE,2010,12.799999
Sierra Leone,SLE,2011,12.41
Sierra Leone,SLE,2012,14.13
Sierra Leone,SLE,2013,15.2
Sierra Leone,SLE,2014,15.09
Sierra Leone,SLE,2016,12.47
Sierra Leone,SLE,2017,19.89
Sierra Leone,SLE,2018,32.73
Sierra Leone,SLE,2019,35.01
Sierra Leone,SLE,2020,34.24
Sierra Leone,SLE,2021,33.420002
Sierra Leone,SLE,2022,29.37
Sierra Leone,SLE,2024,19.95919
Sierra Leone,SLE,2025,20.546375
Singapore,SGP,2000,20.30553
Singapore,SGP,2001,21.55666
Singapore,SGP,2002,21.41607
Singapore,SGP,2003,24.75983
Singapore,SGP,2004,22.74441
Singapore,SGP,2005,22.27879
Singapore,SGP,2006,22.53678
Singapore,SGP,2007,23.23229
Singapore,SGP,2008,30.09941
Singapore,SGP,2009,21.85297
Singapore,SGP,2010,18.57173
Singapore,SGP,2011,28.86184
Singapore,SGP,2012,31.37175
Singapore,SGP,2013,28.83915
Singapore,SGP,2014,20.474401
Singapore,SGP,2015,17.695375
Singapore,SGP,2016,17.550848
Singapore,SGP,2017,17.253521
Singapore,SGP,2018,20.71953
Singapore,SGP,2019,19.47426
Singapore,SGP,2020,19.19477
Singapore,SGP,2021,11.47174
Singapore,SGP,2022,15.13493
Singapore,SGP,2023,14.07042
Singapore,SGP,2024,12.861115
Singapore,SGP,2025,11.993451
Sint Maarten (Dutch part),SXM,2022,22.611036
Sint Maarten (Dutch part),SXM,2023,23.04427
Slovakia,SVK,1996,9.48365
Slovakia,SVK,1997,8.44779
Slovakia,SVK,1999,8.47602
Slovakia,SVK,2000,7.2656
Slovakia,SVK,2001,8.52627
Slovakia,SVK,2002,9.24452
Slovakia,SVK,2003,10.57927
Slovakia,SVK,2004,10.72064
Slovakia,SVK,2005,9.64749
Slovakia,SVK,2006,9.7128
Slovakia,SVK,2007,9.80428
Slovakia,SVK,2008,9.65706
Slovakia,SVK,2009,9.27217
Slovakia,SVK,2010,9.85928
Slovakia,SVK,2011,9.57921
Slovakia,SVK,2012,9.6275
Slovakia,SVK,2013,9.87995
Slovakia,SVK,2014,10.0169
Slovakia,SVK,2015,10.34345
Slovakia,SVK,2016,9.4958
Slovakia,SVK,2017,9.85028
Slovakia,SVK,2018,9.92532
Slovakia,SVK,2019,10.49931
Slovakia,SVK,2020,10.60757
Slovakia,SVK,2021,10.50738
Slovakia,SVK,2022,10.82809
Slovenia,SVN,2001,11.82783
Slovenia,SVN,2002,12.01116
Slovenia,SVN,2003,12.09881
Slovenia,SVN,2004,12.12226
Slovenia,SVN,2005,12.09898
Slovenia,SVN,2006,12.30091
Slovenia,SVN,2007,11.81183
Slovenia,SVN,2008,11.36486
Slovenia,SVN,2009,11.24169
Slovenia,SVN,2010,11.02782
Slovenia,SVN,2011,10.8594
Slovenia,SVN,2012,11.33906
Slovenia,SVN,2013,9.47187
Slovenia,SVN,2014,10.56889
Slovenia,SVN,2015,10.01198
Slovenia,SVN,2016,10.32665
Slovenia,SVN,2017,10.81286
Slovenia,SVN,2018,11.30204
Slovenia,SVN,2019,11.27119
Slovenia,SVN,2020,10.46212
Slovenia,SVN,2021,10.80632
Slovenia,SVN,2022,11.08095
Solomon Islands,SLB,1991,14.69325
Solomon Islands,SLB,1998,14.91904
Solomon Islands,SLB,2007,34.68081
Solomon Islands,SLB,2008,28.40708
Solomon Islands,SLB,2009,29.35207
Solomon Islands,SLB,2010,33.12896
Solomon Islands,SLB,2020,30.494392
Solomon Islands,SLB,2021,25.996826
Solomon Islands,SLB,2022,25.781618
Solomon Islands,SLB,2023,23.199633
Solomon Islands,SLB,2024,25.228785
Somalia,SOM,2015,1.4211317
Somalia,SOM,2016,1.3148407
Somalia,SOM,2017,2.2234619
Somalia,SOM,2018,2.9617977
Somalia,SOM,2019,4.287323
Somalia,SOM,2020,2.9977145
Somalia,SOM,2021,3.6502445
Somalia,SOM,2022,2.7621527
Somalia,SOM,2023,3.591567
Somalia,SOM,2024,6.955548
Somalia,SOM,2025,8.126535
South Africa,ZAF,2001,20.47205
South Africa,ZAF,2002,20.0957
South Africa,ZAF,2003,19.5923
South Africa,ZAF,2004,19.93463
South Africa,ZAF,2005,19.92499
South Africa,ZAF,2006,18.00499
South Africa,ZAF,2007,18.02707
South Africa,ZAF,2008,17.90631
South Africa,ZAF,2009,18.30626
South Africa,ZAF,2010,18.04437
South Africa,ZAF,2011,18.66229
South Africa,ZAF,2012,19.66995
South Africa,ZAF,2013,18.6966
South Africa,ZAF,2014,18.98916
South Africa,ZAF,2015,18.69935
South Africa,ZAF,2016,18.04874
South Africa,ZAF,2017,18.71929
South Africa,ZAF,2018,18.90159
South Africa,ZAF,2019,19.60577
South Africa,ZAF,2020,19.6557
South Africa,ZAF,2021,18.93695
South Africa,ZAF,2022,18.89266
South Africa,ZAF,2023,19.17063
South Africa,ZAF,2024,18.51523
South Africa,ZAF,2025,19.141304
South Sudan,SSD,2011,3.9507
South Sudan,SSD,2013,3.22802
South Sudan,SSD,2014,4.13136
South Sudan,SSD,2015,3.32495
South Sudan,SSD,2024,0.00336
Spain,ESP,1987,8.84344
Spain,ESP,1988,9.63937
Spain,ESP,1989,10.34299
Spain,ESP,1990,10.14229
Spain,ESP,1991,10.03194
Spain,ESP,1992,9.73046
Spain,ESP,1993,10.047
Spain,ESP,1994,10.26705
Spain,ESP,1995,10.65826
Spain,ESP,1996,10.73558
Spain,ESP,1998,10.47189
Spain,ESP,1999,10.67072
Spain,ESP,2000,10.65303
Spain,ESP,2001,10.70274
Spain,ESP,2002,10.70097
Spain,ESP,2003,10.87535
Spain,ESP,2004,10.71127
Spain,ESP,2005,10.76976
Spain,ESP,2006,10.88783
Spain,ESP,2007,10.83694
Spain,ESP,2008,10.92608
Spain,ESP,2009,10.62498
Spain,ESP,2010,10.54881
Spain,ESP,2011,10.27163
Spain,ESP,2012,9.05819
Spain,ESP,2013,9.37673
Spain,ESP,2014,9.48867
Spain,ESP,2015,9.72699
Spain,ESP,2016,9.95104
Spain,ESP,2017,10.17955
Spain,ESP,2018,9.99577
Spain,ESP,2019,10.00431
Spain,ESP,2020,9.43229
Spain,ESP,2021,9.72498
Spain,ESP,2022,9.87539
Sri Lanka,LKA,1991,10.87623
Sri Lanka,LKA,1994,12.70728
Sri Lanka,LKA,1995,11.56567
Sri Lanka,LKA,1996,12.69389
Sri Lanka,LKA,1998,11.66883
Sri Lanka,LKA,2009,8.27079
Sri Lanka,LKA,2010,8.60566
Sri Lanka,LKA,2011,9.11016
Sri Lanka,LKA,2012,8.39403
Sri Lanka,LKA,2013,9.41995
Sri Lanka,LKA,2014,10.82396
Sri Lanka,LKA,2015,10.95026
Sri Lanka,LKA,2016,17.72876
Sri Lanka,LKA,2017,14.49976
Sri Lanka,LKA,2018,11.3309
Sri Lanka,LKA,2020,5.4685917
Sri Lanka,LKA,2021,5.038812
Sri Lanka,LKA,2022,5.3458304
Sri Lanka,LKA,2023,8.678467
Sri Lanka,LKA,2024,7.2227
Sub-Saharan Africa (SDG),,2000,15.280365
Sub-Saharan Africa (SDG),,2001,15.72974
Sub-Saharan Africa (SDG),,2002,15.737209
Sub-Saharan Africa (SDG),,2003,16.15263
Sub-Saharan Africa (SDG),,2004,17.26855
Sub-Saharan Africa (SDG),,2005,17.692284
Sub-Saharan Africa (SDG),,2006,17.085209
Sub-Saharan Africa (SDG),,2008,17.90631
Sub-Saharan Africa (SDG),,2009,17.86382
Sub-Saharan Africa (SDG),,2010,17.06808
Sub-Saharan Africa (SDG),,2011,15.11833
Sub-Saharan Africa (SDG),,2012,15.855425
Sub-Saharan Africa (SDG),,2013,16.17004
Sub-Saharan Africa (SDG),,2014,16.439331
Sub-Saharan Africa (SDG),,2015,16.19138
Sub-Saharan Africa (SDG),,2016,15.66362
Sub-Saharan Africa (SDG),,2017,16.19138
Sub-Saharan Africa (SDG),,2018,16.40555
Sub-Saharan Africa (SDG),,2019,14.69312
Sub-Saharan Africa (SDG),,2020,15.14261
Sub-Saharan Africa (SDG),,2021,15.34087
Sub-Saharan Africa (SDG),,2022,14.99147
Sub-Saharan Africa (SDG),,2023,14.823605
Sub-Saharan Africa (SDG),,2024,14.729153
Sudan,SDN,2000,9.11689
Sudan,SDN,2002,11.04489
Sudan,SDN,2004,7.94924
Sudan,SDN,2005,5.9668
Sudan,SDN,2006,8.25316
Sudan,SDN,2008,9.39278
Sudan,SDN,2009,10.78182
Suriname,SUR,2015,11.376599
Suriname,SUR,2016,16.075418
Suriname,SUR,2017,17.323578
Suriname,SUR,2018,14.724173
Suriname,SUR,2019,15.276989
Suriname,SUR,2020,13.942346
Suriname,SUR,2021,11.782946
Suriname,SUR,2022,10.955437
Suriname,SUR,2023,7.536292
Suriname,SUR,2024,8.553004
Sweden,SWE,1980,9.80297
Sweden,SWE,1981,10.13675
Sweden,SWE,1990,8.29234
Sweden,SWE,1991,8.38485
Sweden,SWE,1992,7.96928
Sweden,SWE,1993,8.1101
Sweden,SWE,1995,10.1756
Sweden,SWE,1996,11.30233
Sweden,SWE,1998,12.69245
Sweden,SWE,1999,12.38849
Sweden,SWE,2000,12.89868
Sweden,SWE,2001,12.78553
Sweden,SWE,2002,13.11835
Sweden,SWE,2003,12.83383
Sweden,SWE,2004,12.91323
Sweden,SWE,2005,12.73133
Sweden,SWE,2006,12.71202
Sweden,SWE,2007,12.76568
Sweden,SWE,2008,12.92363
Sweden,SWE,2009,13.12812
Sweden,SWE,2010,13.19379
Sweden,SWE,2011,13.04813
Sweden,SWE,2012,15.07508
Sweden,SWE,2013,14.88732
Sweden,SWE,2014,15.04501
Sweden,SWE,2015,15.18671
Sweden,SWE,2016,15.46417
Sweden,SWE,2017,15.53695
Sweden,SWE,2018,15.51505
Sweden,SWE,2019,15.74523
Sweden,SWE,2020,15.31174
Sweden,SWE,2021,15.54915
Sweden,SWE,2022,15.27605
Switzerland,CHE,1984,15.5939
Switzerland,CHE,1985,15.52195
Switzerland,CHE,1986,15.73204
Switzerland,CHE,1987,15.45472
Switzerland,CHE,1988,16.15731
Switzerland,CHE,1989,15.81579
Switzerland,CHE,1990,17.18164
Switzerland,CHE,1991,17.17259
Switzerland,CHE,1993,16.1593
Switzerland,CHE,1994,15.51152
Switzerland,CHE,1995,15.31004
Switzerland,CHE,1996,15.27909
Switzerland,CHE,1998,14.55201
Switzerland,CHE,1999,14.3331
Switzerland,CHE,2000,14.45216
Switzerland,CHE,2001,15.25534
Switzerland,CHE,2002,15.18126
Switzerland,CHE,2003,16.19942
Switzerland,CHE,2004,16.0964
Switzerland,CHE,2005,15.70399
Switzerland,CHE,2006,15.85388
Switzerland,CHE,2007,15.56042
Switzerland,CHE,2008,15.88504
Switzerland,CHE,2009,15.52214
Switzerland,CHE,2010,15.28764
Switzerland,CHE,2011,15.44705
Switzerland,CHE,2012,15.47457
Switzerland,CHE,2013,15.09431
Switzerland,CHE,2014,15.32169
Switzerland,CHE,2015,15.38836
Switzerland,CHE,2016,15.36047
Switzerland,CHE,2017,15.46105
Switzerland,CHE,2018,15.52597
Switzerland,CHE,2019,15.67674
Switzerland,CHE,2020,14.27456
Switzerland,CHE,2021,14.60931
Switzerland,CHE,2022,15.41517
Syria,SYR,1996,15.04076
Syria,SYR,2001,15.66206
Syria,SYR,2002,16.82607
Syria,SYR,2003,19.8554
Syria,SYR,2004,17.1454
Syria,SYR,2006,20.04848
Syria,SYR,2007,18.92593
Syria,SYR,2008,20.04079
Syria,SYR,2009,19.18405
Tajikistan,TJK,1998,14.72989
Tajikistan,TJK,1999,11.83439
Tajikistan,TJK,2000,12.72385
Tajikistan,TJK,2001,14.00713
Tajikistan,TJK,2002,14.63925
Tajikistan,TJK,2003,12.70824
Tajikistan,TJK,2004,13.70966
Tajikistan,TJK,2005,15.33973
Tajikistan,TJK,2006,15.84657
Tajikistan,TJK,2007,16.82249
Tajikistan,TJK,2008,17.24267
Tajikistan,TJK,2009,17.35974
Tajikistan,TJK,2010,15.4922
Tajikistan,TJK,2011,16.20781
Tajikistan,TJK,2012,16.24968
Tajikistan,TJK,2013,17.368958
Tajikistan,TJK,2014,17.796385
Tajikistan,TJK,2015,16.39867
Tajikistan,TJK,2016,17.038363
Tajikistan,TJK,2017,18.14115
Tajikistan,TJK,2018,15.888622
Tajikistan,TJK,2019,18.22824
Tajikistan,TJK,2020,17.297422
Tajikistan,TJK,2021,15.043316
Tajikistan,TJK,2022,18.347363
Tajikistan,TJK,2023,17.225475
Tajikistan,TJK,2024,19.255163
Tanzania,TZA,1996,12.50031
Tanzania,TZA,1997,12.62789
Tanzania,TZA,1998,11.79397
Tanzania,TZA,2004,19.49264
Tanzania,TZA,2005,18.14314
Tanzania,TZA,2006,15.01507
Tanzania,TZA,2007,19.44923
Tanzania,TZA,2008,18.94047
Tanzania,TZA,2009,17.68234
Tanzania,TZA,2010,19.80202
Tanzania,TZA,2011,17.618244
Tanzania,TZA,2012,16.878735
Tanzania,TZA,2013,19.115192
Tanzania,TZA,2014,17.2971
Tanzania,TZA,2015,17.63455
Tanzania,TZA,2016,17.204231
Tanzania,TZA,2017,24.39654
Tanzania,TZA,2018,20.50494
Tanzania,TZA,2019,14.292109
Tanzania,TZA,2020,13.628558
Tanzania,TZA,2021,13.537008
Tanzania,TZA,2022,14.332109
Tanzania,TZA,2023,13.704238
Tanzania,TZA,2024,13.408098
Thailand,THA,1995,18.90245
Thailand,THA,1996,20.03906
Thailand,THA,1997,21.20361
Thailand,THA,1998,19.481
Thailand,THA,1999,18.97902
Thailand,THA,2000,28.3886
Thailand,THA,2001,24.24134
Thailand,THA,2002,16.22293
Thailand,THA,2003,20.86635
Thailand,THA,2004,21.45767
Thailand,THA,2005,20.54682
Thailand,THA,2006,22.00279
Thailand,THA,2007,18.48467
Thailand,THA,2008,18.16285
Thailand,THA,2009,18.1783
Thailand,THA,2010,16.22262
Thailand,THA,2011,22.63024
Thailand,THA,2012,21.3968
Thailand,THA,2013,19.12552
Thailand,THA,2014,20.53541
Thailand,THA,2015,20.623098
Thailand,THA,2016,19.802164
Thailand,THA,2017,18.362368
Thailand,THA,2018,17.16621
Thailand,THA,2019,17.014233
Thailand,THA,2020,15.431959
Thailand,THA,2021,14.691723
Thailand,THA,2022,14.641651
Thailand,THA,2023,14.186298
Thailand,THA,2024,13.090988
Thailand,THA,2025,12.617084
Togo,TGO,1992,22.54921
Togo,TGO,1996,23.29256
Togo,TGO,1998,20.98232
Togo,TGO,1999,23.41876
Togo,TGO,2000,24.42371
Togo,TGO,2001,25.73136
Togo,TGO,2002,30.70003
Togo,TGO,2003,27.75643
Togo,TGO,2004,21.83069
Togo,TGO,2005,17.67808
Togo,TGO,2006,17.28665
Togo,TGO,2007,18.15452
Togo,TGO,2008,19.24566
Togo,TGO,2009,19.37198
Togo,TGO,2010,19.61576
Togo,TGO,2011,16.90379
Togo,TGO,2012,17.68043
Togo,TGO,2013,15.49768
Togo,TGO,2014,15.63268
Togo,TGO,2015,16.21164
Togo,TGO,2016,15.99131
Togo,TGO,2017,23.14004
Togo,TGO,2018,21.76909
Togo,TGO,2019,19.234783
Togo,TGO,2020,18.143454
Togo,TGO,2021,17.453424
Togo,TGO,2022,14.47582
Togo,TGO,2023,14.823605
Togo,TGO,2024,11.645435
Tonga,TON,1999,26.05699
Tonga,TON,2000,22.95586
Tonga,TON,2001,22.10918
Tonga,TON,2002,15.82658
Tonga,TON,2003,18.61912
Tonga,TON,2004,19.09717
Tonga,TON,2017,11.078145
Tonga,TON,2018,11.278448
Tonga,TON,2019,12.995942
Tonga,TON,2020,10.731548
Tonga,TON,2021,10.117433
Tonga,TON,2022,9.765372
Tonga,TON,2023,8.442249
Tonga,TON,2024,9.329642
Trinidad and Tobago,TTO,1989,12.90589
Trinidad and Tobago,TTO,1990,13.85188
Trinidad and Tobago,TTO,1994,15.01153
Trinidad and Tobago,TTO,1995,14.8984
Trinidad and Tobago,TTO,1996,13.28493
Trinidad and Tobago,TTO,1997,12.03244
Trinidad and Tobago,TTO,1998,8.92667
Trinidad and Tobago,TTO,1999,11.23004
Trinidad and Tobago,TTO,2000,11.73112
Trinidad and Tobago,TTO,2001,12.16543
Trinidad and Tobago,TTO,2002,14.28521
Trinidad and Tobago,TTO,2003,13.91007
Trinidad and Tobago,TTO,2010,12.90331
Trinidad and Tobago,TTO,2011,11.115054
Trinidad and Tobago,TTO,2012,11.273295
Trinidad and Tobago,TTO,2013,11.730385
Trinidad and Tobago,TTO,2014,10.509388
Trinidad and Tobago,TTO,2015,12.307045
Trinidad and Tobago,TTO,2016,11.785003
Trinidad and Tobago,TTO,2017,9.886906
Trinidad and Tobago,TTO,2018,10.652278
Trinidad and Tobago,TTO,2019,10.456104
Trinidad and Tobago,TTO,2020,11.71627
Trinidad and Tobago,TTO,2021,10.02652
Trinidad and Tobago,TTO,2022,10.40559
Trinidad and Tobago,TTO,2023,9.8269
Trinidad and Tobago,TTO,2024,9.14689
Trinidad and Tobago,TTO,2025,12.574279
Tunisia,TUN,1992,20.72396
Tunisia,TUN,1993,21.6749
Tunisia,TUN,1994,21.81671
Tunisia,TUN,1995,23.35724
Tunisia,TUN,1996,23.13493
Tunisia,TUN,1997,25.95522
Tunisia,TUN,1999,24.90079
Tunisia,TUN,2000,24.59178
Tunisia,TUN,2001,24.64776
Tunisia,TUN,2002,22.88013
Tunisia,TUN,2003,27.68429
Tunisia,TUN,2004,27.83381
Tunisia,TUN,2005,26.69569
Tunisia,TUN,2006,26.86131
Tunisia,TUN,2007,26.42863
Tunisia,TUN,2008,25.25867
Tunisia,TUN,2009,25.26201
Tunisia,TUN,2010,24.84683
Tunisia,TUN,2012,20.99101
Tunisia,TUN,2015,22.66534
Tunisia,TUN,2019,17.646677
Tunisia,TUN,2020,20.813475
Tunisia,TUN,2021,19.751516
Tunisia,TUN,2022,19.970263
Tunisia,TUN,2023,18.107897
Tunisia,TUN,2024,17.809895
Tunisia,TUN,2025,17.27852
Turkey,TUR,2011,12.86586
Turkey,TUR,2012,12.85289
Turkey,TUR,2013,12.89197
Turkey,TUR,2014,13.52735
Turkey,TUR,2015,13.26185
Turkey,TUR,2016,13.69146
Turkey,TUR,2017,13.25858
Turkey,TUR,2018,12.53086
Turkey,TUR,2019,12.5237
Turkey,TUR,2020,11.63363
Turkey,TUR,2021,11.30918
Turkey,TUR,2022,11.32629
Turkmenistan,TKM,2012,20.79551
Turkmenistan,TKM,2019,23.01025
Turkmenistan,TKM,2020,27.9984
Turkmenistan,TKM,2021,29.08345
Turkmenistan,TKM,2022,28.68072
Turkmenistan,TKM,2023,19.10349
Turkmenistan,TKM,2024,27.62455
Turks and Caicos Islands,TCA,2011,11.703873
Turks and Caicos Islands,TCA,2012,11.6208935
Turks and Caicos Islands,TCA,2013,12.249235
Turks and Caicos Islands,TCA,2014,11.809018
Turks and Caicos Islands,TCA,2015,14.1917
Turks and Caicos Islands,TCA,2016,13.176296
Turks and Caicos Islands,TCA,2017,11.033749
Turks and Caicos Islands,TCA,2018,11.94102
Turks and Caicos Islands,TCA,2019,9.61544
Turks and Caicos Islands,TCA,2020,10.822213
Turks and Caicos Islands,TCA,2021,11.23835
Turks and Caicos Islands,TCA,2022,11.8633
Turks and Caicos Islands,TCA,2023,9.317348
Turks and Caicos Islands,TCA,2024,10.734253
Turks and Caicos Islands,TCA,2025,9.811855
Tuvalu,TUV,2020,11.003851
Tuvalu,TUV,2021,13.270223
Tuvalu,TUV,2022,12.927376
Tuvalu,TUV,2023,11.36041
Tuvalu,TUV,2024,16.978971
Tuvalu,TUV,2025,16.792194
Uganda,UGA,2000,10.35487
Uganda,UGA,2004,20.30834
Uganda,UGA,2010,10.10489
Uganda,UGA,2011,13.61137
Uganda,UGA,2012,11.4519
Uganda,UGA,2013,11.74312
Uganda,UGA,2014,11.70491
Uganda,UGA,2015,13.22008
Uganda,UGA,2016,12.46917
Uganda,UGA,2017,12.19733
Uganda,UGA,2018,11.25365
Uganda,UGA,2019,8.897107
Uganda,UGA,2020,8.528805
Uganda,UGA,2021,8.2145605
Uganda,UGA,2022,8.482365
Ukraine,UKR,1997,12.92467
Ukraine,UKR,1998,11.59928
Ukraine,UKR,1999,13.53417
Ukraine,UKR,2000,11.35897
Ukraine,UKR,2001,12.81095
Ukraine,UKR,2002,14.36096
Ukraine,UKR,2003,14.41952
Ukraine,UKR,2004,12.78175
Ukraine,UKR,2005,13.73865
Ukraine,UKR,2006,13.92323
Ukraine,UKR,2007,14.03619
Ukraine,UKR,2008,13.55783
Ukraine,UKR,2009,15.05482
Ukraine,UKR,2011,13.48432
Ukraine,UKR,2012,13.66552
Ukraine,UKR,2013,13.86764
Ukraine,UKR,2014,13.12135
Ukraine,UKR,2015,12.404932
Ukraine,UKR,2016,12.28329
Ukraine,UKR,2017,12.99994
Ukraine,UKR,2018,12.6902
Ukraine,UKR,2019,13.11063
Ukraine,UKR,2020,11.80328
Ukraine,UKR,2021,12.69549
United Arab Emirates,ARE,2019,13.56887
United Arab Emirates,ARE,2020,12.79823
United Arab Emirates,ARE,2021,14.75561
United Kingdom,GBR,1981,12.66738
United Kingdom,GBR,1982,11.62396
United Kingdom,GBR,1983,11.42512
United Kingdom,GBR,1984,11.22596
United Kingdom,GBR,1985,10.46855
United Kingdom,GBR,1986,10.21623
United Kingdom,GBR,1987,10.4827
United Kingdom,GBR,1988,10.73481
United Kingdom,GBR,1989,11.07154
United Kingdom,GBR,1990,11.07112
United Kingdom,GBR,1991,10.79813
United Kingdom,GBR,1992,11.0862
United Kingdom,GBR,1994,11.79804
United Kingdom,GBR,1995,11.85805
United Kingdom,GBR,1996,11.63468
United Kingdom,GBR,1998,12.0579
United Kingdom,GBR,1999,11.57223
United Kingdom,GBR,2000,11.85175
United Kingdom,GBR,2001,12.08215
United Kingdom,GBR,2002,13.30616
United Kingdom,GBR,2003,13.35866
United Kingdom,GBR,2004,12.72544
United Kingdom,GBR,2005,12.96029
United Kingdom,GBR,2006,12.94648
United Kingdom,GBR,2007,12.81917
United Kingdom,GBR,2008,12.70184
United Kingdom,GBR,2009,12.36064
United Kingdom,GBR,2010,12.76912
United Kingdom,GBR,2011,12.46446
United Kingdom,GBR,2013,12.68641
United Kingdom,GBR,2014,13.38755
United Kingdom,GBR,2015,13.48701
United Kingdom,GBR,2016,13.42721
United Kingdom,GBR,2017,13.75794
United Kingdom,GBR,2018,13.29176
United Kingdom,GBR,2019,13.53487
United Kingdom,GBR,2020,14.03226
United Kingdom,GBR,2021,11.8168
United States,USA,2015,13.54665
United States,USA,2016,13.17061
United States,USA,2017,13.8755
United States,USA,2018,13.14741
United States,USA,2019,13.27269
United States,USA,2020,12.157
United States,USA,2021,11.29266
Upper-middle-income countries,OWID_UMC,2000,15.25037
Upper-middle-income countries,OWID_UMC,2001,16.35596
Upper-middle-income countries,OWID_UMC,2002,15.82658
Upper-middle-income countries,OWID_UMC,2003,15.723675
Upper-middle-income countries,OWID_UMC,2004,15.09017
Upper-middle-income countries,OWID_UMC,2005,15.18211
Upper-middle-income countries,OWID_UMC,2007,15.10157
Upper-middle-income countries,OWID_UMC,2008,15.06283
Upper-middle-income countries,OWID_UMC,2009,15.870085
Upper-middle-income countries,OWID_UMC,2010,15.270226
Upper-middle-income countries,OWID_UMC,2011,15.15328
Upper-middle-income countries,OWID_UMC,2012,14.96062
Upper-middle-income countries,OWID_UMC,2013,15.22194
Upper-middle-income countries,OWID_UMC,2014,16.08365
Upper-middle-income countries,OWID_UMC,2015,16.084555
Upper-middle-income countries,OWID_UMC,2016,15.053726
Upper-middle-income countries,OWID_UMC,2017,14.719019
Upper-middle-income countries,OWID_UMC,2018,14.460673
Upper-middle-income countries,OWID_UMC,2019,14.092004
Upper-middle-income countries,OWID_UMC,2020,13.942346
Upper-middle-income countries,OWID_UMC,2021,13.61616
Upper-middle-income countries,OWID_UMC,2022,13.101506
Upper-middle-income countries,OWID_UMC,2023,13.078985
Upper-middle-income countries,OWID_UMC,2024,13.316408
Uruguay,URY,2000,8.35917
Uruguay,URY,2001,9.22963
Uruguay,URY,2002,7.71266
Uruguay,URY,2003,6.83627
Uruguay,URY,2004,8.60924
Uruguay,URY,2005,9.47097
Uruguay,URY,2006,9.84121
Uruguay,URY,2011,15.16255
Uruguay,URY,2012,17.677927
Uruguay,URY,2013,14.37047
Uruguay,URY,2014,14.44427
Uruguay,URY,2015,14.7243
Uruguay,URY,2016,14.71014
Uruguay,URY,2017,14.86126
Uruguay,URY,2018,15.17233
Uruguay,URY,2019,15.13251
Uruguay,URY,2020,13.88361
Uruguay,URY,2021,14.76789
Uruguay,URY,2022,14.93363
Uruguay,URY,2023,15.60958
Uzbekistan,UZB,2013,22.76097
Uzbekistan,UZB,2014,22.97685
Uzbekistan,UZB,2015,22.36526
Uzbekistan,UZB,2016,23.09033
Uzbekistan,UZB,2017,22.53946
Uzbekistan,UZB,2018,25.87523
Uzbekistan,UZB,2019,28.41833
Uzbekistan,UZB,2020,17.06019
Uzbekistan,UZB,2021,15.07531
Uzbekistan,UZB,2022,21.851019
Uzbekistan,UZB,2023,22.648157
Uzbekistan,UZB,2024,22.074644
Vanuatu,VUT,1994,17.53491
Vanuatu,VUT,1998,27.4011
Vanuatu,VUT,1999,25.82178
Vanuatu,VUT,2000,27.52419
Vanuatu,VUT,2001,40.07755
Vanuatu,VUT,2002,36.40962
Vanuatu,VUT,2003,44.8018
Vanuatu,VUT,2008,21.40563
Vanuatu,VUT,2009,18.72315
Vanuatu,VUT,2014,22.19061
Vanuatu,VUT,2015,12.7067
Vanuatu,VUT,2016,12.489247
Vanuatu,VUT,2017,12.20798
Vanuatu,VUT,2018,20.13215
Vanuatu,VUT,2019,4.4553
Vanuatu,VUT,2020,5.01105
Vanuatu,VUT,2021,20.00745
Vanuatu,VUT,2022,20.9391
Vanuatu,VUT,2023,18.40105
Vanuatu,VUT,2024,19.30836
Venezuela,VEN,2023,0.00953
Venezuela,VEN,2024,10.2542925
Vietnam,VNM,2008,18.00124
Vietnam,VNM,2009,15.18871
Vietnam,VNM,2010,17.05667
Vietnam,VNM,2011,17.81127
Vietnam,VNM,2012,18.78499
Vietnam,VNM,2013,18.51551
Vietnam,VNM,2014,16.81229
Vietnam,VNM,2015,15.016753
Vietnam,VNM,2016,15.6049
Vietnam,VNM,2017,15.474297
Vietnam,VNM,2018,16.09087
Vietnam,VNM,2019,15.571949
Vietnam,VNM,2020,14.471881
Vietnam,VNM,2021,14.817487
Vietnam,VNM,2022,15.449345
World,OWID_WRL,2000,13.67992
World,OWID_WRL,2001,14.00713
World,OWID_WRL,2002,14.3650055
World,OWID_WRL,2004,13.85227
World,OWID_WRL,2008,14.03944
World,OWID_WRL,2009,13.541
World,OWID_WRL,2010,13.19379
World,OWID_WRL,2011,13.300545
World,OWID_WRL,2012,13.599412
World,OWID_WRL,2013,14.2228
World,OWID_WRL,2014,13.85076
World,OWID_WRL,2015,13.529055
World,OWID_WRL,2016,13.69146
World,OWID_WRL,2017,13.96857
World,OWID_WRL,2018,14.10187
World,OWID_WRL,2019,13.532085
World,OWID_WRL,2020,12.811949
World,OWID_WRL,2021,12.759856
World,OWID_WRL,2022,12.701534
World,OWID_WRL,2023,12.73333
Yemen,YEM,2000,30.48928
Yemen,YEM,2001,30.32128
Yemen,YEM,2008,12.48924
Zambia,ZMB,2000,8.35262
Zambia,ZMB,2004,10.58499
Zambia,ZMB,2005,7.72973
Zambia,ZMB,2007,6.22791
Zambia,ZMB,2008,5.6518
Zambia,ZMB,2010,19.864456
Zambia,ZMB,2011,18.64306
Zambia,ZMB,2012,17.511969
Zambia,ZMB,2013,17.467916
Zambia,ZMB,2014,20.16541
Zambia,ZMB,2015,16.72611
Zambia,ZMB,2016,15.66362
Zambia,ZMB,2017,14.93434
Zambia,ZMB,2018,17.0909
Zambia,ZMB,2019,15.291865
Zambia,ZMB,2020,12.378025
Zambia,ZMB,2021,11.514138
Zambia,ZMB,2023,13.858775
Zambia,ZMB,2024,15.37721
Zambia,ZMB,2025,14.505999
Zimbabwe,ZWE,2010,8.536725
Zimbabwe,ZWE,2012,29.75109
Zimbabwe,ZWE,2013,28.660341
Zimbabwe,ZWE,2014,30.01515
Zimbabwe,ZWE,2015,29.470829
Zimbabwe,ZWE,2016,23.527084
Zimbabwe,ZWE,2017,19.691229
Zimbabwe,ZWE,2018,19.158785
Zimbabwe,ZWE,2019,10.463589
Zimbabwe,ZWE,2020,15.666611
Zimbabwe,ZWE,2023,10.688962
Zimbabwe,ZWE,2024,16.320335
Zimbabwe,ZWE,2025,17.898848