Entity,Code,Year,Both sexes
Afghanistan,AFG,1820,0
Afghanistan,AFG,1825,0
Afghanistan,AFG,1830,0
Afghanistan,AFG,1835,0
Afghanistan,AFG,1840,0
Afghanistan,AFG,1845,0
Afghanistan,AFG,1850,0
Afghanistan,AFG,1855,0
Afghanistan,AFG,1860,0
Afghanistan,AFG,1865,0
Afghanistan,AFG,1870,0
Afghanistan,AFG,1875,0
Afghanistan,AFG,1880,0
Afghanistan,AFG,1885,0
Afghanistan,AFG,1890,0
Afghanistan,AFG,1895,0
Afghanistan,AFG,1900,0
Afghanistan,AFG,1905,0
Afghanistan,AFG,1910,0
Afghanistan,AFG,1915,0
Afghanistan,AFG,1920,0
Afghanistan,AFG,1925,0
Afghanistan,AFG,1930,0
Afghanistan,AFG,1935,0
Afghanistan,AFG,1940,0
Afghanistan,AFG,1945,2.79
Afghanistan,AFG,1950,3.5
Afghanistan,AFG,1955,4.67
Afghanistan,AFG,1960,7.27
Afghanistan,AFG,1965,12.92
Afghanistan,AFG,1970,16.96
Afghanistan,AFG,1974,27.51448
Afghanistan,AFG,1975,21
Afghanistan,AFG,1980,29
Afghanistan,AFG,1993,31.22845
Africa,OWID_AFR,1820,0.20697047
Africa,OWID_AFR,1825,0.26075798
Africa,OWID_AFR,1830,0.33738968
Africa,OWID_AFR,1835,0.42720526
Africa,OWID_AFR,1840,0.55098575
Africa,OWID_AFR,1845,0.68838763
Africa,OWID_AFR,1850,0.87784165
Africa,OWID_AFR,1855,1.0832747
Africa,OWID_AFR,1860,1.3734609
Africa,OWID_AFR,1865,1.7285463
Africa,OWID_AFR,1870,2.1089175
Africa,OWID_AFR,1875,2.6442554
Africa,OWID_AFR,1880,3.2595181
Africa,OWID_AFR,1885,2.9204836
Africa,OWID_AFR,1890,2.742394
Africa,OWID_AFR,1895,3.0461612
Africa,OWID_AFR,1900,3.670298
Africa,OWID_AFR,1905,4.508259
Africa,OWID_AFR,1910,5.854975
Africa,OWID_AFR,1915,8.204406
Africa,OWID_AFR,1920,9.064577
Africa,OWID_AFR,1925,10.803104
Africa,OWID_AFR,1930,14.533054
Africa,OWID_AFR,1935,17.614525
Africa,OWID_AFR,1940,20.050735
Africa,OWID_AFR,1945,23.682161
Africa,OWID_AFR,1950,29.817905
Africa,OWID_AFR,1955,33.79466
Africa,OWID_AFR,1960,41.849876
Africa,OWID_AFR,1965,49.891987
Africa,OWID_AFR,1970,52.37293
Africa,OWID_AFR,1975,59.25931
Africa,OWID_AFR,1980,63.895046
Albania,ALB,1820,0.15
Albania,ALB,1825,0.19
Albania,ALB,1830,0.24
Albania,ALB,1835,0.31
Albania,ALB,1840,0.4
Albania,ALB,1845,0.51
Albania,ALB,1850,0.66
Albania,ALB,1855,0.85
Albania,ALB,1860,1.09
Albania,ALB,1865,1.4
Albania,ALB,1870,1.8
Albania,ALB,1875,2.31
Albania,ALB,1880,2.95
Albania,ALB,1885,3.77
Albania,ALB,1890,4.8
Albania,ALB,1895,6.1
Albania,ALB,1900,7.73
Albania,ALB,1905,9.74
Albania,ALB,1910,12.2
Albania,ALB,1915,15.19
Albania,ALB,1920,18.75
Albania,ALB,1925,20.72
Albania,ALB,1930,21.77
Albania,ALB,1935,37.16
Albania,ALB,1940,32.53
Albania,ALB,1945,81.74
Albania,ALB,1950,100
Albania,ALB,1955,100
Albania,ALB,1960,76.71
Albania,ALB,1965,83.74
Albania,ALB,1970,95.03
Albania,ALB,1975,100
Albania,ALB,1980,100
Albania,ALB,1999,96.93284
Albania,ALB,2000,96.85944
Albania,ALB,2001,96.88654
Albania,ALB,2003,98.66113
Albania,ALB,2004,96.43725
Albania,ALB,2008,93.26549
Albania,ALB,2009,94.36909
Albania,ALB,2010,93.78254
Albania,ALB,2011,95.497986
Albania,ALB,2012,97.16646
Albania,ALB,2013,96.841934
Albania,ALB,2014,99.61638
Albania,ALB,2015,99.82423
Albania,ALB,2016,99.88387
Albania,ALB,2017,99.312996
Albania,ALB,2018,98.63254
Albania,ALB,2019,97.805145
Albania,ALB,2020,96.03234
Albania,ALB,2021,93.33476
Albania,ALB,2022,91.52203
Albania,ALB,2023,89.134674
Albania,ALB,2024,99.51238
Algeria,DZA,1820,0.62
Algeria,DZA,1825,0.78
Algeria,DZA,1830,0.97
Algeria,DZA,1835,1.21
Algeria,DZA,1840,1.51
Algeria,DZA,1845,1.88
Algeria,DZA,1850,2.34
Algeria,DZA,1855,2.91
Algeria,DZA,1860,3.61
Algeria,DZA,1865,5.72
Algeria,DZA,1870,6.11
Algeria,DZA,1875,7.64
Algeria,DZA,1880,8.04
Algeria,DZA,1885,9.46
Algeria,DZA,1890,10.76
Algeria,DZA,1895,11.87
Algeria,DZA,1900,12.72
Algeria,DZA,1905,12.98
Algeria,DZA,1910,14.27
Algeria,DZA,1915,15.56
Algeria,DZA,1920,13.52
Algeria,DZA,1925,14.26
Algeria,DZA,1930,17.51
Algeria,DZA,1935,19.13
Algeria,DZA,1940,20.75
Algeria,DZA,1945,19.58
Algeria,DZA,1950,21.41
Algeria,DZA,1955,25.61
Algeria,DZA,1960,38.09
Algeria,DZA,1965,56.3
Algeria,DZA,1970,62.92
Algeria,DZA,1973,69.4713
Algeria,DZA,1974,74.75976
Algeria,DZA,1975,78.55534
Algeria,DZA,1976,78.75547
Algeria,DZA,1977,77.10967
Algeria,DZA,1978,77.94936
Algeria,DZA,1979,78.0047
Algeria,DZA,1980,79.16001
Algeria,DZA,1981,79.47731
Algeria,DZA,1982,79.37849
Algeria,DZA,1983,79.63236
Algeria,DZA,1984,81.90359
Algeria,DZA,1985,83.39572
Algeria,DZA,1986,85.42698
Algeria,DZA,1987,87.33152
Algeria,DZA,1988,88.73785
Algeria,DZA,1989,89.38933
Algeria,DZA,1990,89.04538
Algeria,DZA,1991,89.88998
Algeria,DZA,1992,90.29082
Algeria,DZA,1993,89.10726
Algeria,DZA,1994,89.05835
Algeria,DZA,1995,89.50803
Algeria,DZA,1996,89.38071
Algeria,DZA,1997,89.30177
Algeria,DZA,1999,93.32997
Algeria,DZA,2000,94.69079
Algeria,DZA,2001,97.20368
Algeria,DZA,2002,98.84524
Algeria,DZA,2003,99.21501
Algeria,DZA,2004,99.12742
Algeria,DZA,2005,99.48489
Algeria,DZA,2006,99.11093
Algeria,DZA,2007,98.34444
Algeria,DZA,2008,98.76495
Algeria,DZA,2009,98.88844
Algeria,DZA,2010,98.91603
Algeria,DZA,2011,99.172195
Algeria,DZA,2012,99.33728
Algeria,DZA,2013,99.52431
Algeria,DZA,2014,99.52082
Algeria,DZA,2015,99.58907
Algeria,DZA,2016,99.52897
Algeria,DZA,2017,99.58324
Algeria,DZA,2018,99.269966
Algeria,DZA,2019,98.08523
Algeria,DZA,2020,99.75164
Algeria,DZA,2021,99.121124
Algeria,DZA,2022,97.86955
Algeria,DZA,2023,99.06997
Algeria,DZA,2024,98.42049
Algeria,DZA,2025,98.43291
Andorra,AND,2014,90.6444
Andorra,AND,2015,91.29787
Andorra,AND,2016,93.31333
Andorra,AND,2017,93.63098
Andorra,AND,2018,93.9807
Andorra,AND,2019,92.93139
Andorra,AND,2020,91.80708
Andorra,AND,2021,92.83843
Andorra,AND,2022,93.24652
Andorra,AND,2023,99.81909
Andorra,AND,2024,97.58523
Angola,AGO,1982,52.66349
Angola,AGO,1983,49.31499
Angola,AGO,1998,48.58133
Angola,AGO,2008,88.80563
Angola,AGO,2009,87.61797
Angola,AGO,2010,88.1747
Angola,AGO,2011,87.64511
Angola,AGO,2023,63.23785
Anguilla,AIA,1993,99.12619
Anguilla,AIA,1997,97.08766
Anguilla,AIA,1999,99.41498
Anguilla,AIA,2000,99.35984
Anguilla,AIA,2001,98.35932
Anguilla,AIA,2002,97.99169
Anguilla,AIA,2003,98.317
Anguilla,AIA,2004,97.04017
Anguilla,AIA,2005,97.57113
Anguilla,AIA,2006,98.65458
Anguilla,AIA,2007,97.28931
Anguilla,AIA,2008,98.36395
Anguilla,AIA,2009,96.61929
Anguilla,AIA,2010,96.50929
Anguilla,AIA,2011,95.83534
Anguilla,AIA,2019,99.40757
Anguilla,AIA,2022,97.6203
Antigua and Barbuda,ATG,2007,99.63833
Antigua and Barbuda,ATG,2008,99.74908
Antigua and Barbuda,ATG,2009,98.54406
Antigua and Barbuda,ATG,2010,96.71587
Antigua and Barbuda,ATG,2011,98.65312
Antigua and Barbuda,ATG,2012,99.54588
Antigua and Barbuda,ATG,2013,97.07745
Antigua and Barbuda,ATG,2014,99.69686
Antigua and Barbuda,ATG,2015,99.048546
Antigua and Barbuda,ATG,2016,98.80327
Antigua and Barbuda,ATG,2017,98.6313
Antigua and Barbuda,ATG,2018,99.08764
Antigua and Barbuda,ATG,2019,99.76438
Antigua and Barbuda,ATG,2023,98.28899
Argentina,ARG,1820,2.18
Argentina,ARG,1825,2.77
Argentina,ARG,1830,3.52
Argentina,ARG,1835,4.47
Argentina,ARG,1840,5.65
Argentina,ARG,1845,7.13
Argentina,ARG,1850,8.95
Argentina,ARG,1855,11.18
Argentina,ARG,1860,13.88
Argentina,ARG,1865,17.11
Argentina,ARG,1870,20.92
Argentina,ARG,1875,18.61
Argentina,ARG,1880,16.3
Argentina,ARG,1885,25.3
Argentina,ARG,1890,31.45
Argentina,ARG,1895,24.28
Argentina,ARG,1900,39.64
Argentina,ARG,1905,46.7
Argentina,ARG,1910,50.5
Argentina,ARG,1915,58.74
Argentina,ARG,1920,65.81
Argentina,ARG,1925,65.75
Argentina,ARG,1930,66.89
Argentina,ARG,1935,73.93
Argentina,ARG,1940,79.67
Argentina,ARG,1945,79.27
Argentina,ARG,1950,81.3
Argentina,ARG,1955,86.76
Argentina,ARG,1960,89
Argentina,ARG,1965,92
Argentina,ARG,1970,94.59289
Argentina,ARG,1974,97.17413
Argentina,ARG,1975,96.77941
Argentina,ARG,1980,90.57
Argentina,ARG,1987,97.59043
Argentina,ARG,1991,95.83272
Argentina,ARG,1997,100
Argentina,ARG,1998,99.26738
Argentina,ARG,1999,99.15652
Argentina,ARG,2000,99.4582
Argentina,ARG,2001,99.41306
Argentina,ARG,2002,99.42078
Argentina,ARG,2003,99.49409
Argentina,ARG,2004,99.87597
Argentina,ARG,2005,99.71793
Argentina,ARG,2006,99.56158
Argentina,ARG,2007,99.44469
Argentina,ARG,2008,99.51839
Argentina,ARG,2009,99.5429
Argentina,ARG,2010,99.828835
Argentina,ARG,2011,99.99053
Argentina,ARG,2012,99.97913
Argentina,ARG,2013,99.93063
Argentina,ARG,2014,99.798676
Argentina,ARG,2015,99.68362
Argentina,ARG,2016,99.485794
Argentina,ARG,2017,99.418274
Argentina,ARG,2018,99.35985
Argentina,ARG,2019,99.38001
Argentina,ARG,2020,99.16846
Argentina,ARG,2021,99.205956
Argentina,ARG,2022,99.25256
Argentina,ARG,2023,99.26538
Armenia,ARM,2002,91.60817
Armenia,ARM,2003,92.69181
Armenia,ARM,2005,93.22604
Armenia,ARM,2006,95.66206
Armenia,ARM,2007,98.18634
Armenia,ARM,2011,95.01766
Armenia,ARM,2012,94.6285
Armenia,ARM,2013,94.06163
Armenia,ARM,2014,91.74788
Armenia,ARM,2015,92.97407
Armenia,ARM,2016,92.579025
Armenia,ARM,2017,92.85789
Armenia,ARM,2018,92.51165
Armenia,ARM,2019,91.59457
Armenia,ARM,2020,91.12585
Armenia,ARM,2021,92.79839
Armenia,ARM,2022,94.64004
Armenia,ARM,2023,96.490776
Armenia,ARM,2024,98.915855
Aruba,ABW,1999,93.17039
Aruba,ABW,2000,96.70859
Aruba,ABW,2001,99.48017
Aruba,ABW,2002,98.05583
Aruba,ABW,2003,97.24033
Aruba,ABW,2004,97.96138
Aruba,ABW,2005,99.46305
Aruba,ABW,2006,98.34627
Aruba,ABW,2007,96.52658
Aruba,ABW,2008,97.36674
Aruba,ABW,2009,99.14029
Aruba,ABW,2010,98.15291
Aruba,ABW,2013,94.68461
Aruba,ABW,2014,98.2446
Asia,OWID_ASI,1820,0.33796397
Asia,OWID_ASI,1825,0.41106635
Asia,OWID_ASI,1830,0.4952714
Asia,OWID_ASI,1835,0.60030085
Asia,OWID_ASI,1840,0.72580427
Asia,OWID_ASI,1845,0.87666327
Asia,OWID_ASI,1850,1.0598369
Asia,OWID_ASI,1855,1.3098276
Asia,OWID_ASI,1860,1.6118253
Asia,OWID_ASI,1865,2.0316272
Asia,OWID_ASI,1870,2.4904864
Asia,OWID_ASI,1875,3.9246316
Asia,OWID_ASI,1880,5.1150618
Asia,OWID_ASI,1885,6.7102256
Asia,OWID_ASI,1890,6.869979
Asia,OWID_ASI,1895,8.118221
Asia,OWID_ASI,1900,7.996279
Asia,OWID_ASI,1905,9.373199
Asia,OWID_ASI,1910,11.135458
Asia,OWID_ASI,1915,12.788538
Asia,OWID_ASI,1920,15.0070505
Asia,OWID_ASI,1925,18.255026
Asia,OWID_ASI,1930,23.01704
Asia,OWID_ASI,1935,25.768887
Asia,OWID_ASI,1940,27.566982
Asia,OWID_ASI,1945,33.695126
Asia,OWID_ASI,1950,40.683533
Asia,OWID_ASI,1955,54.45491
Asia,OWID_ASI,1960,60.709164
Asia,OWID_ASI,1965,64.58288
Asia,OWID_ASI,1970,65.620445
Asia,OWID_ASI,1975,79.7838
Asia,OWID_ASI,1980,74.857025
Australia,AUS,1820,35.16
Australia,AUS,1825,37.72
Australia,AUS,1830,40.35
Australia,AUS,1835,43.04
Australia,AUS,1840,45.77
Australia,AUS,1845,48.53
Australia,AUS,1850,51.3
Australia,AUS,1855,54.07
Australia,AUS,1860,56.82
Australia,AUS,1865,66.64
Australia,AUS,1870,76.47
Australia,AUS,1875,88.23
Australia,AUS,1880,100
Australia,AUS,1885,98.39
Australia,AUS,1890,96.78
Australia,AUS,1895,98.39
Australia,AUS,1900,100
Australia,AUS,1905,100
Australia,AUS,1910,100
Australia,AUS,1915,100
Australia,AUS,1920,100
Australia,AUS,1925,100
Australia,AUS,1930,100
Australia,AUS,1935,99.52
Australia,AUS,1940,99.05
Australia,AUS,1945,98.57
Australia,AUS,1950,98.09
Australia,AUS,1955,100
Australia,AUS,1960,81.5
Australia,AUS,1965,78.34
Australia,AUS,1970,91
Australia,AUS,1975,96
Australia,AUS,1980,100
Australia,AUS,2000,95.29357
Australia,AUS,2001,99.52428
Australia,AUS,2002,99.66872
Australia,AUS,2003,98.6157
Australia,AUS,2004,98.88045
Australia,AUS,2005,99.42737
Australia,AUS,2006,99.51804
Australia,AUS,2007,99.73846
Australia,AUS,2008,99.70258
Australia,AUS,2009,99.6954
Australia,AUS,2010,99.6765
Australia,AUS,2011,97.29431
Australia,AUS,2012,97.69554
Australia,AUS,2013,99.95173
Australia,AUS,2014,99.92804
Australia,AUS,2015,99.97187
Australia,AUS,2016,99.99222
Australia,AUS,2017,99.94221
Australia,AUS,2018,99.80835
Australia,AUS,2019,99.78596
Australia,AUS,2020,99.41915
Australia,AUS,2021,99.63219
Australia,AUS,2022,99.70359
Australia,AUS,2023,99.79255
Australia,AUS,2024,99.87569
Austria,AUT,1820,27.42
Austria,AUT,1825,29.12
Austria,AUT,1830,30.89
Austria,AUT,1835,32.72
Austria,AUT,1840,34.6
Austria,AUT,1845,36.53
Austria,AUT,1850,38.51
Austria,AUT,1855,40.52
Austria,AUT,1860,42.58
Austria,AUT,1865,44.65
Austria,AUT,1870,46.75
Austria,AUT,1875,54.23
Austria,AUT,1880,61.71
Austria,AUT,1885,67.85
Austria,AUT,1890,73.98
Austria,AUT,1895,76.14
Austria,AUT,1900,78.31
Austria,AUT,1905,80.29
Austria,AUT,1910,82.28
Austria,AUT,1915,90.11
Austria,AUT,1920,97.94
Austria,AUT,1925,98.97
Austria,AUT,1930,100
Austria,AUT,1935,100
Austria,AUT,1940,100
Austria,AUT,1945,100
Austria,AUT,1950,100
Austria,AUT,1955,100
Austria,AUT,1960,91
Austria,AUT,1965,92
Austria,AUT,1970,92
Austria,AUT,1975,89
Austria,AUT,1980,87
Austria,AUT,2001,98.2723
Austria,AUT,2002,98.08788
Austria,AUT,2003,97.99769
Austria,AUT,2004,98.48056
Austria,AUT,2005,98.40181
Austria,AUT,2006,98.04186
Austria,AUT,2007,98.45657
Austria,AUT,2008,98.59836
Austria,AUT,2009,98.58214
Austria,AUT,2010,98.69904
Austria,AUT,2011,97.94077
Austria,AUT,2012,98.07327
Austria,AUT,2013,98.52
Austria,AUT,2014,98.70411
Austria,AUT,2015,98.65808
Austria,AUT,2016,98.00201
Austria,AUT,2017,98.66878
Austria,AUT,2018,98.74147
Austria,AUT,2019,98.76642
Austria,AUT,2020,98.82519
Austria,AUT,2021,99.05221
Austria,AUT,2022,98.32408
Austria,AUT,2023,98.50051
Austria,AUT,2024,98.57041
Azerbaijan,AZE,2000,91.50669
Azerbaijan,AZE,2001,88.72281
Azerbaijan,AZE,2002,88.25236
Azerbaijan,AZE,2003,86.56848
Azerbaijan,AZE,2004,87.48195
Azerbaijan,AZE,2005,86.98028
Azerbaijan,AZE,2006,87.15759
Azerbaijan,AZE,2007,86.81368
Azerbaijan,AZE,2008,86.6739
Azerbaijan,AZE,2009,88.02572
Azerbaijan,AZE,2010,87.24598
Azerbaijan,AZE,2011,89.44632
Azerbaijan,AZE,2012,92.13953
Azerbaijan,AZE,2013,98.27657
Azerbaijan,AZE,2014,99.25474
Azerbaijan,AZE,2015,98.84333
Azerbaijan,AZE,2016,99.20519
Azerbaijan,AZE,2017,97.96504
Azerbaijan,AZE,2018,96.10565
Azerbaijan,AZE,2019,91.54974
Azerbaijan,AZE,2020,91.8068
Azerbaijan,AZE,2021,91.989006
Azerbaijan,AZE,2022,95.782394
Azerbaijan,AZE,2023,98.461876
Azerbaijan,AZE,2024,99.97342
Bahamas,BHS,1971,100
Bahamas,BHS,1972,100
Bahamas,BHS,1973,94.70822
Bahamas,BHS,1974,93.84813
Bahamas,BHS,1975,93.32569
Bahamas,BHS,1976,92.59952
Bahamas,BHS,1977,93.00591
Bahamas,BHS,1980,94.72557
Bahamas,BHS,1981,99.10111
Bahamas,BHS,1984,96.56632
Bahamas,BHS,1992,99.83211
Bahamas,BHS,1993,99.45866
Bahamas,BHS,1994,100
Bahamas,BHS,1999,85.81289
Bahamas,BHS,2004,87.47834
Bahamas,BHS,2005,91.27564
Bahamas,BHS,2006,90.18733
Bahamas,BHS,2007,93.85812
Bahamas,BHS,2008,95.09801
Bahamas,BHS,2009,92.827
Bahamas,BHS,2010,92.945045
Bahamas,BHS,2011,98.84777
Bahamas,BHS,2012,96.78532
Bahamas,BHS,2013,88.587296
Bahamas,BHS,2014,88.38642
Bahamas,BHS,2015,91.0915
Bahamas,BHS,2016,86.21188
Bahamas,BHS,2018,83.225784
Bahamas,BHS,2019,86.58084
Bahamas,BHS,2021,69.83554
Bahamas,BHS,2023,71.08219
Bahamas,BHS,2024,84.12396
Bahrain,BHR,1971,69.15792
Bahrain,BHR,1972,69.38716
Bahrain,BHR,1973,69.08317
Bahrain,BHR,1974,70.87162
Bahrain,BHR,1975,76.01666
Bahrain,BHR,1976,76.65513
Bahrain,BHR,1977,79.50852
Bahrain,BHR,1978,79.23956
Bahrain,BHR,1979,79.86891
Bahrain,BHR,1980,79.71291
Bahrain,BHR,1981,76.19986
Bahrain,BHR,1982,73.33738
Bahrain,BHR,1983,75.44886
Bahrain,BHR,1984,78.9244
Bahrain,BHR,1985,83.7927
Bahrain,BHR,1986,89.27908
Bahrain,BHR,1987,89.67939
Bahrain,BHR,1988,93.00436
Bahrain,BHR,1989,93.20853
Bahrain,BHR,1991,89.71115
Bahrain,BHR,1992,84.2677
Bahrain,BHR,1993,84.86698
Bahrain,BHR,1994,85.3507
Bahrain,BHR,1995,87.29998
Bahrain,BHR,1996,88.45589
Bahrain,BHR,1997,89.253
Bahrain,BHR,1998,93.02512
Bahrain,BHR,1999,95.1203
Bahrain,BHR,2000,92.91367
Bahrain,BHR,2001,92.77023
Bahrain,BHR,2002,91.04946
Bahrain,BHR,2003,89.28472
Bahrain,BHR,2004,89.8279
Bahrain,BHR,2005,90.03735
Bahrain,BHR,2006,95.58461
Bahrain,BHR,2011,93.59361
Bahrain,BHR,2012,99.47779
Bahrain,BHR,2013,99.580345
Bahrain,BHR,2014,99.45523
Bahrain,BHR,2015,98.41087
Bahrain,BHR,2016,98.31208
Bahrain,BHR,2017,98.19328
Bahrain,BHR,2018,97.17189
Bahrain,BHR,2019,96.98893
Bahrain,BHR,2022,96.75516
Bahrain,BHR,2023,93.28773
Bahrain,BHR,2024,95.25307
Bangladesh,BGD,1820,0.04
Bangladesh,BGD,1825,0.05
Bangladesh,BGD,1830,0.06
Bangladesh,BGD,1835,0.08
Bangladesh,BGD,1840,0.11
Bangladesh,BGD,1845,0.15
Bangladesh,BGD,1850,0.2
Bangladesh,BGD,1855,0.26
Bangladesh,BGD,1860,0.35
Bangladesh,BGD,1865,0.46
Bangladesh,BGD,1870,0.61
Bangladesh,BGD,1875,0.81
Bangladesh,BGD,1880,1.07
Bangladesh,BGD,1885,1.41
Bangladesh,BGD,1890,1.86
Bangladesh,BGD,1895,2.46
Bangladesh,BGD,1900,3.23
Bangladesh,BGD,1905,4.24
Bangladesh,BGD,1910,5.55
Bangladesh,BGD,1915,7.23
Bangladesh,BGD,1920,9.37
Bangladesh,BGD,1925,12.07
Bangladesh,BGD,1930,15.4
Bangladesh,BGD,1935,19.46
Bangladesh,BGD,1940,24.29
Bangladesh,BGD,1945,29.87
Bangladesh,BGD,1950,33.55
Bangladesh,BGD,1955,37.23
Bangladesh,BGD,1960,40.91
Bangladesh,BGD,1965,42.65
Bangladesh,BGD,1970,48.9253
Bangladesh,BGD,1973,69.1613
Bangladesh,BGD,1975,61
Bangladesh,BGD,1976,74.18281
Bangladesh,BGD,1977,68.81922
Bangladesh,BGD,1978,66.91582
Bangladesh,BGD,1980,53.8
Bangladesh,BGD,1981,60.77397
Bangladesh,BGD,1983,57.95739
Bangladesh,BGD,1984,57.3022
Bangladesh,BGD,1985,56.19796
Bangladesh,BGD,1986,55.80081
Bangladesh,BGD,1987,55.23972
Bangladesh,BGD,1988,65.02576
Bangladesh,BGD,1989,64.87704
Bangladesh,BGD,1990,67.42892
Bangladesh,BGD,2005,93.17459
Bangladesh,BGD,2006,92.4575
Bangladesh,BGD,2008,86.911
Bangladesh,BGD,2009,87.07224
Bangladesh,BGD,2010,90.24643
Bangladesh,BGD,2017,96.721725
Bangladesh,BGD,2018,96.64207
Bangladesh,BGD,2022,92.71376
Bangladesh,BGD,2023,93.11539
Bangladesh,BGD,2024,94.1378
Barbados,BRB,1820,9.48
Barbados,BRB,1825,11.24
Barbados,BRB,1830,13.26
Barbados,BRB,1835,15.59
Barbados,BRB,1840,18.25
Barbados,BRB,1845,21.24
Barbados,BRB,1850,24.58
Barbados,BRB,1855,28.26
Barbados,BRB,1860,37.6
Barbados,BRB,1865,36.88
Barbados,BRB,1870,42.78
Barbados,BRB,1875,35.55
Barbados,BRB,1880,38.12
Barbados,BRB,1885,34.37
Barbados,BRB,1890,43.05
Barbados,BRB,1895,42.39
Barbados,BRB,1900,71.6
Barbados,BRB,1905,73.92
Barbados,BRB,1910,82.09
Barbados,BRB,1915,66.88
Barbados,BRB,1920,54.82
Barbados,BRB,1925,62.99
Barbados,BRB,1930,65.38
Barbados,BRB,1935,70.57
Barbados,BRB,1940,81.05
Barbados,BRB,1945,86.62
Barbados,BRB,1950,68.76
Barbados,BRB,1955,68.96
Barbados,BRB,1960,96.35
Barbados,BRB,1965,98.14
Barbados,BRB,1970,91
Barbados,BRB,1971,87.89132
Barbados,BRB,1972,88.7765
Barbados,BRB,1973,87.30206
Barbados,BRB,1975,100
Barbados,BRB,1976,88.40325
Barbados,BRB,1977,91.84207
Barbados,BRB,1978,95.27179
Barbados,BRB,1979,96.96693
Barbados,BRB,1980,96
Barbados,BRB,1981,98.47002
Barbados,BRB,1982,99.52272
Barbados,BRB,1983,97.83452
Barbados,BRB,1989,98.06569
Barbados,BRB,1990,95.59969
Barbados,BRB,1992,90.2265
Barbados,BRB,1999,99.35024
Barbados,BRB,2000,99.57294
Barbados,BRB,2001,99.46991
Barbados,BRB,2002,98.97694
Barbados,BRB,2003,99.00942
Barbados,BRB,2004,99.3861
Barbados,BRB,2005,97.35616
Barbados,BRB,2006,98.11976
Barbados,BRB,2007,98.01651
Barbados,BRB,2008,98.06965
Barbados,BRB,2009,96.60109
Barbados,BRB,2010,98.2254
Barbados,BRB,2011,97.979706
Barbados,BRB,2014,94.70256
Barbados,BRB,2015,95.33674
Barbados,BRB,2016,96.059586
Barbados,BRB,2017,93.19013
Barbados,BRB,2018,93.55637
Barbados,BRB,2019,93.65117
Barbados,BRB,2020,92.32772
Barbados,BRB,2021,90.66179
Barbados,BRB,2022,87.91181
Barbados,BRB,2023,85.51703
Barbados,BRB,2024,82.403786
Belarus,BLR,1995,85.92371
Belarus,BLR,2001,100
Belarus,BLR,2002,99.37404
Belarus,BLR,2003,99.56452
Belarus,BLR,2004,98.11557
Belarus,BLR,2005,98.24417
Belarus,BLR,2006,98.58909
Belarus,BLR,2007,98.87702
Belarus,BLR,2008,99.49358
Belarus,BLR,2009,99.28618
Belarus,BLR,2010,100
Belarus,BLR,2011,100
Belarus,BLR,2012,100
Belarus,BLR,2013,99.4695
Belarus,BLR,2014,98.45681
Belarus,BLR,2015,97.81964
Belarus,BLR,2016,97.84643
Belarus,BLR,2017,97.246506
Belarus,BLR,2018,96.4641
Belarus,BLR,2019,95.43929
Belarus,BLR,2020,94.93749
Belarus,BLR,2021,94.94435
Belarus,BLR,2022,94.69673
Belarus,BLR,2023,94.54993
Belarus,BLR,2024,95.50823
Belgium,BEL,1820,36.38
Belgium,BEL,1825,38.79
Belgium,BEL,1830,41.25
Belgium,BEL,1835,57.38
Belgium,BEL,1840,63.78
Belgium,BEL,1845,58.99
Belgium,BEL,1850,68.36
Belgium,BEL,1855,73.11
Belgium,BEL,1860,69.85
Belgium,BEL,1865,73.7
Belgium,BEL,1870,72.02
Belgium,BEL,1875,76.32
Belgium,BEL,1880,36.27
Belgium,BEL,1885,59.41
Belgium,BEL,1890,60.24
Belgium,BEL,1895,68.4
Belgium,BEL,1900,74.24
Belgium,BEL,1905,75.86
Belgium,BEL,1910,77.69
Belgium,BEL,1915,76.22
Belgium,BEL,1920,93.27
Belgium,BEL,1925,78.07
Belgium,BEL,1930,87.86
Belgium,BEL,1935,94.24
Belgium,BEL,1940,88.7
Belgium,BEL,1945,100
Belgium,BEL,1950,91.99
Belgium,BEL,1955,81.28
Belgium,BEL,1960,100
Belgium,BEL,1965,100
Belgium,BEL,1970,95.97
Belgium,BEL,1975,96.5
Belgium,BEL,1980,97
Belgium,BEL,2001,99.88337
Belgium,BEL,2002,99.9117
Belgium,BEL,2003,99.88112
Belgium,BEL,2004,99.40985
Belgium,BEL,2005,99.45022
Belgium,BEL,2006,99.23565
Belgium,BEL,2007,99.07342
Belgium,BEL,2008,98.90571
Belgium,BEL,2009,98.7711
Belgium,BEL,2010,98.70458
Belgium,BEL,2011,97.89896
Belgium,BEL,2012,98.12244
Belgium,BEL,2013,98.19218
Belgium,BEL,2014,98.16893
Belgium,BEL,2015,98.14876
Belgium,BEL,2016,98.08096
Belgium,BEL,2017,98.61777
Belgium,BEL,2018,98.66164
Belgium,BEL,2019,98.65251
Belgium,BEL,2020,98.77073
Belgium,BEL,2021,98.52597
Belgium,BEL,2022,98.77575
Belgium,BEL,2023,98.34172
Belize,BLZ,1820,2.03
Belize,BLZ,1825,2.61
Belize,BLZ,1830,3.36
Belize,BLZ,1835,4.32
Belize,BLZ,1840,5.54
Belize,BLZ,1845,7.07
Belize,BLZ,1850,8.98
Belize,BLZ,1855,11.35
Belize,BLZ,1860,14.25
Belize,BLZ,1865,17.74
Belize,BLZ,1870,21.87
Belize,BLZ,1875,26.65
Belize,BLZ,1880,32.06
Belize,BLZ,1885,38
Belize,BLZ,1890,44.33
Belize,BLZ,1895,47.12
Belize,BLZ,1900,49.91
Belize,BLZ,1905,60.81
Belize,BLZ,1910,71.71
Belize,BLZ,1915,69.66
Belize,BLZ,1920,67.6
Belize,BLZ,1925,75.9
Belize,BLZ,1930,84.19
Belize,BLZ,1935,92.1
Belize,BLZ,1940,100
Belize,BLZ,1945,100
Belize,BLZ,1950,100
Belize,BLZ,1955,100
Belize,BLZ,1960,100
Belize,BLZ,1965,100
Belize,BLZ,1970,100
Belize,BLZ,1975,100
Belize,BLZ,1980,100
Belize,BLZ,1999,97.56601
Belize,BLZ,2000,97.53325
Belize,BLZ,2001,97.58565
Belize,BLZ,2003,98.52334
Belize,BLZ,2004,98.5521
Belize,BLZ,2005,99.67073
Belize,BLZ,2006,99.41772
Belize,BLZ,2007,99.17135
Belize,BLZ,2008,99.00206
Belize,BLZ,2009,98.53959
Belize,BLZ,2010,98.47474
Belize,BLZ,2011,98.48186
Belize,BLZ,2012,99.48148
Belize,BLZ,2013,99.946045
Belize,BLZ,2014,99.50166
Belize,BLZ,2015,99.60989
Belize,BLZ,2016,99.48133
Belize,BLZ,2017,99.741455
Belize,BLZ,2018,99.55889
Belize,BLZ,2019,99.04714
Belize,BLZ,2020,99.42326
Belize,BLZ,2021,95.92751
Belize,BLZ,2022,91.90687
Belize,BLZ,2023,88.36442
Belize,BLZ,2024,89.3229
Benin,BEN,1820,0.01
Benin,BEN,1825,0.01
Benin,BEN,1830,0.01
Benin,BEN,1835,0.02
Benin,BEN,1840,0.02
Benin,BEN,1845,0.03
Benin,BEN,1850,0.04
Benin,BEN,1855,0.06
Benin,BEN,1860,0.08
Benin,BEN,1865,0.1
Benin,BEN,1870,0.13
Benin,BEN,1875,0.18
Benin,BEN,1880,0.23
Benin,BEN,1885,0.31
Benin,BEN,1890,0.41
Benin,BEN,1895,0.55
Benin,BEN,1900,0.72
Benin,BEN,1905,0.96
Benin,BEN,1910,1.27
Benin,BEN,1915,1.68
Benin,BEN,1920,2.21
Benin,BEN,1925,2.91
Benin,BEN,1930,3.83
Benin,BEN,1935,5.02
Benin,BEN,1940,4.96
Benin,BEN,1945,8.88
Benin,BEN,1950,12.8
Benin,BEN,1955,16.73
Benin,BEN,1960,20.65
Benin,BEN,1965,26
Benin,BEN,1970,28.25
Benin,BEN,1975,39.23
Benin,BEN,1980,50.22
Benin,BEN,1984,46.60852
Benin,BEN,1985,47.43826
Benin,BEN,1986,45.52281
Benin,BEN,1988,44.89998
Benin,BEN,1989,45.18492
Benin,BEN,1990,36.34365
Benin,BEN,1992,44.98024
Benin,BEN,1993,48.78513
Benin,BEN,1994,49.95577
Benin,BEN,1995,52.39328
Benin,BEN,1996,54.50736
Benin,BEN,1997,57.87516
Benin,BEN,2003,79.00534
Benin,BEN,2004,82.03473
Benin,BEN,2005,78.25397
Benin,BEN,2006,80.84862
Benin,BEN,2008,84.79679
Benin,BEN,2009,90.52532
Benin,BEN,2010,92.09014
Benin,BEN,2011,93.06081
Benin,BEN,2012,95.89098
Benin,BEN,2013,96.15684
Benin,BEN,2014,96.51782
Benin,BEN,2016,96.96804
Benin,BEN,2017,92.88431
Benin,BEN,2018,90.022
Benin,BEN,2019,85.58471
Benin,BEN,2020,85.00785
Benin,BEN,2021,87.86528
Benin,BEN,2022,90.38979
Bermuda,BMU,1978,84.07323
Bermuda,BMU,1979,82.8086
Bermuda,BMU,1984,95.11805
Bermuda,BMU,1985,95.9769
Bermuda,BMU,2005,95.42883
Bermuda,BMU,2011,96.16114
Bermuda,BMU,2012,96.58982
Bhutan,BTN,1978,22.01758
Bhutan,BTN,1979,24.67625
Bhutan,BTN,1998,55.78699
Bhutan,BTN,1999,56.69191
Bhutan,BTN,2000,58.91713
Bhutan,BTN,2001,61.16888
Bhutan,BTN,2005,71.29698
Bhutan,BTN,2006,76.27801
Bhutan,BTN,2008,83.2353
Bhutan,BTN,2009,88.28997
Bhutan,BTN,2010,90.57272
Bhutan,BTN,2011,91.11041
Bhutan,BTN,2012,92.38938
Bhutan,BTN,2013,90.86161
Bhutan,BTN,2015,89.15332
Bhutan,BTN,2016,88.54294
Bhutan,BTN,2017,88.2923
Bhutan,BTN,2018,90.57594
Bhutan,BTN,2020,94.53774
Bhutan,BTN,2021,83.89697
Bhutan,BTN,2022,89.95857
Bhutan,BTN,2023,88.22802
Bhutan,BTN,2024,89.50208
Bolivia,BOL,1820,0.33
Bolivia,BOL,1825,0.42
Bolivia,BOL,1830,0.53
Bolivia,BOL,1835,0.66
Bolivia,BOL,1840,0.84
Bolivia,BOL,1845,1.06
Bolivia,BOL,1850,1.33
Bolivia,BOL,1855,1.67
Bolivia,BOL,1860,2.1
Bolivia,BOL,1865,2.64
Bolivia,BOL,1870,3.31
Bolivia,BOL,1875,4.15
Bolivia,BOL,1880,5.19
Bolivia,BOL,1885,6.42
Bolivia,BOL,1890,7.65
Bolivia,BOL,1895,9.32
Bolivia,BOL,1900,12.41
Bolivia,BOL,1905,17.74
Bolivia,BOL,1910,21.6
Bolivia,BOL,1915,21.97
Bolivia,BOL,1920,22.35
Bolivia,BOL,1925,22.72
Bolivia,BOL,1930,23.34
Bolivia,BOL,1935,23.95
Bolivia,BOL,1940,31.51
Bolivia,BOL,1945,35.09
Bolivia,BOL,1950,38.09
Bolivia,BOL,1955,53.31
Bolivia,BOL,1960,54.96
Bolivia,BOL,1965,62.69
Bolivia,BOL,1970,65.27
Bolivia,BOL,1975,73
Bolivia,BOL,1980,77
Bolivia,BOL,1998,99.31555
Bolivia,BOL,1999,99.55076
Bolivia,BOL,2000,99.91612
Bolivia,BOL,2001,99.74858
Bolivia,BOL,2002,99.75314
Bolivia,BOL,2003,99.58757
Bolivia,BOL,2004,99.3435
Bolivia,BOL,2005,99.45287
Bolivia,BOL,2006,99.47555
Bolivia,BOL,2007,99.51748
Bolivia,BOL,2008,99.7319
Bolivia,BOL,2009,98.55872
Bolivia,BOL,2010,95.73746
Bolivia,BOL,2011,93.226
Bolivia,BOL,2012,90.20725
Bolivia,BOL,2013,89.38604
Bolivia,BOL,2014,88.87219
Bolivia,BOL,2015,88.88971
Bolivia,BOL,2016,89.64781
Bolivia,BOL,2017,91.12592
Bolivia,BOL,2018,92.79986
Bolivia,BOL,2019,94.01477
Bolivia,BOL,2020,94.95441
Bolivia,BOL,2021,95.836815
Bolivia,BOL,2022,96.618744
Bolivia,BOL,2023,95.842514
Bolivia,BOL,2024,90.74873
Bosnia and Herzegovina,BIH,2009,86.46066
Bosnia and Herzegovina,BIH,2010,89.51383
Bosnia and Herzegovina,BIH,2011,89.68995
Bosnia and Herzegovina,BIH,2012,88.44861
Bosnia and Herzegovina,BIH,2013,88.83836
Bosnia and Herzegovina,BIH,2014,90.12254
Bosnia and Herzegovina,BIH,2015,92.0746
Bosnia and Herzegovina,BIH,2016,95.13059
Bosnia and Herzegovina,BIH,2017,98.03127
Bosnia and Herzegovina,BIH,2018,99.29614
Bosnia and Herzegovina,BIH,2020,98.15839
Bosnia and Herzegovina,BIH,2021,98.44983
Bosnia and Herzegovina,BIH,2022,98.50354
Bosnia and Herzegovina,BIH,2023,97.90271
Botswana,BWA,1970,50.01984
Botswana,BWA,1971,47.41964
Botswana,BWA,1972,49.09398
Botswana,BWA,1973,52.57983
Botswana,BWA,1974,57.12415
Botswana,BWA,1975,64.23816
Botswana,BWA,1976,69.03443
Botswana,BWA,1977,73.57384
Botswana,BWA,1978,74.5801
Botswana,BWA,1979,75.65238
Botswana,BWA,1980,79.67335
Botswana,BWA,1981,85.00003
Botswana,BWA,1983,88.76364
Botswana,BWA,1984,88.94741
Botswana,BWA,1985,90.94744
Botswana,BWA,1986,91.25532
Botswana,BWA,1987,91.03739
Botswana,BWA,1988,90.74731
Botswana,BWA,1989,91.09449
Botswana,BWA,1990,90.23264
Botswana,BWA,1991,92.31028
Botswana,BWA,1992,91.06854
Botswana,BWA,1993,89.92972
Botswana,BWA,1994,89.33997
Botswana,BWA,1995,79.89742
Botswana,BWA,1996,80.3429
Botswana,BWA,1998,83.29221
Botswana,BWA,1999,82.69684
Botswana,BWA,2000,83.78095
Botswana,BWA,2001,85.53028
Botswana,BWA,2002,86.0485
Botswana,BWA,2003,86.8133
Botswana,BWA,2004,88.38697
Botswana,BWA,2005,89.42199
Botswana,BWA,2006,90.7315
Botswana,BWA,2007,89.74271
Botswana,BWA,2008,89.07896
Botswana,BWA,2009,88.93495
Botswana,BWA,2012,90.922295
Botswana,BWA,2013,89.26018
Botswana,BWA,2014,88.06019
Botswana,BWA,2022,99.46493
Brazil,BRA,1820,0.86
Brazil,BRA,1825,1.09
Brazil,BRA,1830,1.37
Brazil,BRA,1835,1.72
Brazil,BRA,1840,2.16
Brazil,BRA,1845,2.71
Brazil,BRA,1850,3.4
Brazil,BRA,1855,4.25
Brazil,BRA,1860,5.31
Brazil,BRA,1865,6.61
Brazil,BRA,1870,8.2
Brazil,BRA,1875,9.29
Brazil,BRA,1880,9.92
Brazil,BRA,1885,9.78
Brazil,BRA,1890,9.63
Brazil,BRA,1895,11.66
Brazil,BRA,1900,13.69
Brazil,BRA,1905,15.72
Brazil,BRA,1910,17.12
Brazil,BRA,1915,18.51
Brazil,BRA,1920,19.91
Brazil,BRA,1925,28.85
Brazil,BRA,1930,29.47
Brazil,BRA,1935,32.88
Brazil,BRA,1940,38
Brazil,BRA,1945,54.58
Brazil,BRA,1950,37.8
Brazil,BRA,1955,44.55
Brazil,BRA,1960,76.65
Brazil,BRA,1965,87.14
Brazil,BRA,1970,62
Brazil,BRA,1975,71
Brazil,BRA,1980,81
Brazil,BRA,2012,93.52572
Brazil,BRA,2013,95.47131
Brazil,BRA,2014,95.5759
Brazil,BRA,2015,95.22676
Brazil,BRA,2016,95.5901
Brazil,BRA,2017,95.75941
Brazil,BRA,2018,95.25654
Brazil,BRA,2019,96.05244
Brazil,BRA,2020,95.85399
Brazil,BRA,2021,95.18967
Brazil,BRA,2022,96.65931
Brazil,BRA,2024,97.8128
British Virgin Islands,VGB,1983,86.92308
British Virgin Islands,VGB,1984,84.70914
British Virgin Islands,VGB,1985,94.11111
British Virgin Islands,VGB,1990,95.62786
British Virgin Islands,VGB,1991,97.06759
British Virgin Islands,VGB,1992,97.94018
British Virgin Islands,VGB,1994,98.19991
British Virgin Islands,VGB,1999,99.13733
British Virgin Islands,VGB,2000,85.6513
British Virgin Islands,VGB,2001,94.69372
British Virgin Islands,VGB,2002,97.48072
British Virgin Islands,VGB,2003,97.11871
British Virgin Islands,VGB,2005,91.40596
British Virgin Islands,VGB,2006,89.12398
British Virgin Islands,VGB,2007,99.33917
British Virgin Islands,VGB,2009,99.28698
British Virgin Islands,VGB,2010,99.38016
British Virgin Islands,VGB,2011,99.2521
British Virgin Islands,VGB,2012,95.591644
British Virgin Islands,VGB,2013,92.93219
British Virgin Islands,VGB,2014,93.259766
British Virgin Islands,VGB,2015,90.241104
British Virgin Islands,VGB,2016,88.01779
British Virgin Islands,VGB,2017,93.48153
British Virgin Islands,VGB,2018,75.13984
British Virgin Islands,VGB,2019,80.65716
British Virgin Islands,VGB,2020,95.6174
British Virgin Islands,VGB,2021,91.043274
British Virgin Islands,VGB,2022,73.78674
British Virgin Islands,VGB,2023,84.591194
British Virgin Islands,VGB,2024,73.03371
Brunei,BRN,1977,91.19562
Brunei,BRN,1978,93.38121
Brunei,BRN,1979,84.8054
Brunei,BRN,1980,86.06011
Brunei,BRN,1981,83.07212
Brunei,BRN,1982,81.85058
Brunei,BRN,1983,84.16834
Brunei,BRN,1984,85.61548
Brunei,BRN,1986,88.5701
Brunei,BRN,1991,94.16602
Brunei,BRN,1992,94.11139
Brunei,BRN,1993,95.82889
Brunei,BRN,1994,94.91646
Brunei,BRN,1995,96.6874
Brunei,BRN,2005,98.02566
Brunei,BRN,2006,98.41327
Brunei,BRN,2007,98.28496
Brunei,BRN,2008,98.62843
Brunei,BRN,2009,98.13227
Brunei,BRN,2010,97.68577
Brunei,BRN,2011,97.01298
Brunei,BRN,2012,98.45763
Brunei,BRN,2013,97.86224
Brunei,BRN,2014,98.78886
Brunei,BRN,2015,99.23845
Brunei,BRN,2016,98.36167
Brunei,BRN,2017,98.42261
Brunei,BRN,2018,98.37358
Brunei,BRN,2019,98.49345
Brunei,BRN,2020,98.905136
Brunei,BRN,2021,98.20196
Brunei,BRN,2022,99.057884
Brunei,BRN,2023,99.41523
Brunei,BRN,2024,96.388115
Bulgaria,BGR,1820,18.73
Bulgaria,BGR,1825,20
Bulgaria,BGR,1830,21.33
Bulgaria,BGR,1835,22.73
Bulgaria,BGR,1840,24.19
Bulgaria,BGR,1845,25.72
Bulgaria,BGR,1850,27.3
Bulgaria,BGR,1855,28.95
Bulgaria,BGR,1860,30.65
Bulgaria,BGR,1865,32.41
Bulgaria,BGR,1870,34.22
Bulgaria,BGR,1875,36.08
Bulgaria,BGR,1880,37.98
Bulgaria,BGR,1885,39.92
Bulgaria,BGR,1890,41.9
Bulgaria,BGR,1895,60.59
Bulgaria,BGR,1900,53.99
Bulgaria,BGR,1905,94.69
Bulgaria,BGR,1910,98.09
Bulgaria,BGR,1915,89.46
Bulgaria,BGR,1920,100
Bulgaria,BGR,1925,99.81
Bulgaria,BGR,1930,100
Bulgaria,BGR,1935,100
Bulgaria,BGR,1940,100
Bulgaria,BGR,1945,100
Bulgaria,BGR,1950,100
Bulgaria,BGR,1955,100
Bulgaria,BGR,1960,93
Bulgaria,BGR,1965,100
Bulgaria,BGR,1970,100
Bulgaria,BGR,1975,96
Bulgaria,BGR,1980,96
Bulgaria,BGR,2001,98.43213
Bulgaria,BGR,2002,99.63244
Bulgaria,BGR,2003,99.62351
Bulgaria,BGR,2004,99.60084
Bulgaria,BGR,2005,99.88175
Bulgaria,BGR,2006,99.83585
Bulgaria,BGR,2007,99.92895
Bulgaria,BGR,2008,99.93354
Bulgaria,BGR,2009,98.95125
Bulgaria,BGR,2010,99.15441
Bulgaria,BGR,2011,98.5174
Bulgaria,BGR,2012,97.49303
Bulgaria,BGR,2013,96.30032
Bulgaria,BGR,2014,96.74613
Bulgaria,BGR,2015,97.01172
Bulgaria,BGR,2016,96.63878
Bulgaria,BGR,2017,96.46524
Bulgaria,BGR,2018,95.96525
Bulgaria,BGR,2019,95.81886
Bulgaria,BGR,2020,95.78806
Bulgaria,BGR,2021,94.95918
Bulgaria,BGR,2022,94.70402
Bulgaria,BGR,2023,94.28589
Bulgaria,BGR,2024,94.09745
Burkina Faso,BFA,1971,10.28742
Burkina Faso,BFA,1972,10.66759
Burkina Faso,BFA,1977,12.63676
Burkina Faso,BFA,1978,13.12105
Burkina Faso,BFA,1979,13.62503
Burkina Faso,BFA,1980,14.39369
Burkina Faso,BFA,1981,15.30446
Burkina Faso,BFA,1982,16.68727
Burkina Faso,BFA,1983,17.8817
Burkina Faso,BFA,1984,19.19235
Burkina Faso,BFA,1985,21.16053
Burkina Faso,BFA,1986,22.9734
Burkina Faso,BFA,1987,24.4518
Burkina Faso,BFA,1988,24.84467
Burkina Faso,BFA,1989,25.05883
Burkina Faso,BFA,1991,26.02445
Burkina Faso,BFA,1992,26.43625
Burkina Faso,BFA,1993,27.31399
Burkina Faso,BFA,1994,28.42721
Burkina Faso,BFA,1995,29.8922
Burkina Faso,BFA,1998,32.97734
Burkina Faso,BFA,1999,33.61322
Burkina Faso,BFA,2000,34.95063
Burkina Faso,BFA,2001,36.064
Burkina Faso,BFA,2002,35.21966
Burkina Faso,BFA,2003,37.64099
Burkina Faso,BFA,2004,39.85406
Burkina Faso,BFA,2005,44.68895
Burkina Faso,BFA,2006,48.27205
Burkina Faso,BFA,2007,53.50816
Burkina Faso,BFA,2008,59.45544
Burkina Faso,BFA,2009,62.3889
Burkina Faso,BFA,2010,58.968563
Burkina Faso,BFA,2011,63.518948
Burkina Faso,BFA,2012,64.415565
Burkina Faso,BFA,2013,65.30736
Burkina Faso,BFA,2014,66.24141
Burkina Faso,BFA,2015,67.50215
Burkina Faso,BFA,2016,72.76897
Burkina Faso,BFA,2017,73.599945
Burkina Faso,BFA,2018,75.55305
Burkina Faso,BFA,2019,74.20008
Burkina Faso,BFA,2020,71.4783
Burkina Faso,BFA,2021,70.94201
Burkina Faso,BFA,2022,67.752
Burkina Faso,BFA,2023,58.033173
Burkina Faso,BFA,2024,65.71233
Burundi,BDI,1973,18.70921
Burundi,BDI,1978,15.8675
Burundi,BDI,1980,16.88793
Burundi,BDI,1981,18.33961
Burundi,BDI,1982,21.21548
Burundi,BDI,1983,26.63895
Burundi,BDI,1984,30.96882
Burundi,BDI,1985,35.05738
Burundi,BDI,1986,37.66869
Burundi,BDI,1987,42.43452
Burundi,BDI,1988,45.06181
Burundi,BDI,1993,45.5252
Burundi,BDI,2000,42.3217
Burundi,BDI,2001,51.16401
Burundi,BDI,2002,51.79824
Burundi,BDI,2003,55.21675
Burundi,BDI,2004,56.76691
Burundi,BDI,2005,60.38223
Burundi,BDI,2006,77.91661
Burundi,BDI,2007,85.41977
Burundi,BDI,2008,93.06952
Burundi,BDI,2009,90.67545
Burundi,BDI,2010,94.1638
Burundi,BDI,2011,94.73183
Burundi,BDI,2012,93.54185
Burundi,BDI,2013,88.05711
Burundi,BDI,2014,91.07256
Burundi,BDI,2015,88.90273
Burundi,BDI,2016,87.33042
Burundi,BDI,2017,83.07773
Burundi,BDI,2018,80.375786
Burundi,BDI,2019,78.86024
Burundi,BDI,2020,79.37785
Burundi,BDI,2025,73.53473
Cambodia,KHM,1820,0
Cambodia,KHM,1825,0
Cambodia,KHM,1830,0
Cambodia,KHM,1835,0
Cambodia,KHM,1840,0
Cambodia,KHM,1845,0
Cambodia,KHM,1850,0
Cambodia,KHM,1855,0
Cambodia,KHM,1860,0
Cambodia,KHM,1865,0
Cambodia,KHM,1870,0
Cambodia,KHM,1875,0.01
Cambodia,KHM,1880,0.02
Cambodia,KHM,1885,0.03
Cambodia,KHM,1890,0.06
Cambodia,KHM,1895,0.09
Cambodia,KHM,1900,0.15
Cambodia,KHM,1905,0.25
Cambodia,KHM,1910,0.4
Cambodia,KHM,1915,0.62
Cambodia,KHM,1920,0.97
Cambodia,KHM,1925,1.49
Cambodia,KHM,1930,2.27
Cambodia,KHM,1935,7.88
Cambodia,KHM,1940,9.4
Cambodia,KHM,1945,13.05
Cambodia,KHM,1950,21.19
Cambodia,KHM,1955,51.85
Cambodia,KHM,1960,54.19
Cambodia,KHM,1965,56.53
Cambodia,KHM,1970,58.87
Cambodia,KHM,1975,61.2
Cambodia,KHM,1980,63.54
Cambodia,KHM,1997,85.47314
Cambodia,KHM,1998,83.0242
Cambodia,KHM,1999,84.39295
Cambodia,KHM,2000,89.61995
Cambodia,KHM,2003,95.92525
Cambodia,KHM,2006,94.83581
Cambodia,KHM,2007,95.78885
Cambodia,KHM,2008,95.05439
Cambodia,KHM,2010,93.25657
Cambodia,KHM,2011,98.63933
Cambodia,KHM,2012,97.42574
Cambodia,KHM,2014,91.27742
Cambodia,KHM,2015,91.70946
Cambodia,KHM,2016,89.91164
Cambodia,KHM,2017,88.56508
Cambodia,KHM,2018,89.07519
Cambodia,KHM,2019,90.69512
Cambodia,KHM,2020,90.56614
Cambodia,KHM,2021,88.952156
Cambodia,KHM,2022,84.26029
Cambodia,KHM,2023,92.21337
Cambodia,KHM,2024,96.30924
Cameroon,CMR,1820,0.03
Cameroon,CMR,1825,0.04
Cameroon,CMR,1830,0.05
Cameroon,CMR,1835,0.07
Cameroon,CMR,1840,0.09
Cameroon,CMR,1845,0.12
Cameroon,CMR,1850,0.15
Cameroon,CMR,1855,0.2
Cameroon,CMR,1860,0.25
Cameroon,CMR,1865,0.33
Cameroon,CMR,1870,0.43
Cameroon,CMR,1875,0.56
Cameroon,CMR,1880,0.72
Cameroon,CMR,1885,2.45
Cameroon,CMR,1890,4.19
Cameroon,CMR,1895,2.57
Cameroon,CMR,1900,0.95
Cameroon,CMR,1905,1.96
Cameroon,CMR,1910,2.97
Cameroon,CMR,1915,3.02
Cameroon,CMR,1920,3.08
Cameroon,CMR,1925,3.95
Cameroon,CMR,1930,4.83
Cameroon,CMR,1935,10.96
Cameroon,CMR,1940,17.09
Cameroon,CMR,1945,25.68
Cameroon,CMR,1950,30.58
Cameroon,CMR,1955,45.23
Cameroon,CMR,1960,44.26
Cameroon,CMR,1965,64
Cameroon,CMR,1970,64
Cameroon,CMR,1971,64.24023
Cameroon,CMR,1972,63.65568
Cameroon,CMR,1973,62.28822
Cameroon,CMR,1974,60.33291
Cameroon,CMR,1975,66.92042
Cameroon,CMR,1976,67.94962
Cameroon,CMR,1977,66.45736
Cameroon,CMR,1978,67.64519
Cameroon,CMR,1979,68.4184
Cameroon,CMR,1980,68.47
Cameroon,CMR,1988,74.92413
Cameroon,CMR,1990,74.59057
Cameroon,CMR,1991,72.97188
Cameroon,CMR,2008,87.34992
Cameroon,CMR,2009,90.07158
Cameroon,CMR,2011,91.45618
Cameroon,CMR,2012,94.19076
Cameroon,CMR,2014,94.830864
Cameroon,CMR,2015,95.22582
Cameroon,CMR,2016,95.66755
Cameroon,CMR,2017,94.23119
Cameroon,CMR,2019,92.54477
Cameroon,CMR,2021,95.58393
Cameroon,CMR,2022,96.06669
Cameroon,CMR,2023,96.29094
Cameroon,CMR,2024,96.23829
Canada,CAN,1820,56.81
Canada,CAN,1825,59.52
Canada,CAN,1830,62.17
Canada,CAN,1835,64.76
Canada,CAN,1840,67.27
Canada,CAN,1845,69.7
Canada,CAN,1850,72.02
Canada,CAN,1855,74.23
Canada,CAN,1860,76.34
Canada,CAN,1865,78.33
Canada,CAN,1870,81.87
Canada,CAN,1875,84.58
Canada,CAN,1880,83.64
Canada,CAN,1885,87.28
Canada,CAN,1890,90.55
Canada,CAN,1895,92.43
Canada,CAN,1900,95.84
Canada,CAN,1905,90.4
Canada,CAN,1910,92.38
Canada,CAN,1915,88.18
Canada,CAN,1920,98.37
Canada,CAN,1925,100
Canada,CAN,1930,100
Canada,CAN,1935,100
Canada,CAN,1940,98.97
Canada,CAN,1945,90.02
Canada,CAN,1950,93.05
Canada,CAN,1955,96.29
Canada,CAN,1960,73
Canada,CAN,1965,69
Canada,CAN,1970,92
Canada,CAN,1975,90.6
Canada,CAN,1980,93.79
Canada,CAN,2000,99.41246
Canada,CAN,2012,99.49084
Canada,CAN,2013,99.38664
Canada,CAN,2014,99.52529
Canada,CAN,2015,99.70666
Canada,CAN,2016,98.55004
Canada,CAN,2017,98.63224
Canada,CAN,2018,98.66176
Canada,CAN,2019,97.18755
Canada,CAN,2020,96.90897
Canada,CAN,2021,95.22962
Canada,CAN,2022,94.73441
Canada,CAN,2023,95.01005
Cape Verde,CPV,1981,79.71649
Cape Verde,CPV,1982,76.8602
Cape Verde,CPV,1983,73.17362
Cape Verde,CPV,1984,78.20966
Cape Verde,CPV,1985,80.42224
Cape Verde,CPV,1986,81.56605
Cape Verde,CPV,1987,82.84903
Cape Verde,CPV,1988,87.57442
Cape Verde,CPV,1990,90.10913
Cape Verde,CPV,1994,93.2362
Cape Verde,CPV,1998,96.9231
Cape Verde,CPV,2000,96.54718
Cape Verde,CPV,2001,95.46433
Cape Verde,CPV,2002,95.89075
Cape Verde,CPV,2003,96.00235
Cape Verde,CPV,2004,94.49905
Cape Verde,CPV,2005,94.84635
Cape Verde,CPV,2006,94.76515
Cape Verde,CPV,2007,93.11214
Cape Verde,CPV,2008,92.217
Cape Verde,CPV,2009,91.7266
Cape Verde,CPV,2010,91.726265
Cape Verde,CPV,2011,92.15003
Cape Verde,CPV,2012,94.22647
Cape Verde,CPV,2013,94.57344
Cape Verde,CPV,2014,94.880325
Cape Verde,CPV,2015,95.1361
Cape Verde,CPV,2016,94.78952
Cape Verde,CPV,2017,94.945526
Cape Verde,CPV,2018,96.312256
Cape Verde,CPV,2019,96.22838
Cape Verde,CPV,2020,94.675545
Cape Verde,CPV,2021,95.236496
Cape Verde,CPV,2022,58.164005
Cayman Islands,CYM,1999,94.02335
Cayman Islands,CYM,2000,98.57074
Cayman Islands,CYM,2001,98.06562
Cayman Islands,CYM,2002,98.83199
Cayman Islands,CYM,2004,96.20853
Cayman Islands,CYM,2005,90.16829
Cayman Islands,CYM,2006,94.67779
Cayman Islands,CYM,2007,99.27502
Cayman Islands,CYM,2008,95.52812
Cayman Islands,CYM,2011,98.174706
Cayman Islands,CYM,2012,98.50756
Cayman Islands,CYM,2013,97.80165
Cayman Islands,CYM,2018,94.13151
Cayman Islands,CYM,2019,94.12895
Cayman Islands,CYM,2020,96.14474
Cayman Islands,CYM,2021,94.51273
Cayman Islands,CYM,2022,97.346306
Cayman Islands,CYM,2023,99.8664
Cayman Islands,CYM,2024,94.83102
Central African Republic,CAF,1971,41.30102
Central African Republic,CAF,1972,43.49894
Central African Republic,CAF,1973,45.39469
Central African Republic,CAF,1977,42.1855
Central African Republic,CAF,1978,42.73484
Central African Republic,CAF,1981,50.18886
Central African Republic,CAF,1982,53.58449
Central African Republic,CAF,1983,57.07404
Central African Republic,CAF,1986,63.21735
Central African Republic,CAF,1987,52.91696
Central African Republic,CAF,1988,50.52188
Central African Republic,CAF,1989,50.25604
Central African Republic,CAF,1990,58.40776
Central African Republic,CAF,1991,53.05331
Central African Republic,CAF,2005,42.54558
Central African Republic,CAF,2006,42.74797
Central African Republic,CAF,2007,49.93352
Central African Republic,CAF,2008,58.19178
Central African Republic,CAF,2009,58.48982
Central African Republic,CAF,2010,61.92503
Central African Republic,CAF,2011,59.54299
Central African Republic,CAF,2012,62.10515
Central and Southern Asia (SDG),,2000,70
Central and Southern Asia (SDG),,2001,71.8
Central and Southern Asia (SDG),,2002,73.3
Central and Southern Asia (SDG),,2003,74.6
Central and Southern Asia (SDG),,2004,76
Central and Southern Asia (SDG),,2005,77.3
Central and Southern Asia (SDG),,2006,78.6
Central and Southern Asia (SDG),,2007,80.1
Central and Southern Asia (SDG),,2008,81.5
Central and Southern Asia (SDG),,2009,82.7
Central and Southern Asia (SDG),,2010,84
Central and Southern Asia (SDG),,2011,85
Central and Southern Asia (SDG),,2012,85.8
Central and Southern Asia (SDG),,2013,86.5
Central and Southern Asia (SDG),,2014,87.2
Central and Southern Asia (SDG),,2015,87.8
Central and Southern Asia (SDG),,2016,88.4
Central and Southern Asia (SDG),,2017,89
Central and Southern Asia (SDG),,2018,89.5
Central and Southern Asia (SDG),,2019,89.8
Central and Southern Asia (SDG),,2020,90
Central and Southern Asia (SDG),,2021,90.2
Central and Southern Asia (SDG),,2022,90.1
Central and Southern Asia (SDG),,2023,90.2
Central and Southern Asia (SDG),,2024,90.3
Central and Southern Asia (SDG),,2025,90.4
Chad,TCD,1975,23.33402
Chad,TCD,1977,23.5182
Chad,TCD,1988,33.02544
Chad,TCD,1996,36.98774
Chad,TCD,1997,42.24721
Chad,TCD,1998,47.12388
Chad,TCD,1999,48.468
Chad,TCD,2000,49.6495
Chad,TCD,2001,50.86195
Chad,TCD,2002,54.65695
Chad,TCD,2003,56.31649
Chad,TCD,2011,61.43668
Chad,TCD,2013,76.10532
Chad,TCD,2015,76.17944
Chad,TCD,2016,69.8852
Chad,TCD,2017,64.19303
Chad,TCD,2018,69.81614
Chad,TCD,2019,68.940674
Chad,TCD,2021,71.43931
Chad,TCD,2022,71.60776
Chad,TCD,2023,73.28268
Chad,TCD,2024,75.195885
Chile,CHL,1820,2.7
Chile,CHL,1825,3.36
Chile,CHL,1830,4.16
Chile,CHL,1835,5.16
Chile,CHL,1840,6.37
Chile,CHL,1845,7.84
Chile,CHL,1850,9.62
Chile,CHL,1855,11.05
Chile,CHL,1860,14.06
Chile,CHL,1865,16.67
Chile,CHL,1870,16.89
Chile,CHL,1875,17.1
Chile,CHL,1880,17.32
Chile,CHL,1885,15.66
Chile,CHL,1890,27.24
Chile,CHL,1895,31.13
Chile,CHL,1900,34.14
Chile,CHL,1905,43.11
Chile,CHL,1910,62.35
Chile,CHL,1915,65.77
Chile,CHL,1920,61.97
Chile,CHL,1925,76.89
Chile,CHL,1930,80.21
Chile,CHL,1935,70.72
Chile,CHL,1940,75.75
Chile,CHL,1945,74.44
Chile,CHL,1950,95.98
Chile,CHL,1955,100
Chile,CHL,1960,94.74
Chile,CHL,1965,100
Chile,CHL,1970,93
Chile,CHL,1975,96
Chile,CHL,1980,98.08
Chile,CHL,2007,96.6482
Chile,CHL,2008,96.76336
Chile,CHL,2009,95.18594
Chile,CHL,2010,96.67198
Chile,CHL,2011,96.41544
Chile,CHL,2012,96.60575
Chile,CHL,2013,96.64586
Chile,CHL,2014,97.04205
Chile,CHL,2015,97.27679
Chile,CHL,2016,97.51949
Chile,CHL,2017,97.69744
Chile,CHL,2018,98.09666
Chile,CHL,2019,98.3932
Chile,CHL,2020,97.72505
Chile,CHL,2021,97.8333
Chile,CHL,2022,98.70712
Chile,CHL,2023,98.67041
Chile,CHL,2024,97.87872
China,CHN,1820,0
China,CHN,1825,0
China,CHN,1830,0
China,CHN,1835,0
China,CHN,1840,0
China,CHN,1845,0
China,CHN,1850,0.01
China,CHN,1855,0.02
China,CHN,1860,0.03
China,CHN,1865,0.05
China,CHN,1870,0.08
China,CHN,1875,0.14
China,CHN,1880,0.23
China,CHN,1885,0.36
China,CHN,1890,0.57
China,CHN,1895,0.9
China,CHN,1900,1.4
China,CHN,1905,2.15
China,CHN,1910,3.28
China,CHN,1915,4.96
China,CHN,1920,7.4
China,CHN,1925,11.1
China,CHN,1930,17.67
China,CHN,1935,22.21
China,CHN,1940,19.62
China,CHN,1945,30.99
China,CHN,1950,32.9
China,CHN,1955,56.4
China,CHN,1960,68.19
China,CHN,1965,68.19
China,CHN,1970,68.19
China,CHN,1975,96.53
China,CHN,1980,80.44
China,CHN,1987,96.09798
China,CHN,1988,97.18013
China,CHN,1989,95.39508
China,CHN,1990,92.30862
China,CHN,1991,91.67418
China,CHN,1992,90.562
China,CHN,1993,90.19127
China,CHN,1994,90.04897
China,CHN,1995,91.20353
China,CHN,1996,92.07338
China,CHN,1997,93.32369
Colombia,COL,1820,4.64
Colombia,COL,1825,5.56
Colombia,COL,1830,6.65
Colombia,COL,1835,7.94
Colombia,COL,1840,10.16
Colombia,COL,1845,8.75
Colombia,COL,1850,8.64
Colombia,COL,1855,10.92
Colombia,COL,1860,13.2
Colombia,COL,1865,15.47
Colombia,COL,1870,17.75
Colombia,COL,1875,20.03
Colombia,COL,1880,17.41
Colombia,COL,1885,15.06
Colombia,COL,1890,17.36
Colombia,COL,1895,19.5
Colombia,COL,1900,21.69
Colombia,COL,1905,23.87
Colombia,COL,1910,26.06
Colombia,COL,1915,38.17
Colombia,COL,1920,39.11
Colombia,COL,1925,37.58
Colombia,COL,1930,36.09
Colombia,COL,1935,39.43
Colombia,COL,1940,41.08
Colombia,COL,1945,39.59
Colombia,COL,1950,43.15
Colombia,COL,1955,55.71
Colombia,COL,1960,59
Colombia,COL,1965,64
Colombia,COL,1970,69.23
Colombia,COL,1975,75.64
Colombia,COL,1980,82.05
Colombia,COL,2000,100
Colombia,COL,2001,100
Colombia,COL,2002,100
Colombia,COL,2004,99.58493
Colombia,COL,2005,99.67362
Colombia,COL,2006,99.82703
Colombia,COL,2007,99.91495
Colombia,COL,2008,99.79905
Colombia,COL,2009,99.77182
Colombia,COL,2010,99.7302
Colombia,COL,2011,99.89282
Colombia,COL,2012,98.29264
Colombia,COL,2015,96.60305
Colombia,COL,2016,94.77567
Colombia,COL,2017,95.92544
Colombia,COL,2018,95.30453
Colombia,COL,2019,94.97771
Colombia,COL,2020,93.88892
Colombia,COL,2021,93.01329
Colombia,COL,2022,92.67547
Comoros,COM,1983,75.29188
Comoros,COM,1986,72.69739
Comoros,COM,1987,66.06709
Comoros,COM,1994,62.37579
Comoros,COM,1999,54.19686
Comoros,COM,2000,60.8361
Comoros,COM,2007,73.71877
Comoros,COM,2013,94.94624
Comoros,COM,2014,93.7191
Comoros,COM,2017,91.13215
Comoros,COM,2018,88.05981
Comoros,COM,2021,74.45658
Comoros,COM,2022,80.56124
Comoros,COM,2024,79.352554
Congo,COG,1972,77.19003
Congo,COG,1974,83.18265
Congo,COG,1976,85.43069
Congo,COG,1978,89.42807
Congo,COG,1979,90.33111
Congo,COG,1980,83.49194
Congo,COG,1981,83.41363
Congo,COG,1982,84.94801
Congo,COG,1983,86.36593
Congo,COG,1984,88.44701
Congo,COG,2005,50.26016
Congo,COG,2006,54.07395
Congo,COG,2010,86.13711
Congo,COG,2012,88.35152
Congo,COG,2018,78.75741
Congo,COG,2023,82.92292
Cook Islands,COK,1997,98.55722
Cook Islands,COK,1998,97.45729
Cook Islands,COK,1999,94.77764
Cook Islands,COK,2000,90.07182
Cook Islands,COK,2005,98.45241
Cook Islands,COK,2007,97.55763
Cook Islands,COK,2010,99.15671
Cook Islands,COK,2011,99.426414
Cook Islands,COK,2012,99.14834
Cook Islands,COK,2013,96.968025
Cook Islands,COK,2014,98.012146
Cook Islands,COK,2015,98.44358
Cook Islands,COK,2016,99.93824
Cook Islands,COK,2017,98.77757
Cook Islands,COK,2018,98.3568
Cook Islands,COK,2019,99.85253
Cook Islands,COK,2020,99.24709
Cook Islands,COK,2021,98.316
Cook Islands,COK,2022,97.73128
Cook Islands,COK,2023,97.41809
Cook Islands,COK,2024,97.46823
Costa Rica,CRI,1820,2.09
Costa Rica,CRI,1825,2.65
Costa Rica,CRI,1830,3.36
Costa Rica,CRI,1835,4.24
Costa Rica,CRI,1840,5.34
Costa Rica,CRI,1845,6.71
Costa Rica,CRI,1850,8.4
Costa Rica,CRI,1855,10.47
Costa Rica,CRI,1860,12.97
Costa Rica,CRI,1865,15.97
Costa Rica,CRI,1870,19.51
Costa Rica,CRI,1875,23.61
Costa Rica,CRI,1880,28.28
Costa Rica,CRI,1885,33.47
Costa Rica,CRI,1890,39.1
Costa Rica,CRI,1895,45.04
Costa Rica,CRI,1900,34.83
Costa Rica,CRI,1905,35.25
Costa Rica,CRI,1910,40.55
Costa Rica,CRI,1915,48.96
Costa Rica,CRI,1920,45.49
Costa Rica,CRI,1925,46.79
Costa Rica,CRI,1930,55
Costa Rica,CRI,1935,61.81
Costa Rica,CRI,1940,63.33
Costa Rica,CRI,1945,69.96
Costa Rica,CRI,1950,68.5
Costa Rica,CRI,1955,88.12
Costa Rica,CRI,1960,81
Costa Rica,CRI,1965,89
Costa Rica,CRI,1970,89
Costa Rica,CRI,1975,92
Costa Rica,CRI,1980,90
Costa Rica,CRI,2011,96.96733
Costa Rica,CRI,2012,95.30495
Costa Rica,CRI,2013,93.40759
Costa Rica,CRI,2014,90.8723
Costa Rica,CRI,2015,91.46816
Costa Rica,CRI,2016,92.23167
Costa Rica,CRI,2017,90.10127
Costa Rica,CRI,2018,93.4536
Costa Rica,CRI,2019,95.2829
Costa Rica,CRI,2020,94.69861
Costa Rica,CRI,2021,93.88319
Costa Rica,CRI,2022,94.01323
Costa Rica,CRI,2023,95.27235
Costa Rica,CRI,2024,95.51393
Cote d'Ivoire,CIV,1820,0.02
Cote d'Ivoire,CIV,1825,0.02
Cote d'Ivoire,CIV,1830,0.03
Cote d'Ivoire,CIV,1835,0.03
Cote d'Ivoire,CIV,1840,0.04
Cote d'Ivoire,CIV,1845,0.06
Cote d'Ivoire,CIV,1850,0.07
Cote d'Ivoire,CIV,1855,0.1
Cote d'Ivoire,CIV,1860,0.12
Cote d'Ivoire,CIV,1865,0.16
Cote d'Ivoire,CIV,1870,0.21
Cote d'Ivoire,CIV,1875,0.27
Cote d'Ivoire,CIV,1880,0.35
Cote d'Ivoire,CIV,1885,0.45
Cote d'Ivoire,CIV,1890,0.58
Cote d'Ivoire,CIV,1895,0.75
Cote d'Ivoire,CIV,1900,0.96
Cote d'Ivoire,CIV,1905,1.24
Cote d'Ivoire,CIV,1910,1.6
Cote d'Ivoire,CIV,1915,2.06
Cote d'Ivoire,CIV,1920,2.64
Cote d'Ivoire,CIV,1925,3.39
Cote d'Ivoire,CIV,1930,4.34
Cote d'Ivoire,CIV,1935,5.54
Cote d'Ivoire,CIV,1940,7.06
Cote d'Ivoire,CIV,1945,8.94
Cote d'Ivoire,CIV,1950,11.27
Cote d'Ivoire,CIV,1955,14.1
Cote d'Ivoire,CIV,1960,17.52
Cote d'Ivoire,CIV,1965,21.56
Cote d'Ivoire,CIV,1970,26.23
Cote d'Ivoire,CIV,1975,31.52
Cote d'Ivoire,CIV,1977,46.23675
Cote d'Ivoire,CIV,1980,37.34
Cote d'Ivoire,CIV,1991,44.90858
Cote d'Ivoire,CIV,1992,44.92907
Cote d'Ivoire,CIV,1996,48.172
Cote d'Ivoire,CIV,1997,48.92797
Cote d'Ivoire,CIV,1999,50.18778
Cote d'Ivoire,CIV,2000,49.33536
Cote d'Ivoire,CIV,2001,58.92919
Cote d'Ivoire,CIV,2002,59.19692
Cote d'Ivoire,CIV,2003,54.9083
Cote d'Ivoire,CIV,2009,54.83707
Cote d'Ivoire,CIV,2013,65.75356
Cote d'Ivoire,CIV,2014,70.44003
Cote d'Ivoire,CIV,2015,72.77207
Cote d'Ivoire,CIV,2016,79.83135
Cote d'Ivoire,CIV,2017,79.58963
Cote d'Ivoire,CIV,2018,82.92426
Cote d'Ivoire,CIV,2019,83.79139
Cote d'Ivoire,CIV,2020,85.017204
Cote d'Ivoire,CIV,2021,82.90605
Cote d'Ivoire,CIV,2022,82.41785
Cote d'Ivoire,CIV,2023,86.840775
Cote d'Ivoire,CIV,2024,87.39693
Croatia,HRV,2001,99.7446
Croatia,HRV,2002,99.58809
Croatia,HRV,2003,99.5361
Croatia,HRV,2005,99.29536
Croatia,HRV,2006,99.21462
Croatia,HRV,2007,99.16711
Croatia,HRV,2008,98.94259
Croatia,HRV,2009,97.83231
Croatia,HRV,2010,99.0084
Croatia,HRV,2011,98.95578
Croatia,HRV,2012,98.95374
Croatia,HRV,2013,98.73977
Croatia,HRV,2014,98.56477
Croatia,HRV,2015,98.55375
Croatia,HRV,2016,98.26394
Croatia,HRV,2017,98.53511
Croatia,HRV,2018,98.43104
Croatia,HRV,2019,98.04034
Croatia,HRV,2020,98.15729
Croatia,HRV,2021,98.21293
Croatia,HRV,2022,98.26719
Croatia,HRV,2023,98.18817
Cuba,CUB,1820,0.69
Cuba,CUB,1825,0.89
Cuba,CUB,1830,1.15
Cuba,CUB,1835,1.48
Cuba,CUB,1840,1.9
Cuba,CUB,1845,2.44
Cuba,CUB,1850,3.14
Cuba,CUB,1855,4.02
Cuba,CUB,1860,5.14
Cuba,CUB,1865,6.54
Cuba,CUB,1870,8.3
Cuba,CUB,1875,10.48
Cuba,CUB,1880,13.15
Cuba,CUB,1885,20.18
Cuba,CUB,1890,27.22
Cuba,CUB,1895,36.36
Cuba,CUB,1900,45.51
Cuba,CUB,1905,41.97
Cuba,CUB,1910,38.43
Cuba,CUB,1915,46.69
Cuba,CUB,1920,54.96
Cuba,CUB,1925,53.34
Cuba,CUB,1930,51.73
Cuba,CUB,1935,53.49
Cuba,CUB,1940,55.25
Cuba,CUB,1945,62.69
Cuba,CUB,1950,70.13
Cuba,CUB,1955,71.71
Cuba,CUB,1960,66.24
Cuba,CUB,1965,100
Cuba,CUB,1970,100
Cuba,CUB,1972,94.35305
Cuba,CUB,1973,97.17234
Cuba,CUB,1974,97.96486
Cuba,CUB,1975,100
Cuba,CUB,1979,96.72749
Cuba,CUB,1980,96.82948
Cuba,CUB,1981,95.81597
Cuba,CUB,1982,96.55038
Cuba,CUB,1983,98.01943
Cuba,CUB,1984,97.39678
Cuba,CUB,1985,95.72512
Cuba,CUB,1986,95.3822
Cuba,CUB,1987,96.23967
Cuba,CUB,1988,96.3957
Cuba,CUB,1989,95.64782
Cuba,CUB,1990,94.91197
Cuba,CUB,1991,94.92287
Cuba,CUB,1992,96.1821
Cuba,CUB,1993,95.63488
Cuba,CUB,1994,96.27412
Cuba,CUB,1995,96.16017
Cuba,CUB,1996,98.7045
Cuba,CUB,1997,99.27935
Cuba,CUB,1998,99.47379
Cuba,CUB,1999,99.59691
Cuba,CUB,2000,99.77905
Cuba,CUB,2001,99.93002
Cuba,CUB,2002,99.81841
Cuba,CUB,2003,99.57605
Cuba,CUB,2004,99.3431
Cuba,CUB,2005,99.20784
Cuba,CUB,2006,98.76197
Cuba,CUB,2007,99.40215
Cuba,CUB,2008,98.43726
Cuba,CUB,2009,98.82973
Cuba,CUB,2010,98.43944
Cuba,CUB,2011,97.63759
Cuba,CUB,2012,97.99809
Cuba,CUB,2013,99.29147
Cuba,CUB,2014,97.936615
Cuba,CUB,2015,97.588486
Cuba,CUB,2016,97.73079
Cuba,CUB,2017,97.5692
Cuba,CUB,2018,97.798874
Cuba,CUB,2019,98.125046
Cuba,CUB,2020,98.681625
Cuba,CUB,2021,98.72728
Cuba,CUB,2022,96.617836
Cuba,CUB,2023,96.63072
Cuba,CUB,2024,95.31584
Curacao,CUW,2020,99.58506
Curacao,CUW,2023,96.582954
Curacao,CUW,2024,72.11039
Cyprus,CYP,1820,2.41
Cyprus,CYP,1825,2.96
Cyprus,CYP,1830,3.64
Cyprus,CYP,1835,4.45
Cyprus,CYP,1840,5.44
Cyprus,CYP,1845,6.63
Cyprus,CYP,1850,8.07
Cyprus,CYP,1855,9.78
Cyprus,CYP,1860,11.8
Cyprus,CYP,1865,14.19
Cyprus,CYP,1870,16.96
Cyprus,CYP,1875,20.15
Cyprus,CYP,1880,23.76
Cyprus,CYP,1885,34.42
Cyprus,CYP,1890,45.09
Cyprus,CYP,1895,52.25
Cyprus,CYP,1900,59.42
Cyprus,CYP,1905,68.46
Cyprus,CYP,1910,79.87
Cyprus,CYP,1915,92.35
Cyprus,CYP,1920,100
Cyprus,CYP,1925,100
Cyprus,CYP,1930,100
Cyprus,CYP,1935,93.62
Cyprus,CYP,1940,93.51
Cyprus,CYP,1945,93.03
Cyprus,CYP,1950,100
Cyprus,CYP,1955,100
Cyprus,CYP,1960,94.15
Cyprus,CYP,1965,84
Cyprus,CYP,1970,77.67
Cyprus,CYP,1975,93
Cyprus,CYP,1980,93
Cyprus,CYP,2001,97.95422
Cyprus,CYP,2002,98.88903
Cyprus,CYP,2003,98.9714
Cyprus,CYP,2004,98.6821
Cyprus,CYP,2005,99.01347
Cyprus,CYP,2006,99.68066
Cyprus,CYP,2007,99.51908
Cyprus,CYP,2008,99.96941
Cyprus,CYP,2009,99.87629
Cyprus,CYP,2010,99.96545
Cyprus,CYP,2011,99.84676
Cyprus,CYP,2012,98.68948
Cyprus,CYP,2013,98.3699
Cyprus,CYP,2014,97.44869
Cyprus,CYP,2015,98.32244
Cyprus,CYP,2016,98.62897
Cyprus,CYP,2017,98.75265
Cyprus,CYP,2018,99.70365
Cyprus,CYP,2019,99.79918
Cyprus,CYP,2020,99.85576
Cyprus,CYP,2021,99.97763
Cyprus,CYP,2022,99.59406
Cyprus,CYP,2023,99.57495
Cyprus,CYP,2024,99.3569
Czechia,CZE,1820,50.84
Czechia,CZE,1825,53.17
Czechia,CZE,1830,55.49
Czechia,CZE,1835,57.79
Czechia,CZE,1840,60.05
Czechia,CZE,1845,62.28
Czechia,CZE,1850,64.46
Czechia,CZE,1855,66.59
Czechia,CZE,1860,68.65
Czechia,CZE,1865,70.65
Czechia,CZE,1870,72.57
Czechia,CZE,1875,74.42
Czechia,CZE,1880,76.19
Czechia,CZE,1885,77.88
Czechia,CZE,1890,79.48
Czechia,CZE,1895,81
Czechia,CZE,1900,82.44
Czechia,CZE,1905,83.8
Czechia,CZE,1910,85.08
Czechia,CZE,1915,86.28
Czechia,CZE,1920,87.48
Czechia,CZE,1925,79.1
Czechia,CZE,1930,95.15
Czechia,CZE,1935,94.2
Czechia,CZE,1940,61
Czechia,CZE,1945,97.93
Czechia,CZE,1950,100
Czechia,CZE,1955,100
Czechia,CZE,1960,89.28
Czechia,CZE,1965,95.04
Czechia,CZE,1970,93.12
Czechia,CZE,1975,94.08
Czechia,CZE,1980,90.16
Czechia,CZE,2007,99.96919
Czechia,CZE,2008,99.41867
Czechia,CZE,2009,99.44201
Czechia,CZE,2010,98.97014
Czechia,CZE,2011,98.6373
Czechia,CZE,2012,99.55879
Czechia,CZE,2013,99.02531
Czechia,CZE,2014,98.32896
Czechia,CZE,2015,97.88234
Czechia,CZE,2016,97.49231
Czechia,CZE,2017,97.09322
Czechia,CZE,2018,97.92532
Czechia,CZE,2019,98.13642
Czechia,CZE,2020,98.47529
Czechia,CZE,2021,99.90287
Czechia,CZE,2022,99.91431
Czechia,CZE,2023,99.19092
Democratic Republic of Congo,COD,1820,0
Democratic Republic of Congo,COD,1825,0
Democratic Republic of Congo,COD,1830,0
Democratic Republic of Congo,COD,1835,0
Democratic Republic of Congo,COD,1840,0
Democratic Republic of Congo,COD,1845,0
Democratic Republic of Congo,COD,1850,0
Democratic Republic of Congo,COD,1855,0
Democratic Republic of Congo,COD,1860,0
Democratic Republic of Congo,COD,1865,0
Democratic Republic of Congo,COD,1870,0
Democratic Republic of Congo,COD,1875,0
Democratic Republic of Congo,COD,1880,0
Democratic Republic of Congo,COD,1885,0
Democratic Republic of Congo,COD,1890,0
Democratic Republic of Congo,COD,1895,0.09
Democratic Republic of Congo,COD,1900,0.26
Democratic Republic of Congo,COD,1905,0.54
Democratic Republic of Congo,COD,1910,1.01
Democratic Republic of Congo,COD,1915,1.77
Democratic Republic of Congo,COD,1920,2.96
Democratic Republic of Congo,COD,1925,4.78
Democratic Republic of Congo,COD,1930,7.49
Democratic Republic of Congo,COD,1935,9.05
Democratic Republic of Congo,COD,1940,10.61
Democratic Republic of Congo,COD,1945,25.91
Democratic Republic of Congo,COD,1950,41.2
Democratic Republic of Congo,COD,1955,46.3
Democratic Republic of Congo,COD,1960,42.95
Democratic Republic of Congo,COD,1965,50.11
Democratic Republic of Congo,COD,1970,63
Democratic Republic of Congo,COD,1971,69.45267
Democratic Republic of Congo,COD,1972,67.52634
Democratic Republic of Congo,COD,1975,69.30938
Democratic Republic of Congo,COD,1979,71.76324
Democratic Republic of Congo,COD,1980,66.94
Democratic Republic of Congo,COD,1983,73.97046
Democratic Republic of Congo,COD,1984,74.62077
Democratic Republic of Congo,COD,1988,62.34588
Democratic Republic of Congo,COD,1991,58.58622
Democratic Republic of Congo,COD,1992,57.09674
Democratic Republic of Congo,COD,1993,56.30021
Democratic Republic of Congo,COD,1994,57.57875
Democratic Republic of Congo,COD,1995,64.91613
Democratic Republic of Congo,COD,1999,34.65423
Denmark,DNK,1820,84.91
Denmark,DNK,1825,86.34
Denmark,DNK,1830,87.67
Denmark,DNK,1835,88.89
Denmark,DNK,1840,90.01
Denmark,DNK,1845,91.04
Denmark,DNK,1850,91.98
Denmark,DNK,1855,92.85
Denmark,DNK,1860,93.63
Denmark,DNK,1865,94.35
Denmark,DNK,1870,95
Denmark,DNK,1875,97.5
Denmark,DNK,1880,100
Denmark,DNK,1885,100
Denmark,DNK,1890,100
Denmark,DNK,1895,100
Denmark,DNK,1900,100
Denmark,DNK,1905,100
Denmark,DNK,1910,100
Denmark,DNK,1915,100
Denmark,DNK,1920,100
Denmark,DNK,1925,100
Denmark,DNK,1930,100
Denmark,DNK,1935,100
Denmark,DNK,1940,100
Denmark,DNK,1945,100
Denmark,DNK,1950,100
Denmark,DNK,1955,100
Denmark,DNK,1960,100
Denmark,DNK,1965,98
Denmark,DNK,1970,96
Denmark,DNK,1975,100
Denmark,DNK,1980,96
Denmark,DNK,2001,99.74004
Denmark,DNK,2002,99.99888
Denmark,DNK,2004,97.5441
Denmark,DNK,2005,98.04647
Denmark,DNK,2006,98.94129
Denmark,DNK,2007,99.49278
Denmark,DNK,2008,99.39631
Denmark,DNK,2009,99.50862
Denmark,DNK,2010,99.39123
Denmark,DNK,2011,99.51465
Denmark,DNK,2012,99.58508
Denmark,DNK,2013,99.50469
Denmark,DNK,2014,99.38318
Denmark,DNK,2015,99.37473
Denmark,DNK,2016,99.32323
Denmark,DNK,2017,99.43823
Denmark,DNK,2018,99.61883
Denmark,DNK,2019,99.59638
Denmark,DNK,2020,99.64481
Denmark,DNK,2021,99.53048
Denmark,DNK,2022,99.4135
Denmark,DNK,2023,99.15082
Denmark,DNK,2024,99.10713
Dominica,DMA,1975,91.97585
Dominica,DMA,1976,90.87022
Dominica,DMA,1977,93.69662
Dominica,DMA,1979,88.84944
Dominica,DMA,1980,87.01865
Dominica,DMA,1981,84.65499
Dominica,DMA,1982,87.89276
Dominica,DMA,1999,97.12592
Dominica,DMA,2000,96.95212
Dominica,DMA,2001,98.94975
Dominica,DMA,2002,98.17658
Dominica,DMA,2003,99.25651
Dominica,DMA,2004,98.82527
Dominica,DMA,2005,99.08461
Dominica,DMA,2006,97.98804
Dominica,DMA,2007,92.26276
Dominica,DMA,2008,91.40037
Dominica,DMA,2009,97.08874
Dominica,DMA,2011,98.37665
Dominica,DMA,2012,98.13174
Dominica,DMA,2013,96.60176
Dominica,DMA,2014,97.13556
Dominica,DMA,2015,98.19624
Dominica,DMA,2016,95.9883
Dominica,DMA,2019,93.02843
Dominica,DMA,2020,96.22611
Dominica,DMA,2021,95.12869
Dominica,DMA,2022,96.64701
Dominica,DMA,2023,96.04811
Dominican Republic,DOM,1820,0.17
Dominican Republic,DOM,1825,0.21
Dominican Republic,DOM,1830,0.26
Dominican Republic,DOM,1835,0.33
Dominican Republic,DOM,1840,0.41
Dominican Republic,DOM,1845,0.48
Dominican Republic,DOM,1850,0.72
Dominican Republic,DOM,1855,1.95
Dominican Republic,DOM,1860,3.18
Dominican Republic,DOM,1865,4.41
Dominican Republic,DOM,1870,5.92
Dominican Republic,DOM,1875,7.52
Dominican Republic,DOM,1880,8.48
Dominican Republic,DOM,1885,8.3
Dominican Republic,DOM,1890,9.05
Dominican Republic,DOM,1895,10.77
Dominican Republic,DOM,1900,12.45
Dominican Republic,DOM,1905,12.24
Dominican Republic,DOM,1910,12.48
Dominican Republic,DOM,1915,12.58
Dominican Republic,DOM,1920,45.66
Dominican Republic,DOM,1925,36.99
Dominican Republic,DOM,1930,30.84
Dominican Republic,DOM,1935,30.59
Dominican Republic,DOM,1940,35.5
Dominican Republic,DOM,1945,52.63
Dominican Republic,DOM,1950,52
Dominican Republic,DOM,1955,84.5
Dominican Republic,DOM,1960,53.74
Dominican Republic,DOM,1965,47.71
Dominican Republic,DOM,1970,54.84
Dominican Republic,DOM,1972,74.27376
Dominican Republic,DOM,1975,57.03
Dominican Republic,DOM,1980,62.52
Dominican Republic,DOM,1999,83.68487
Dominican Republic,DOM,2000,87.35342
Dominican Republic,DOM,2002,94.1482
Dominican Republic,DOM,2003,90.75088
Dominican Republic,DOM,2004,85.4947
Dominican Republic,DOM,2005,86.74862
Dominican Republic,DOM,2006,85.64905
Dominican Republic,DOM,2007,91.74356
Dominican Republic,DOM,2008,88.12728
Dominican Republic,DOM,2009,95.94271
Dominican Republic,DOM,2010,95.44266
Dominican Republic,DOM,2011,95.594574
Dominican Republic,DOM,2012,94.517456
Dominican Republic,DOM,2013,94.27824
Dominican Republic,DOM,2014,92.549355
Dominican Republic,DOM,2015,96.056435
Dominican Republic,DOM,2016,96.20585
Dominican Republic,DOM,2017,95.234566
Dominican Republic,DOM,2018,94.46943
Dominican Republic,DOM,2019,96.13661
Dominican Republic,DOM,2020,96.26463
Dominican Republic,DOM,2021,89.790474
Dominican Republic,DOM,2022,93.98742
Dominican Republic,DOM,2023,95.02715
Dominican Republic,DOM,2024,95.07234
East Timor,TLS,2008,88.25841
East Timor,TLS,2009,92.74654
East Timor,TLS,2010,94.06784
East Timor,TLS,2011,95.964676
East Timor,TLS,2012,93.5302
East Timor,TLS,2013,93.53092
East Timor,TLS,2014,93.224075
East Timor,TLS,2015,93.33826
East Timor,TLS,2016,92.773636
East Timor,TLS,2017,95.14952
East Timor,TLS,2018,94.40853
East Timor,TLS,2019,94.299576
East Timor,TLS,2020,94.84329
East Timor,TLS,2023,93.12271
Eastern and South-Eastern Asia (SDG),,2000,93.3
Eastern and South-Eastern Asia (SDG),,2001,93.5
Eastern and South-Eastern Asia (SDG),,2002,93.6
Eastern and South-Eastern Asia (SDG),,2003,93.7
Eastern and South-Eastern Asia (SDG),,2004,93.8
Eastern and South-Eastern Asia (SDG),,2005,94.2
Eastern and South-Eastern Asia (SDG),,2006,94.8
Eastern and South-Eastern Asia (SDG),,2007,95.3
Eastern and South-Eastern Asia (SDG),,2008,95.8
Eastern and South-Eastern Asia (SDG),,2009,96.2
Eastern and South-Eastern Asia (SDG),,2010,96.5
Eastern and South-Eastern Asia (SDG),,2011,96.8
Eastern and South-Eastern Asia (SDG),,2012,96.8
Eastern and South-Eastern Asia (SDG),,2013,96.7
Eastern and South-Eastern Asia (SDG),,2014,96.5
Eastern and South-Eastern Asia (SDG),,2015,96.5
Eastern and South-Eastern Asia (SDG),,2016,96.4
Eastern and South-Eastern Asia (SDG),,2017,96.2
Eastern and South-Eastern Asia (SDG),,2018,96.2
Eastern and South-Eastern Asia (SDG),,2019,96.2
Eastern and South-Eastern Asia (SDG),,2020,96.1
Eastern and South-Eastern Asia (SDG),,2021,96.1
Eastern and South-Eastern Asia (SDG),,2022,96.1
Eastern and South-Eastern Asia (SDG),,2023,96
Eastern and South-Eastern Asia (SDG),,2024,96
Eastern and South-Eastern Asia (SDG),,2025,96
Ecuador,ECU,1820,1.15
Ecuador,ECU,1825,1.46
Ecuador,ECU,1830,1.86
Ecuador,ECU,1835,2.37
Ecuador,ECU,1840,3.01
Ecuador,ECU,1845,3.81
Ecuador,ECU,1850,4.82
Ecuador,ECU,1855,6.08
Ecuador,ECU,1860,7.64
Ecuador,ECU,1865,9.57
Ecuador,ECU,1870,11.91
Ecuador,ECU,1875,14.74
Ecuador,ECU,1880,18.1
Ecuador,ECU,1885,22.04
Ecuador,ECU,1890,26.56
Ecuador,ECU,1895,26.55
Ecuador,ECU,1900,26.54
Ecuador,ECU,1905,26.53
Ecuador,ECU,1910,34.23
Ecuador,ECU,1915,22.69
Ecuador,ECU,1920,34.05
Ecuador,ECU,1925,39.53
Ecuador,ECU,1930,45
Ecuador,ECU,1935,51.68
Ecuador,ECU,1940,57.72
Ecuador,ECU,1945,63.76
Ecuador,ECU,1950,58.49
Ecuador,ECU,1955,68.12
Ecuador,ECU,1960,66.58
Ecuador,ECU,1965,73
Ecuador,ECU,1970,79
Ecuador,ECU,1975,78
Ecuador,ECU,1980,86.25
Ecuador,ECU,2000,93.58443
Ecuador,ECU,2001,94.81802
Ecuador,ECU,2002,96.16501
Ecuador,ECU,2003,96.51824
Ecuador,ECU,2005,96.09983
Ecuador,ECU,2006,97.43441
Ecuador,ECU,2007,98.84588
Ecuador,ECU,2008,97.33888
Ecuador,ECU,2009,99.37807
Ecuador,ECU,2010,99.48234
Ecuador,ECU,2011,99.288605
Ecuador,ECU,2012,98.127
Ecuador,ECU,2013,98.027466
Ecuador,ECU,2014,98.864876
Ecuador,ECU,2015,97.36393
Ecuador,ECU,2016,97.285225
Ecuador,ECU,2017,97.53786
Ecuador,ECU,2018,98.50029
Ecuador,ECU,2019,98.369095
Ecuador,ECU,2020,98.63757
Ecuador,ECU,2021,98.36493
Ecuador,ECU,2022,98.32482
Ecuador,ECU,2023,95.27619
Egypt,EGY,1820,0.06
Egypt,EGY,1825,0.08
Egypt,EGY,1830,0.1
Egypt,EGY,1835,0.14
Egypt,EGY,1840,0.19
Egypt,EGY,1845,0.25
Egypt,EGY,1850,0.34
Egypt,EGY,1855,0.45
Egypt,EGY,1860,0.61
Egypt,EGY,1865,0.81
Egypt,EGY,1870,1.09
Egypt,EGY,1875,1.47
Egypt,EGY,1880,1.96
Egypt,EGY,1885,2.63
Egypt,EGY,1890,3.51
Egypt,EGY,1895,4.66
Egypt,EGY,1900,6.18
Egypt,EGY,1905,8.15
Egypt,EGY,1910,10.78
Egypt,EGY,1915,18.73
Egypt,EGY,1920,15.69
Egypt,EGY,1925,19.12
Egypt,EGY,1930,32.76
Egypt,EGY,1935,45.62
Egypt,EGY,1940,47.4
Egypt,EGY,1945,41.82
Egypt,EGY,1950,43.74
Egypt,EGY,1955,39.73
Egypt,EGY,1960,60
Egypt,EGY,1965,69
Egypt,EGY,1970,67
Egypt,EGY,1971,64.89768
Egypt,EGY,1972,65.40273
Egypt,EGY,1973,65.47005
Egypt,EGY,1975,72
Egypt,EGY,1978,67.11781
Egypt,EGY,1980,81.86
Egypt,EGY,1994,82.78821
Egypt,EGY,1997,85.50777
Egypt,EGY,1999,83.31582
Egypt,EGY,2000,84.41799
Egypt,EGY,2001,84.58223
Egypt,EGY,2002,85.05379
Egypt,EGY,2003,85.74419
Egypt,EGY,2004,86.28738
Egypt,EGY,2005,86.11431
Egypt,EGY,2006,83.16032
Egypt,EGY,2007,86.828
Egypt,EGY,2009,86.29317
Egypt,EGY,2010,86.92724
Egypt,EGY,2011,84.78285
Egypt,EGY,2012,86.88541
Egypt,EGY,2014,86.01348
Egypt,EGY,2016,88.68205
Egypt,EGY,2017,89.47641
Egypt,EGY,2018,91.89436
Egypt,EGY,2019,93.89864
Egypt,EGY,2020,95.51618
Egypt,EGY,2021,96.8006
Egypt,EGY,2023,95.599976
Egypt,EGY,2024,96.48561
El Salvador,SLV,1820,1.5
El Salvador,SLV,1825,1.86
El Salvador,SLV,1830,2.31
El Salvador,SLV,1835,2.86
El Salvador,SLV,1840,3.55
El Salvador,SLV,1845,4.38
El Salvador,SLV,1850,5.41
El Salvador,SLV,1855,6.66
El Salvador,SLV,1860,8.17
El Salvador,SLV,1865,10
El Salvador,SLV,1870,12.17
El Salvador,SLV,1875,14.74
El Salvador,SLV,1880,17.74
El Salvador,SLV,1885,21.21
El Salvador,SLV,1890,21.29
El Salvador,SLV,1895,21.62
El Salvador,SLV,1900,20.5
El Salvador,SLV,1905,19.73
El Salvador,SLV,1910,21.76
El Salvador,SLV,1915,22.67
El Salvador,SLV,1920,25.02
El Salvador,SLV,1925,19.6
El Salvador,SLV,1930,17.61
El Salvador,SLV,1935,24.92
El Salvador,SLV,1940,31.48
El Salvador,SLV,1945,32.25
El Salvador,SLV,1950,42.54
El Salvador,SLV,1955,50.52
El Salvador,SLV,1960,59.51
El Salvador,SLV,1965,61
El Salvador,SLV,1970,65.08633
El Salvador,SLV,1975,67.41
El Salvador,SLV,1980,66.51
El Salvador,SLV,1998,79.10943
El Salvador,SLV,2000,88.66797
El Salvador,SLV,2001,90.59184
El Salvador,SLV,2002,93.52697
El Salvador,SLV,2003,94.91473
El Salvador,SLV,2014,93.63081
El Salvador,SLV,2015,92.6969
El Salvador,SLV,2016,91.78542
El Salvador,SLV,2017,87.69105
El Salvador,SLV,2018,88.39261
El Salvador,SLV,2019,85.75737
El Salvador,SLV,2020,85.22304
El Salvador,SLV,2021,84.31463
El Salvador,SLV,2022,84.38928
El Salvador,SLV,2023,85.67898
El Salvador,SLV,2024,84.73577
Equatorial Guinea,GNQ,1994,58.66203
Equatorial Guinea,GNQ,2000,51.79421
Equatorial Guinea,GNQ,2001,55.43186
Equatorial Guinea,GNQ,2002,52.69957
Equatorial Guinea,GNQ,2003,50.8744
Equatorial Guinea,GNQ,2008,37.33838
Equatorial Guinea,GNQ,2009,36.80869
Equatorial Guinea,GNQ,2010,36.39741
Equatorial Guinea,GNQ,2011,37.08719
Equatorial Guinea,GNQ,2012,37.68017
Equatorial Guinea,GNQ,2015,34.40348
Eritrea,ERI,1992,40.09213
Eritrea,ERI,1994,45.57332
Eritrea,ERI,1995,46.93318
Eritrea,ERI,1996,48.50731
Eritrea,ERI,1997,47.87597
Eritrea,ERI,1999,55.68142
Eritrea,ERI,2000,63.43001
Eritrea,ERI,2001,65.67496
Eritrea,ERI,2002,71.87739
Eritrea,ERI,2003,77.37574
Eritrea,ERI,2004,77.47262
Eritrea,ERI,2005,77.3106
Eritrea,ERI,2006,74.14734
Eritrea,ERI,2007,67.15376
Eritrea,ERI,2008,62.44215
Eritrea,ERI,2009,59.53345
Eritrea,ERI,2010,57.67531
Eritrea,ERI,2011,62.7102
Eritrea,ERI,2012,66.60864
Eritrea,ERI,2013,66.58788
Eritrea,ERI,2014,66.9054
Eritrea,ERI,2015,65.70063
Eritrea,ERI,2017,60.63708
Eritrea,ERI,2018,60.62096
Eritrea,ERI,2022,59.61519
Estonia,EST,2014,97.55688
Estonia,EST,2015,97.51693
Estonia,EST,2016,97.54373
Estonia,EST,2017,97.58741
Estonia,EST,2018,97.63071
Estonia,EST,2019,97.73604
Estonia,EST,2020,97.78204
Estonia,EST,2021,97.87695
Estonia,EST,2022,98.17594
Estonia,EST,2023,97.53447
Estonia,EST,2024,96.61197
Eswatini,SWZ,1820,0
Eswatini,SWZ,1825,0
Eswatini,SWZ,1830,0
Eswatini,SWZ,1835,0
Eswatini,SWZ,1840,0
Eswatini,SWZ,1845,0
Eswatini,SWZ,1850,0
Eswatini,SWZ,1855,0
Eswatini,SWZ,1860,0
Eswatini,SWZ,1865,0
Eswatini,SWZ,1870,0
Eswatini,SWZ,1875,0
Eswatini,SWZ,1880,0
Eswatini,SWZ,1885,0
Eswatini,SWZ,1890,0
Eswatini,SWZ,1895,0
Eswatini,SWZ,1900,0
Eswatini,SWZ,1905,0.24
Eswatini,SWZ,1910,0.69
Eswatini,SWZ,1915,1.49
Eswatini,SWZ,1920,2.83
Eswatini,SWZ,1925,4.99
Eswatini,SWZ,1930,8.36
Eswatini,SWZ,1935,13.34
Eswatini,SWZ,1940,20.3
Eswatini,SWZ,1945,29.33
Eswatini,SWZ,1950,36.48
Eswatini,SWZ,1955,48.86
Eswatini,SWZ,1960,42.67
Eswatini,SWZ,1965,54.44
Eswatini,SWZ,1970,56.31238
Eswatini,SWZ,1971,56.53198
Eswatini,SWZ,1972,59.11146
Eswatini,SWZ,1973,62.86976
Eswatini,SWZ,1974,64.65107
Eswatini,SWZ,1975,67.66292
Eswatini,SWZ,1976,69.18589
Eswatini,SWZ,1977,70.93405
Eswatini,SWZ,1978,71.46182
Eswatini,SWZ,1979,72.40409
Eswatini,SWZ,1980,74.17953
Eswatini,SWZ,1981,76.50869
Eswatini,SWZ,1982,75.50933
Eswatini,SWZ,1983,73.7085
Eswatini,SWZ,1984,73.48215
Eswatini,SWZ,1985,74.59314
Eswatini,SWZ,1986,72.98287
Eswatini,SWZ,1987,73.38806
Eswatini,SWZ,1988,73.01959
Eswatini,SWZ,1989,72.31341
Eswatini,SWZ,1990,73.91087
Eswatini,SWZ,1991,73.74537
Eswatini,SWZ,1992,74.23562
Eswatini,SWZ,1993,72.72773
Eswatini,SWZ,1994,73.29967
Eswatini,SWZ,1995,74.89979
Eswatini,SWZ,1996,72.79491
Eswatini,SWZ,2009,80.06052
Eswatini,SWZ,2010,86.6377
Eswatini,SWZ,2011,91.73798
Eswatini,SWZ,2012,87.6216
Eswatini,SWZ,2013,85.26141
Eswatini,SWZ,2014,87.682106
Eswatini,SWZ,2015,88.46194
Eswatini,SWZ,2016,89.467766
Eswatini,SWZ,2017,88.786354
Eswatini,SWZ,2018,90.37019
Eswatini,SWZ,2019,91.5405
Eswatini,SWZ,2022,96.174576
Ethiopia,ETH,1987,29.65938
Ethiopia,ETH,1988,30.08874
Ethiopia,ETH,1989,28.80923
Ethiopia,ETH,1994,20.2234
Ethiopia,ETH,1995,23.04113
Ethiopia,ETH,1996,27.10495
Ethiopia,ETH,1998,33.31577
Ethiopia,ETH,1999,35.11114
Ethiopia,ETH,2000,38.44576
Ethiopia,ETH,2001,42.02723
Ethiopia,ETH,2002,43.73661
Ethiopia,ETH,2003,44.34643
Ethiopia,ETH,2004,47.12491
Ethiopia,ETH,2005,57.67128
Ethiopia,ETH,2006,62.6013
Ethiopia,ETH,2007,68.18321
Ethiopia,ETH,2008,74.05422
Ethiopia,ETH,2009,73.78642
Ethiopia,ETH,2010,71.82385
Ethiopia,ETH,2011,75.249
Ethiopia,ETH,2012,76.1333
Ethiopia,ETH,2014,80.86601
Ethiopia,ETH,2015,79.7829
Ethiopia,ETH,2021,74.26662
Ethiopia,ETH,2022,75.35494
Ethiopia,ETH,2023,76.17194
Ethiopia,ETH,2024,77.54489
Europe,OWID_EUR,1820,16.68684
Europe,OWID_EUR,1825,18.06577
Europe,OWID_EUR,1830,19.588444
Europe,OWID_EUR,1835,21.39461
Europe,OWID_EUR,1840,23.169954
Europe,OWID_EUR,1845,24.893349
Europe,OWID_EUR,1850,27.013065
Europe,OWID_EUR,1855,29.05059
Europe,OWID_EUR,1860,31.98188
Europe,OWID_EUR,1865,33.802227
Europe,OWID_EUR,1870,47.34268
Europe,OWID_EUR,1875,50.83746
Europe,OWID_EUR,1880,54.545994
Europe,OWID_EUR,1885,57.1635
Europe,OWID_EUR,1890,60.062237
Europe,OWID_EUR,1895,64.34217
Europe,OWID_EUR,1900,65.37765
Europe,OWID_EUR,1905,67.33885
Europe,OWID_EUR,1910,74.146774
Europe,OWID_EUR,1915,74.35165
Europe,OWID_EUR,1920,75.56006
Europe,OWID_EUR,1925,79.07499
Europe,OWID_EUR,1930,89.97476
Europe,OWID_EUR,1935,92.60804
Europe,OWID_EUR,1940,90.377754
Europe,OWID_EUR,1945,90.87731
Europe,OWID_EUR,1950,95.176796
Europe,OWID_EUR,1955,88.84882
Europe,OWID_EUR,1960,93.28657
Europe,OWID_EUR,1965,91.90065
Europe,OWID_EUR,1970,94.78044
Europe,OWID_EUR,1975,94.99311
Europe,OWID_EUR,1980,95.01729
Europe and Northern America (SDG),,2000,97
Europe and Northern America (SDG),,2001,96.7
Europe and Northern America (SDG),,2002,96.7
Europe and Northern America (SDG),,2003,97.4
Europe and Northern America (SDG),,2004,97.3
Europe and Northern America (SDG),,2005,97.7
Europe and Northern America (SDG),,2006,97.8
Europe and Northern America (SDG),,2007,97.8
Europe and Northern America (SDG),,2008,97.8
Europe and Northern America (SDG),,2009,97.8
Europe and Northern America (SDG),,2010,97.9
Europe and Northern America (SDG),,2011,98
Europe and Northern America (SDG),,2012,98.1
Europe and Northern America (SDG),,2013,98.2
Europe and Northern America (SDG),,2014,98.2
Europe and Northern America (SDG),,2015,98.3
Europe and Northern America (SDG),,2016,98.4
Europe and Northern America (SDG),,2017,98.4
Europe and Northern America (SDG),,2018,98.4
Europe and Northern America (SDG),,2019,98.3
Europe and Northern America (SDG),,2020,98.1
Europe and Northern America (SDG),,2021,97.9
Europe and Northern America (SDG),,2022,97.7
Europe and Northern America (SDG),,2023,97.5
Europe and Northern America (SDG),,2024,97.3
Europe and Northern America (SDG),,2025,97.2
Falkland Islands,FLK,1995,92.96535
Fiji,FJI,1820,0
Fiji,FJI,1825,0
Fiji,FJI,1830,0
Fiji,FJI,1835,0
Fiji,FJI,1840,0
Fiji,FJI,1845,0
Fiji,FJI,1850,0
Fiji,FJI,1855,0
Fiji,FJI,1860,0.03
Fiji,FJI,1865,0.07
Fiji,FJI,1870,0.16
Fiji,FJI,1875,0.32
Fiji,FJI,1880,0.59
Fiji,FJI,1885,1.05
Fiji,FJI,1890,1.8
Fiji,FJI,1895,3.02
Fiji,FJI,1900,4.95
Fiji,FJI,1905,7.91
Fiji,FJI,1910,12.32
Fiji,FJI,1915,18.55
Fiji,FJI,1920,26.86
Fiji,FJI,1925,37.06
Fiji,FJI,1930,48.47
Fiji,FJI,1935,42.14
Fiji,FJI,1940,52.21
Fiji,FJI,1945,69.79
Fiji,FJI,1950,85.2
Fiji,FJI,1955,87.6
Fiji,FJI,1960,73.91
Fiji,FJI,1965,73.91
Fiji,FJI,1970,91.3
Fiji,FJI,1975,100
Fiji,FJI,1980,100
Fiji,FJI,1992,91.13103
Fiji,FJI,1994,91.77478
Fiji,FJI,1995,90.06317
Fiji,FJI,1996,88.43013
Fiji,FJI,1997,89.64942
Fiji,FJI,1998,91.1241
Fiji,FJI,1999,91.74767
Fiji,FJI,2000,93.64194
Fiji,FJI,2001,95.34967
Fiji,FJI,2002,94.87789
Fiji,FJI,2003,91.63854
Fiji,FJI,2004,94.54059
Fiji,FJI,2006,91.04174
Fiji,FJI,2007,89.05526
Fiji,FJI,2008,88.08009
Fiji,FJI,2009,88.03589
Fiji,FJI,2011,88.98171
Fiji,FJI,2012,90.11576
Fiji,FJI,2013,88.843094
Fiji,FJI,2014,91.97692
Fiji,FJI,2015,92.13616
Fiji,FJI,2016,97.99778
Fiji,FJI,2017,97.08099
Fiji,FJI,2018,97.54053
Fiji,FJI,2019,96.98151
Fiji,FJI,2020,97.17028
Fiji,FJI,2023,97.42959
Fiji,FJI,2024,97.606636
Finland,FIN,1820,1.19
Finland,FIN,1825,1.46
Finland,FIN,1830,1.79
Finland,FIN,1835,2.19
Finland,FIN,1840,2.68
Finland,FIN,1845,3.28
Finland,FIN,1850,4.01
Finland,FIN,1855,4.88
Finland,FIN,1860,5.95
Finland,FIN,1865,7.22
Finland,FIN,1870,8.74
Finland,FIN,1875,10.55
Finland,FIN,1880,16.04
Finland,FIN,1885,19.87
Finland,FIN,1890,25.44
Finland,FIN,1895,36.66
Finland,FIN,1900,46.61
Finland,FIN,1905,54.79
Finland,FIN,1910,64.93
Finland,FIN,1915,79.42
Finland,FIN,1920,94.83
Finland,FIN,1925,100
Finland,FIN,1930,100
Finland,FIN,1935,100
Finland,FIN,1940,100
Finland,FIN,1945,100
Finland,FIN,1950,100
Finland,FIN,1955,100
Finland,FIN,1960,97
Finland,FIN,1965,92
Finland,FIN,1970,100
Finland,FIN,1975,100
Finland,FIN,1980,96
Finland,FIN,2001,98.87258
Finland,FIN,2002,98.89097
Finland,FIN,2003,98.97427
Finland,FIN,2004,99.00318
Finland,FIN,2005,98.98905
Finland,FIN,2006,98.8311
Finland,FIN,2007,98.83268
Finland,FIN,2008,98.87781
Finland,FIN,2009,98.76376
Finland,FIN,2010,98.79045
Finland,FIN,2011,98.87082
Finland,FIN,2012,98.73774
Finland,FIN,2013,98.66126
Finland,FIN,2014,98.66274
Finland,FIN,2015,98.39759
Finland,FIN,2016,98.37029
Finland,FIN,2017,98.17045
Finland,FIN,2018,98.17867
Finland,FIN,2019,97.77229
Finland,FIN,2020,98.10889
Finland,FIN,2021,98.63877
Finland,FIN,2022,98.02368
Finland,FIN,2023,98.44767
Finland,FIN,2024,98.2339
France,FRA,1820,16.6
France,FRA,1825,17.58
France,FRA,1830,18.62
France,FRA,1835,19.7
France,FRA,1840,20.82
France,FRA,1845,22
France,FRA,1850,23.22
France,FRA,1855,24.48
France,FRA,1860,25.84
France,FRA,1865,29.9
France,FRA,1870,100
France,FRA,1875,100
France,FRA,1880,100
France,FRA,1885,100
France,FRA,1890,100
France,FRA,1895,100
France,FRA,1900,100
France,FRA,1905,100
France,FRA,1910,100
France,FRA,1915,100
France,FRA,1920,100
France,FRA,1925,100
France,FRA,1930,100
France,FRA,1935,100
France,FRA,1940,100
France,FRA,1945,100
France,FRA,1950,100
France,FRA,1955,100
France,FRA,1960,97
France,FRA,1965,98
France,FRA,1970,98
France,FRA,1975,98
France,FRA,1980,100
France,FRA,2001,96.36583
France,FRA,2002,96.29955
France,FRA,2003,96.0672
France,FRA,2004,96.07182
France,FRA,2005,99.91549
France,FRA,2006,99.97076
France,FRA,2007,99.86826
France,FRA,2008,99.49644
France,FRA,2009,99.10649
France,FRA,2010,98.73195
France,FRA,2011,99.75818
France,FRA,2012,99.63011
France,FRA,2013,99.42077
France,FRA,2014,98.63812
France,FRA,2015,99.48502
France,FRA,2016,99.8328
France,FRA,2017,99.9416
France,FRA,2018,99.98528
France,FRA,2019,99.88367
France,FRA,2020,99.98157
France,FRA,2021,99.92955
France,FRA,2022,99.95678
France,FRA,2023,99.88954
France,FRA,2024,99.79557
French Guiana,GUF,1996,98.82114
French Polynesia,PYF,1983,90.21718
French Polynesia,PYF,1984,89.68091
French Polynesia,PYF,1985,89.03373
French Polynesia,PYF,1989,91.52935
French Polynesia,PYF,1990,91.83362
French Polynesia,PYF,1993,95.5397
French Polynesia,PYF,1995,97.30723
French Polynesia,PYF,1996,95.94485
Gabon,GAB,1975,94.76355
Gabon,GAB,1987,99.47227
Gabon,GAB,1997,85.63169
Gabon,GAB,2019,71.236694
Gambia,GMB,1820,0.31
Gambia,GMB,1825,0.4
Gambia,GMB,1830,0.51
Gambia,GMB,1835,0.65
Gambia,GMB,1840,0.82
Gambia,GMB,1845,1.05
Gambia,GMB,1850,1.33
Gambia,GMB,1855,1.69
Gambia,GMB,1860,2.14
Gambia,GMB,1865,2.72
Gambia,GMB,1870,3.44
Gambia,GMB,1875,4.35
Gambia,GMB,1880,5.48
Gambia,GMB,1885,6.89
Gambia,GMB,1890,8.62
Gambia,GMB,1895,10.74
Gambia,GMB,1900,13.31
Gambia,GMB,1905,11.19
Gambia,GMB,1910,9.07
Gambia,GMB,1915,7.79
Gambia,GMB,1920,6.52
Gambia,GMB,1925,5.17
Gambia,GMB,1930,3.83
Gambia,GMB,1935,4.64
Gambia,GMB,1940,5.46
Gambia,GMB,1945,6.28
Gambia,GMB,1950,7.09
Gambia,GMB,1955,10.03
Gambia,GMB,1960,10
Gambia,GMB,1965,19
Gambia,GMB,1970,21
Gambia,GMB,1971,18.1516
Gambia,GMB,1972,18.08502
Gambia,GMB,1973,19.30212
Gambia,GMB,1974,19.88527
Gambia,GMB,1975,21.00126
Gambia,GMB,1976,22.3642
Gambia,GMB,1977,25.83624
Gambia,GMB,1978,28.04996
Gambia,GMB,1979,31.64824
Gambia,GMB,1980,35.6995
Gambia,GMB,1981,42.7973
Gambia,GMB,1982,45.92505
Gambia,GMB,1983,48.48373
Gambia,GMB,1984,49.69125
Gambia,GMB,1985,52.00071
Gambia,GMB,1986,51.84946
Gambia,GMB,1990,42.25441
Gambia,GMB,1992,40.07354
Gambia,GMB,1993,42.65987
Gambia,GMB,1996,49.45128
Gambia,GMB,1998,51.20398
Gambia,GMB,1999,59.67148
Gambia,GMB,2000,57.07875
Gambia,GMB,2001,57.17338
Gambia,GMB,2002,55.50635
Gambia,GMB,2003,58.65547
Gambia,GMB,2004,59.36818
Gambia,GMB,2005,57.89313
Gambia,GMB,2006,62.2973
Gambia,GMB,2007,64.39745
Gambia,GMB,2008,61.05475
Gambia,GMB,2010,63.18837
Gambia,GMB,2011,62.010136
Gambia,GMB,2012,64.85465
Gambia,GMB,2013,65.38539
Gambia,GMB,2014,67.53361
Gambia,GMB,2015,70.54436
Gambia,GMB,2016,72.146774
Gambia,GMB,2017,74.645454
Gambia,GMB,2018,76.35481
Gambia,GMB,2019,79.74516
Gambia,GMB,2020,81.56365
Gambia,GMB,2021,80.9764
Gambia,GMB,2022,81.21617
Gambia,GMB,2023,81.217575
Gambia,GMB,2024,81.15081
Gambia,GMB,2025,83.08946
Georgia,GEO,1995,82.47891
Georgia,GEO,1996,84.18586
Georgia,GEO,1997,87.33779
Georgia,GEO,2004,96.9282
Georgia,GEO,2005,97.87179
Georgia,GEO,2006,98.73044
Georgia,GEO,2007,96.60926
Georgia,GEO,2008,96.82789
Georgia,GEO,2009,97.0844
Georgia,GEO,2011,97.7904
Georgia,GEO,2012,97.15159
Georgia,GEO,2013,97.09986
Georgia,GEO,2014,97.0363
Georgia,GEO,2015,97.67695
Georgia,GEO,2016,97.66555
Georgia,GEO,2017,97.96698
Georgia,GEO,2018,98.13513
Georgia,GEO,2019,98.383224
Georgia,GEO,2020,98.80954
Georgia,GEO,2021,99.17141
Georgia,GEO,2022,96.96027
Georgia,GEO,2023,95.19183
Georgia,GEO,2024,93.83284
Germany,DEU,1820,21.19
Germany,DEU,1825,23.43
Germany,DEU,1830,25.83
Germany,DEU,1835,28.39
Germany,DEU,1840,31.1
Germany,DEU,1845,33.94
Germany,DEU,1850,36.91
Germany,DEU,1855,39.98
Germany,DEU,1860,43.14
Germany,DEU,1865,46.35
Germany,DEU,1870,49.6
Germany,DEU,1875,52.86
Germany,DEU,1880,53.88
Germany,DEU,1885,59.23
Germany,DEU,1890,58.36
Germany,DEU,1895,57.49
Germany,DEU,1900,56.06
Germany,DEU,1905,58.23
Germany,DEU,1910,87.31
Germany,DEU,1915,92.2
Germany,DEU,1920,97.09
Germany,DEU,1925,79.2
Germany,DEU,1930,85.1
Germany,DEU,1935,86.65
Germany,DEU,1940,87.34
Germany,DEU,1945,92.77
Germany,DEU,1950,98.21
Germany,DEU,1955,77.6
Germany,DEU,1960,100
Germany,DEU,1965,82.83
Germany,DEU,1970,82.83
Germany,DEU,1975,88
Germany,DEU,1980,82
Germany,DEU,2001,99.50947
Germany,DEU,2002,97.72389
Germany,DEU,2003,97.87115
Germany,DEU,2004,98.017
Germany,DEU,2005,98.27622
Germany,DEU,2006,98.07706
Germany,DEU,2007,98.38228
Germany,DEU,2008,98.48182
Germany,DEU,2009,98.40211
Germany,DEU,2010,98.91901
Germany,DEU,2011,99.40421
Germany,DEU,2012,99.10911
Germany,DEU,2013,99.08798
Germany,DEU,2014,98.76896
Germany,DEU,2015,99.14229
Germany,DEU,2016,98.25374
Germany,DEU,2017,98.92037
Germany,DEU,2018,99.12909
Germany,DEU,2019,99.04353
Germany,DEU,2020,98.81345
Germany,DEU,2021,98.53723
Germany,DEU,2022,98.0853
Germany,DEU,2023,99.79145
Germany,DEU,2024,99.7261
Ghana,GHA,1820,0.04
Ghana,GHA,1825,0.05
Ghana,GHA,1830,0.07
Ghana,GHA,1835,0.09
Ghana,GHA,1840,0.12
Ghana,GHA,1845,0.16
Ghana,GHA,1850,0.21
Ghana,GHA,1855,0.27
Ghana,GHA,1860,0.36
Ghana,GHA,1865,0.47
Ghana,GHA,1870,0.62
Ghana,GHA,1875,0.82
Ghana,GHA,1880,1.08
Ghana,GHA,1885,1.41
Ghana,GHA,1890,1.86
Ghana,GHA,1895,2.44
Ghana,GHA,1900,3.19
Ghana,GHA,1905,4.17
Ghana,GHA,1910,5.43
Ghana,GHA,1915,7.04
Ghana,GHA,1920,8.52
Ghana,GHA,1925,9.62
Ghana,GHA,1930,9.43
Ghana,GHA,1935,9.73
Ghana,GHA,1940,12.67
Ghana,GHA,1945,23.98
Ghana,GHA,1950,23.57
Ghana,GHA,1955,43.88
Ghana,GHA,1960,33
Ghana,GHA,1965,59.92
Ghana,GHA,1970,55.58
Ghana,GHA,1975,61.66
Ghana,GHA,1980,63.39
Ghana,GHA,1999,57.4695
Ghana,GHA,2000,65.52091
Ghana,GHA,2001,60.47753
Ghana,GHA,2002,64.72038
Ghana,GHA,2003,64.72702
Ghana,GHA,2005,70.73615
Ghana,GHA,2006,73.18441
Ghana,GHA,2007,78.3694
Ghana,GHA,2008,83.48295
Ghana,GHA,2009,83.08679
Ghana,GHA,2011,88.71531
Ghana,GHA,2012,86.699265
Ghana,GHA,2014,90.502266
Ghana,GHA,2016,99.757935
Ghana,GHA,2017,93.15714
Ghana,GHA,2018,91.828705
Ghana,GHA,2019,94.48519
Ghana,GHA,2020,89.43817
Ghana,GHA,2021,90.05908
Ghana,GHA,2024,95.23309
Gibraltar,GIB,1978,74.83836
Gibraltar,GIB,1979,74.13326
Gibraltar,GIB,1981,74.62687
Gibraltar,GIB,1982,77.24063
Gibraltar,GIB,2016,99.00984
Gibraltar,GIB,2019,99.01303
Gibraltar,GIB,2020,95.37126
Gibraltar,GIB,2021,96.84147
Gibraltar,GIB,2022,97.80356
Gibraltar,GIB,2023,97.72657
Gibraltar,GIB,2024,98.4201
Greece,GRC,1820,7.37
Greece,GRC,1825,8.65
Greece,GRC,1830,10.11
Greece,GRC,1835,11.8
Greece,GRC,1840,13.72
Greece,GRC,1845,15.91
Greece,GRC,1850,18.36
Greece,GRC,1855,21.1
Greece,GRC,1860,24.13
Greece,GRC,1865,25.48
Greece,GRC,1870,30.07
Greece,GRC,1875,33.42
Greece,GRC,1880,36.67
Greece,GRC,1885,34.47
Greece,GRC,1890,39.53
Greece,GRC,1895,41.82
Greece,GRC,1900,45.73
Greece,GRC,1905,48.02
Greece,GRC,1910,50.19
Greece,GRC,1915,28.44
Greece,GRC,1920,45.89
Greece,GRC,1925,69.21
Greece,GRC,1930,79.75
Greece,GRC,1935,83.44
Greece,GRC,1940,84.52
Greece,GRC,1945,85.6
Greece,GRC,1950,86.68
Greece,GRC,1955,79.75
Greece,GRC,1960,91.8
Greece,GRC,1965,99
Greece,GRC,1970,97
Greece,GRC,1975,97
Greece,GRC,1980,96
Greece,GRC,2000,99.92483
Greece,GRC,2001,99.79939
Greece,GRC,2002,93.87642
Greece,GRC,2003,95.85544
Greece,GRC,2004,97.61047
Greece,GRC,2005,97.79486
Greece,GRC,2006,97.17054
Greece,GRC,2007,97.65553
Greece,GRC,2010,98.51098
Greece,GRC,2011,98.4182
Greece,GRC,2012,98.06408
Greece,GRC,2013,97.73792
Greece,GRC,2014,97.12862
Greece,GRC,2015,97.82065
Greece,GRC,2016,98.57547
Greece,GRC,2017,98.02985
Greece,GRC,2018,97.01877
Greece,GRC,2019,96.80483
Greece,GRC,2020,96.27274
Greece,GRC,2021,96.15324
Greece,GRC,2022,99.92465
Greece,GRC,2023,99.89032
Grenada,GRD,1972,91.16419
Grenada,GRD,1977,84.85399
Grenada,GRD,1978,86.06833
Grenada,GRD,1979,88.08457
Grenada,GRD,1980,88.2826
Grenada,GRD,1981,86.97285
Grenada,GRD,1982,85.53182
Grenada,GRD,1983,87.61151
Grenada,GRD,1984,92.24422
Grenada,GRD,1999,98.92062
Grenada,GRD,2002,97.61741
Grenada,GRD,2003,96.50445
Grenada,GRD,2004,97.86348
Grenada,GRD,2005,93.3961
Grenada,GRD,2007,98.08427
Grenada,GRD,2008,98.42107
Grenada,GRD,2009,97.71845
Grenada,GRD,2010,96.93083
Grenada,GRD,2013,99.44612
Grenada,GRD,2014,99.09441
Grenada,GRD,2015,98.99884
Grenada,GRD,2016,99.91342
Grenada,GRD,2018,99.8785
Grenada,GRD,2021,97.15246
Grenada,GRD,2024,95.05921
Guadeloupe,GLP,1971,99.82574
Guadeloupe,GLP,1972,100
Guadeloupe,GLP,1986,91.71965
Guadeloupe,GLP,1987,100
Guadeloupe,GLP,1991,99.01582
Guatemala,GTM,1820,1.56
Guatemala,GTM,1825,1.9
Guatemala,GTM,1830,2.33
Guatemala,GTM,1835,2.84
Guatemala,GTM,1840,3.47
Guatemala,GTM,1845,4.22
Guatemala,GTM,1850,5.14
Guatemala,GTM,1855,6.23
Guatemala,GTM,1860,7.55
Guatemala,GTM,1865,9.11
Guatemala,GTM,1870,10.96
Guatemala,GTM,1875,13.14
Guatemala,GTM,1880,15.66
Guatemala,GTM,1885,18.57
Guatemala,GTM,1890,30.35
Guatemala,GTM,1895,32.95
Guatemala,GTM,1900,21.09
Guatemala,GTM,1905,21.6
Guatemala,GTM,1910,22.11
Guatemala,GTM,1915,25.82
Guatemala,GTM,1920,16.37
Guatemala,GTM,1925,34.52
Guatemala,GTM,1930,26.53
Guatemala,GTM,1935,28.77
Guatemala,GTM,1940,20.13
Guatemala,GTM,1945,29.23
Guatemala,GTM,1950,29.74
Guatemala,GTM,1955,35.14
Guatemala,GTM,1960,38.7
Guatemala,GTM,1965,43
Guatemala,GTM,1970,48.11969
Guatemala,GTM,1971,49.35468
Guatemala,GTM,1972,50.09519
Guatemala,GTM,1974,51.21792
Guatemala,GTM,1975,52.38913
Guatemala,GTM,1978,56.29887
Guatemala,GTM,1979,57.25864
Guatemala,GTM,1980,59.57555
Guatemala,GTM,1981,62.99927
Guatemala,GTM,1982,60.09001
Guatemala,GTM,1983,64.2062
Guatemala,GTM,1997,71.19348
Guatemala,GTM,1999,82.55953
Guatemala,GTM,2000,84.84501
Guatemala,GTM,2001,83.89909
Guatemala,GTM,2002,87.27465
Guatemala,GTM,2004,91.95221
Guatemala,GTM,2005,93.35145
Guatemala,GTM,2006,94.72556
Guatemala,GTM,2007,95.77272
Guatemala,GTM,2008,96.00041
Guatemala,GTM,2011,97.57391
Guatemala,GTM,2012,94.84962
Guatemala,GTM,2013,92.57987
Guatemala,GTM,2014,90.46789
Guatemala,GTM,2015,89.80938
Guatemala,GTM,2016,88.63479
Guatemala,GTM,2017,89.29455
Guatemala,GTM,2018,90.34064
Guatemala,GTM,2019,90.09532
Guatemala,GTM,2020,90.2278
Guatemala,GTM,2021,91.46202
Guatemala,GTM,2022,91.5223
Guatemala,GTM,2023,91.63243
Guatemala,GTM,2024,91.56781
Guinea,GIN,1984,24.10317
Guinea,GIN,1985,26.96787
Guinea,GIN,1986,25.08381
Guinea,GIN,1987,23.39964
Guinea,GIN,1988,24.53283
Guinea,GIN,1989,24.67624
Guinea,GIN,1990,24.1828
Guinea,GIN,1991,25.90535
Guinea,GIN,1998,41.0785
Guinea,GIN,1999,43.22484
Guinea,GIN,2000,45.88582
Guinea,GIN,2001,48.80836
Guinea,GIN,2002,55.73589
Guinea,GIN,2003,58.81028
Guinea,GIN,2004,61.61106
Guinea,GIN,2005,63.31746
Guinea,GIN,2006,65.31832
Guinea,GIN,2007,67.31701
Guinea,GIN,2008,66.57725
Guinea,GIN,2009,68.38958
Guinea,GIN,2010,71.85059
Guinea,GIN,2011,76.47548
Guinea,GIN,2012,76.07575
Guinea,GIN,2013,77.93637
Guinea,GIN,2014,81.56147
Guinea,GIN,2016,79.45613
Guinea,GIN,2020,85.27216
Guinea-Bissau,GNB,1981,38.78382
Guinea-Bissau,GNB,1982,46.34284
Guinea-Bissau,GNB,1984,44.43971
Guinea-Bissau,GNB,1985,44.71021
Guinea-Bissau,GNB,1987,38.32668
Guinea-Bissau,GNB,1988,37.8276
Guinea-Bissau,GNB,2000,49.24445
Guinea-Bissau,GNB,2010,69.45476
Guyana,GUY,1820,1.61
Guyana,GUY,1825,1.97
Guyana,GUY,1830,2.41
Guyana,GUY,1835,2.95
Guyana,GUY,1840,3.59
Guyana,GUY,1845,4.38
Guyana,GUY,1850,5.32
Guyana,GUY,1855,6.45
Guyana,GUY,1860,13.84
Guyana,GUY,1865,16.17
Guyana,GUY,1870,43.23
Guyana,GUY,1875,44.43
Guyana,GUY,1880,53.19
Guyana,GUY,1885,44.12
Guyana,GUY,1890,64.14
Guyana,GUY,1895,64.36
Guyana,GUY,1900,62.39
Guyana,GUY,1905,64.69
Guyana,GUY,1910,81.25
Guyana,GUY,1915,68.42
Guyana,GUY,1920,78.84
Guyana,GUY,1925,80.67
Guyana,GUY,1930,93.17
Guyana,GUY,1935,85.93
Guyana,GUY,1940,91.16
Guyana,GUY,1945,100
Guyana,GUY,1950,100
Guyana,GUY,1955,100
Guyana,GUY,1960,94.99
Guyana,GUY,1965,98.54
Guyana,GUY,1970,87
Guyana,GUY,1971,88.0131
Guyana,GUY,1972,87.98916
Guyana,GUY,1974,89.01898
Guyana,GUY,1975,84
Guyana,GUY,1976,87.33312
Guyana,GUY,1977,94.34977
Guyana,GUY,1979,92.6557
Guyana,GUY,1980,88.42
Guyana,GUY,1982,91.06922
Guyana,GUY,1991,92.296
Guyana,GUY,1992,90.66229
Guyana,GUY,1993,89.5323
Guyana,GUY,1995,91.10212
Guyana,GUY,1996,88.35599
Guyana,GUY,2003,91.76547
Guyana,GUY,2008,99.37102
Guyana,GUY,2009,94.74459
Guyana,GUY,2010,99.4694
Guyana,GUY,2011,99.65428
Guyana,GUY,2012,99.67627
Guyana,GUY,2019,83.86281
Guyana,GUY,2020,80.99118
Guyana,GUY,2021,80.02531
Guyana,GUY,2023,82.019844
Haiti,HTI,1820,0
Haiti,HTI,1825,0
Haiti,HTI,1830,0
Haiti,HTI,1835,0
Haiti,HTI,1840,0
Haiti,HTI,1845,0
Haiti,HTI,1850,0
Haiti,HTI,1855,0
Haiti,HTI,1860,0
Haiti,HTI,1865,0
Haiti,HTI,1870,0
Haiti,HTI,1875,0
Haiti,HTI,1880,0
Haiti,HTI,1885,0
Haiti,HTI,1890,0
Haiti,HTI,1895,0
Haiti,HTI,1900,0
Haiti,HTI,1905,0.35
Haiti,HTI,1910,1.61
Haiti,HTI,1915,2.09
Haiti,HTI,1920,9.63
Haiti,HTI,1925,18.32
Haiti,HTI,1930,21.53
Haiti,HTI,1935,23.4
Haiti,HTI,1940,24.12
Haiti,HTI,1945,20.08
Haiti,HTI,1950,30.65
Haiti,HTI,1955,38.19
Haiti,HTI,1960,22.66
Haiti,HTI,1965,24.63
Haiti,HTI,1970,24.63
Haiti,HTI,1975,29.55
Haiti,HTI,1980,35.79703
Haiti,HTI,1981,36.34276
Haiti,HTI,1982,41.35657
Haiti,HTI,1983,45.45576
Haiti,HTI,1984,42.45829
Haiti,HTI,1985,47.961
Haiti,HTI,1986,50.86485
Haiti,HTI,1987,42.82277
Haiti,HTI,1997,60.2147
Haiti,HTI,2016,99.73939
High-income countries,OWID_HIC,2000,96.6
High-income countries,OWID_HIC,2001,96.4
High-income countries,OWID_HIC,2002,96.6
High-income countries,OWID_HIC,2003,97.3
High-income countries,OWID_HIC,2004,97.3
High-income countries,OWID_HIC,2005,97.8
High-income countries,OWID_HIC,2006,97.9
High-income countries,OWID_HIC,2007,97.9
High-income countries,OWID_HIC,2008,97.9
High-income countries,OWID_HIC,2009,98
High-income countries,OWID_HIC,2010,98
High-income countries,OWID_HIC,2011,98.1
High-income countries,OWID_HIC,2012,98.2
High-income countries,OWID_HIC,2013,98.2
High-income countries,OWID_HIC,2014,98.3
High-income countries,OWID_HIC,2015,98.4
High-income countries,OWID_HIC,2016,98.4
High-income countries,OWID_HIC,2017,98.5
High-income countries,OWID_HIC,2018,98.4
High-income countries,OWID_HIC,2019,98.4
High-income countries,OWID_HIC,2020,98.3
High-income countries,OWID_HIC,2021,98.1
High-income countries,OWID_HIC,2022,97.9
High-income countries,OWID_HIC,2023,97.7
High-income countries,OWID_HIC,2024,97.6
High-income countries,OWID_HIC,2025,97.5
Honduras,HND,1820,1.48
Honduras,HND,1825,1.86
Honduras,HND,1830,2.33
Honduras,HND,1835,2.92
Honduras,HND,1840,3.64
Honduras,HND,1845,4.55
Honduras,HND,1850,5.66
Honduras,HND,1855,7.02
Honduras,HND,1860,8.69
Honduras,HND,1865,10.7
Honduras,HND,1870,13.11
Honduras,HND,1875,15.97
Honduras,HND,1880,19.32
Honduras,HND,1885,23.18
Honduras,HND,1890,25.67
Honduras,HND,1895,28.59
Honduras,HND,1900,30.33
Honduras,HND,1905,32.11
Honduras,HND,1910,33.16
Honduras,HND,1915,32.67
Honduras,HND,1920,26.94
Honduras,HND,1925,17.72
Honduras,HND,1930,19.06
Honduras,HND,1935,19.39
Honduras,HND,1940,27.19
Honduras,HND,1945,28.32
Honduras,HND,1950,30.8
Honduras,HND,1955,44.8
Honduras,HND,1960,58
Honduras,HND,1965,68
Honduras,HND,1970,73.06
Honduras,HND,1975,73
Honduras,HND,1978,72.83438
Honduras,HND,1979,76.30036
Honduras,HND,1980,76.58806
Honduras,HND,1982,86.55279
Honduras,HND,1983,87.88759
Honduras,HND,1984,88.74321
Honduras,HND,1986,88.42462
Honduras,HND,1991,85.95079
Honduras,HND,1993,87.48671
Honduras,HND,2000,85.28781
Honduras,HND,2003,90.07712
Honduras,HND,2004,91.06368
Honduras,HND,2005,86.92258
Honduras,HND,2006,90.89243
Honduras,HND,2007,85.33087
Honduras,HND,2008,88.01903
Honduras,HND,2009,86.15565
Honduras,HND,2010,86.4057
Honduras,HND,2011,85.95839
Honduras,HND,2012,83.23542
Honduras,HND,2013,79.324684
Honduras,HND,2014,78.439804
Honduras,HND,2015,77.24866
Honduras,HND,2016,78.21436
Honduras,HND,2017,79.01392
Honduras,HND,2019,82.18492
Honduras,HND,2020,78.27029
Honduras,HND,2021,75.23149
Honduras,HND,2022,76.52885
Honduras,HND,2023,76.104095
Honduras,HND,2024,73.379845
Hong Kong,HKG,1820,0
Hong Kong,HKG,1825,0
Hong Kong,HKG,1830,0
Hong Kong,HKG,1835,0
Hong Kong,HKG,1840,0
Hong Kong,HKG,1845,0
Hong Kong,HKG,1850,0
Hong Kong,HKG,1855,0
Hong Kong,HKG,1860,0.42
Hong Kong,HKG,1865,1.21
Hong Kong,HKG,1870,2.57
Hong Kong,HKG,1875,4.82
Hong Kong,HKG,1880,8.34
Hong Kong,HKG,1885,13.58
Hong Kong,HKG,1890,20.87
Hong Kong,HKG,1895,18.15
Hong Kong,HKG,1900,15.43
Hong Kong,HKG,1905,14.61
Hong Kong,HKG,1910,13.79
Hong Kong,HKG,1915,17.89
Hong Kong,HKG,1920,21.99
Hong Kong,HKG,1925,37.9
Hong Kong,HKG,1930,53.8
Hong Kong,HKG,1935,55.9
Hong Kong,HKG,1940,44.88
Hong Kong,HKG,1945,48.48
Hong Kong,HKG,1950,35.93
Hong Kong,HKG,1955,29.42
Hong Kong,HKG,1960,59
Hong Kong,HKG,1965,81
Hong Kong,HKG,1970,87
Hong Kong,HKG,1975,92
Hong Kong,HKG,1980,95
Hong Kong,HKG,2001,95.99352
Hong Kong,HKG,2002,96.30594
Hong Kong,HKG,2003,97.96018
Hong Kong,HKG,2004,96.8867
Hong Kong,HKG,2005,97.87564
Hong Kong,HKG,2006,98.68336
Hong Kong,HKG,2007,98.18566
Hong Kong,HKG,2008,99.52741
Hong Kong,HKG,2009,99.59839
Hong Kong,HKG,2010,99.57953
Hong Kong,HKG,2011,99.71381
Hong Kong,HKG,2012,99.684265
Hong Kong,HKG,2013,99.64696
Hong Kong,HKG,2014,99.213905
Hong Kong,HKG,2015,99.122375
Hong Kong,HKG,2016,99.30228
Hong Kong,HKG,2017,99.779945
Hong Kong,HKG,2018,99.87523
Hong Kong,HKG,2019,99.93323
Hong Kong,HKG,2020,99.33878
Hong Kong,HKG,2021,98.96721
Hong Kong,HKG,2022,98.84535
Hong Kong,HKG,2023,98.54048
Hong Kong,HKG,2024,98.59538
Hungary,HUN,1820,12.68
Hungary,HUN,1825,14.38
Hungary,HUN,1830,16.27
Hungary,HUN,1835,18.35
Hungary,HUN,1840,20.64
Hungary,HUN,1845,23.13
Hungary,HUN,1850,25.83
Hungary,HUN,1855,28.72
Hungary,HUN,1860,32.28
Hungary,HUN,1865,33.63
Hungary,HUN,1870,39.04
Hungary,HUN,1875,49.9
Hungary,HUN,1880,51.33
Hungary,HUN,1885,57.71
Hungary,HUN,1890,64.18
Hungary,HUN,1895,65.11
Hungary,HUN,1900,64.82
Hungary,HUN,1905,62.51
Hungary,HUN,1910,63.02
Hungary,HUN,1915,50.45
Hungary,HUN,1920,57.65
Hungary,HUN,1925,47.67
Hungary,HUN,1930,76.59
Hungary,HUN,1935,73.28
Hungary,HUN,1940,91.43
Hungary,HUN,1945,95.41
Hungary,HUN,1950,99.39
Hungary,HUN,1955,93.4
Hungary,HUN,1960,99
Hungary,HUN,1965,97
Hungary,HUN,1970,94
Hungary,HUN,1975,96.45
Hungary,HUN,1980,95
Hungary,HUN,2001,98.52354
Hungary,HUN,2002,99.86943
Hungary,HUN,2003,99.9794
Hungary,HUN,2004,99.96113
Hungary,HUN,2005,99.91345
Hungary,HUN,2006,99.83818
Hungary,HUN,2007,99.5601
Hungary,HUN,2008,99.11994
Hungary,HUN,2009,98.35163
Hungary,HUN,2010,97.92187
Hungary,HUN,2011,97.61757
Hungary,HUN,2012,98.31127
Hungary,HUN,2013,97.51648
Hungary,HUN,2014,96.73599
Hungary,HUN,2015,96.388
Hungary,HUN,2016,96.11662
Hungary,HUN,2017,96.45117
Hungary,HUN,2018,97.0903
Hungary,HUN,2019,97.41587
Hungary,HUN,2020,97.62997
Hungary,HUN,2021,98.10339
Hungary,HUN,2022,98.27159
Hungary,HUN,2023,97.82944
Hungary,HUN,2024,97.19172
Iceland,ISL,1820,11.59
Iceland,ISL,1825,12.84
Iceland,ISL,1830,14.21
Iceland,ISL,1835,15.69
Iceland,ISL,1840,17.3
Iceland,ISL,1845,19.03
Iceland,ISL,1850,20.9
Iceland,ISL,1855,22.9
Iceland,ISL,1860,25.03
Iceland,ISL,1865,27.29
Iceland,ISL,1870,29.67
Iceland,ISL,1875,32.17
Iceland,ISL,1880,34.78
Iceland,ISL,1885,37.49
Iceland,ISL,1890,40.28
Iceland,ISL,1895,43.13
Iceland,ISL,1900,46.03
Iceland,ISL,1905,48.97
Iceland,ISL,1910,51.91
Iceland,ISL,1915,54.85
Iceland,ISL,1920,57.75
Iceland,ISL,1925,66.93
Iceland,ISL,1930,76.1
Iceland,ISL,1935,88.39
Iceland,ISL,1940,100
Iceland,ISL,1945,98.58
Iceland,ISL,1950,95.7
Iceland,ISL,1955,100
Iceland,ISL,1960,100
Iceland,ISL,1965,97.02
Iceland,ISL,1970,96.03
Iceland,ISL,1975,99
Iceland,ISL,1977,98.93944
Iceland,ISL,1980,98.01
Iceland,ISL,1994,99.54946
Iceland,ISL,1996,99.97946
Iceland,ISL,1997,99.14449
Iceland,ISL,1998,98.92692
Iceland,ISL,1999,98.78188
Iceland,ISL,2000,99.13799
Iceland,ISL,2001,99.31879
Iceland,ISL,2002,98.82771
Iceland,ISL,2003,99.06198
Iceland,ISL,2004,99.06919
Iceland,ISL,2005,99.14621
Iceland,ISL,2006,98.91092
Iceland,ISL,2007,98.57162
Iceland,ISL,2008,98.44495
Iceland,ISL,2009,98.42478
Iceland,ISL,2010,98.82679
Iceland,ISL,2011,98.74174
Iceland,ISL,2012,98.86662
Iceland,ISL,2013,98.80098
Iceland,ISL,2014,98.82368
Iceland,ISL,2015,98.73812
Iceland,ISL,2016,98.9627
Iceland,ISL,2017,98.93351
Iceland,ISL,2018,98.89892
Iceland,ISL,2019,98.81042
Iceland,ISL,2020,98.57713
Iceland,ISL,2021,98.57923
Iceland,ISL,2022,98.48453
Iceland,ISL,2023,98.17928
India,IND,1820,0.08
India,IND,1825,0.11
India,IND,1830,0.14
India,IND,1835,0.18
India,IND,1840,0.23
India,IND,1845,0.3
India,IND,1850,0.38
India,IND,1855,0.49
India,IND,1860,0.64
India,IND,1865,1.06
India,IND,1870,1.48
India,IND,1875,3.01
India,IND,1880,4.55
India,IND,1885,5.53
India,IND,1890,6.08
India,IND,1895,6.8
India,IND,1900,6.98
India,IND,1905,8.02
India,IND,1910,9.32
India,IND,1915,10.68
India,IND,1920,12.37
India,IND,1925,14.06
India,IND,1930,16.61
India,IND,1935,17.5
India,IND,1940,19.66
India,IND,1945,19.41
India,IND,1950,32.65
India,IND,1955,40.91
India,IND,1960,47.63
India,IND,1965,57.78
India,IND,1970,57
India,IND,1971,60.93076
India,IND,1975,61.68
India,IND,1980,63.25
India,IND,1990,76.6142
India,IND,2000,87.89145
India,IND,2001,86.27927
India,IND,2002,86.00938
India,IND,2003,91.03137
India,IND,2007,99.1079
India,IND,2008,99.58027
India,IND,2009,98.19045
India,IND,2010,98.86674
India,IND,2011,97.26888
India,IND,2012,99.30549
India,IND,2013,99.56871
India,IND,2016,95.893196
India,IND,2017,93.96922
India,IND,2018,93.62149
India,IND,2019,92.62713
India,IND,2020,95.94415
India,IND,2021,97.68724
India,IND,2022,99.8472
India,IND,2023,98.53031
India,IND,2024,99.8957
India,IND,2025,99.88117
Indonesia,IDN,1820,0.01
Indonesia,IDN,1825,0.02
Indonesia,IDN,1830,0.03
Indonesia,IDN,1835,0.04
Indonesia,IDN,1840,0.05
Indonesia,IDN,1845,0.07
Indonesia,IDN,1850,0.1
Indonesia,IDN,1855,0.13
Indonesia,IDN,1860,0.18
Indonesia,IDN,1865,0.25
Indonesia,IDN,1870,0.34
Indonesia,IDN,1875,0.47
Indonesia,IDN,1880,0.74
Indonesia,IDN,1885,1.45
Indonesia,IDN,1890,1.68
Indonesia,IDN,1895,1.91
Indonesia,IDN,1900,2.23
Indonesia,IDN,1905,3.15
Indonesia,IDN,1910,4.28
Indonesia,IDN,1915,7.81
Indonesia,IDN,1920,9.22
Indonesia,IDN,1925,13.13
Indonesia,IDN,1930,17.16
Indonesia,IDN,1935,17.12
Indonesia,IDN,1940,25.64
Indonesia,IDN,1945,34.16
Indonesia,IDN,1950,42.68
Indonesia,IDN,1955,57.47
Indonesia,IDN,1960,59.44
Indonesia,IDN,1965,60.28
Indonesia,IDN,1970,66.98
Indonesia,IDN,1971,70.13256
Indonesia,IDN,1972,70.98981
Indonesia,IDN,1974,70.39186
Indonesia,IDN,1975,72.76818
Indonesia,IDN,1976,75.61268
Indonesia,IDN,1977,78.00706
Indonesia,IDN,1978,84.82299
Indonesia,IDN,1980,88
Indonesia,IDN,1981,89.85213
Indonesia,IDN,1982,96.05329
Indonesia,IDN,1983,97.49047
Indonesia,IDN,1984,97.82173
Indonesia,IDN,1985,97.97261
Indonesia,IDN,1986,97.37869
Indonesia,IDN,1987,98.40043
Indonesia,IDN,1988,97.85457
Indonesia,IDN,1989,97.95849
Indonesia,IDN,1990,96.14902
Indonesia,IDN,1991,95.06806
Indonesia,IDN,1992,94.40069
Indonesia,IDN,1993,93.69614
Indonesia,IDN,1994,94.80216
Indonesia,IDN,1995,94.91857
Indonesia,IDN,1996,93.7577
Indonesia,IDN,1997,93.52809
Indonesia,IDN,2001,95.87147
Indonesia,IDN,2002,95.62703
Indonesia,IDN,2003,95.51511
Indonesia,IDN,2004,94.84514
Indonesia,IDN,2005,94.16873
Indonesia,IDN,2006,95.84909
Indonesia,IDN,2007,97.94667
Indonesia,IDN,2008,97.43942
Indonesia,IDN,2009,99.01668
Indonesia,IDN,2010,99.60926
Indonesia,IDN,2011,98.1793
Indonesia,IDN,2012,99.76382
Indonesia,IDN,2013,98.17839
Indonesia,IDN,2014,96.46786
Indonesia,IDN,2016,93.93545
Indonesia,IDN,2017,93.60859
Indonesia,IDN,2018,92.29991
Indonesia,IDN,2019,98.277824
Indonesia,IDN,2020,97.3215
Indonesia,IDN,2021,98.55845
Indonesia,IDN,2022,98.7742
Indonesia,IDN,2023,99.27295
Indonesia,IDN,2024,98.92902
Indonesia,IDN,2025,99.1232
Iran,IRN,1820,0
Iran,IRN,1825,0
Iran,IRN,1830,0
Iran,IRN,1835,0.01
Iran,IRN,1840,0.01
Iran,IRN,1845,0.01
Iran,IRN,1850,0.01
Iran,IRN,1855,0.02
Iran,IRN,1860,0.03
Iran,IRN,1865,0.04
Iran,IRN,1870,0.05
Iran,IRN,1875,0.07
Iran,IRN,1880,0.1
Iran,IRN,1885,0.14
Iran,IRN,1890,0.19
Iran,IRN,1895,0.26
Iran,IRN,1900,0.36
Iran,IRN,1905,0.5
Iran,IRN,1910,0.68
Iran,IRN,1915,0.94
Iran,IRN,1920,1.3
Iran,IRN,1925,2.63
Iran,IRN,1930,5.76
Iran,IRN,1935,7.84
Iran,IRN,1940,12.5
Iran,IRN,1945,12.5
Iran,IRN,1950,24.19
Iran,IRN,1955,26.19
Iran,IRN,1960,34
Iran,IRN,1965,38.34
Iran,IRN,1970,60
Iran,IRN,1971,57.16453
Iran,IRN,1975,77.61
Iran,IRN,1980,73.7
Iran,IRN,1984,83.12283
Iran,IRN,1985,83.01636
Iran,IRN,1986,83.20434
Iran,IRN,1987,82.9457
Iran,IRN,1988,83.75759
Iran,IRN,1989,83.77966
Iran,IRN,1990,89.38236
Iran,IRN,1992,92.0726
Iran,IRN,1997,89.6222
Iran,IRN,1999,82.99391
Iran,IRN,2000,83.27979
Iran,IRN,2002,97.16086
Iran,IRN,2003,97.63233
Iran,IRN,2004,98.26153
Iran,IRN,2005,99.11749
Iran,IRN,2006,98.87352
Iran,IRN,2007,94.63007
Iran,IRN,2009,95.3388
Iran,IRN,2010,94.48978
Iran,IRN,2011,95.17665
Iran,IRN,2012,95.76965
Iran,IRN,2013,97.81657
Iran,IRN,2014,96.02966
Iran,IRN,2015,96.17294
Iran,IRN,2016,96.50415
Iran,IRN,2017,97.3501
Iran,IRN,2019,98.44757
Iran,IRN,2020,98.17054
Iran,IRN,2022,99.68187
Iran,IRN,2023,99.89716
Iraq,IRQ,1820,0.01
Iraq,IRQ,1825,0.01
Iraq,IRQ,1830,0.01
Iraq,IRQ,1835,0.02
Iraq,IRQ,1840,0.03
Iraq,IRQ,1845,0.04
Iraq,IRQ,1850,0.05
Iraq,IRQ,1855,0.07
Iraq,IRQ,1860,0.09
Iraq,IRQ,1865,0.13
Iraq,IRQ,1870,0.17
Iraq,IRQ,1875,0.23
Iraq,IRQ,1880,0.32
Iraq,IRQ,1885,0.43
Iraq,IRQ,1890,0.59
Iraq,IRQ,1895,0.8
Iraq,IRQ,1900,1.08
Iraq,IRQ,1905,1.46
Iraq,IRQ,1910,1.98
Iraq,IRQ,1915,2.67
Iraq,IRQ,1920,3.6
Iraq,IRQ,1925,4.83
Iraq,IRQ,1930,6
Iraq,IRQ,1935,9.61
Iraq,IRQ,1940,13.52
Iraq,IRQ,1945,16.02
Iraq,IRQ,1950,20.54
Iraq,IRQ,1955,29.98
Iraq,IRQ,1960,48
Iraq,IRQ,1965,58
Iraq,IRQ,1970,55
Iraq,IRQ,1971,56.20383
Iraq,IRQ,1972,57.42179
Iraq,IRQ,1973,58.98315
Iraq,IRQ,1974,61.23551
Iraq,IRQ,1975,62.54889
Iraq,IRQ,1976,71.74626
Iraq,IRQ,1977,74.41887
Iraq,IRQ,1978,76.60731
Iraq,IRQ,1979,90.84335
Iraq,IRQ,1980,94.01683
Iraq,IRQ,1981,91.82502
Iraq,IRQ,1983,86.829
Iraq,IRQ,1985,85.58804
Iraq,IRQ,1986,87.32535
Iraq,IRQ,1987,88.93829
Iraq,IRQ,1988,90.47244
Iraq,IRQ,1989,89.53657
Iraq,IRQ,1993,79.44257
Iraq,IRQ,1996,73.87341
Iraq,IRQ,1999,84.69286
Iraq,IRQ,2000,82.39268
Iraq,IRQ,2003,85.96318
Iraq,IRQ,2004,85.20844
Iraq,IRQ,2007,89.27946
Ireland,IRL,1820,9.82
Ireland,IRL,1825,11.19
Ireland,IRL,1830,12.73
Ireland,IRL,1835,14.45
Ireland,IRL,1840,16.36
Ireland,IRL,1845,18.47
Ireland,IRL,1850,20.78
Ireland,IRL,1855,22.04
Ireland,IRL,1860,24.63
Ireland,IRL,1865,29.51
Ireland,IRL,1870,32.45
Ireland,IRL,1875,35.62
Ireland,IRL,1880,43.11
Ireland,IRL,1885,50.56
Ireland,IRL,1890,54.2
Ireland,IRL,1895,61.73
Ireland,IRL,1900,60.32
Ireland,IRL,1905,64.64
Ireland,IRL,1910,64.91
Ireland,IRL,1915,67.63
Ireland,IRL,1920,64.39
Ireland,IRL,1925,78.49
Ireland,IRL,1930,87.01
Ireland,IRL,1935,86.89
Ireland,IRL,1940,82.14
Ireland,IRL,1945,80.68
Ireland,IRL,1950,100
Ireland,IRL,1955,100
Ireland,IRL,1960,75.37
Ireland,IRL,1965,74
Ireland,IRL,1970,92
Ireland,IRL,1975,91
Ireland,IRL,1980,90
Ireland,IRL,2001,99.81717
Ireland,IRL,2002,99.78042
Ireland,IRL,2003,99.98098
Ireland,IRL,2004,99.90806
Ireland,IRL,2005,99.74148
Ireland,IRL,2006,99.88266
Ireland,IRL,2007,99.82496
Ireland,IRL,2008,99.92555
Ireland,IRL,2009,99.97364
Ireland,IRL,2010,99.79992
Ireland,IRL,2011,99.8745
Ireland,IRL,2012,99.94211
Ireland,IRL,2013,99.92731
Ireland,IRL,2014,99.96264
Ireland,IRL,2015,99.95118
Ireland,IRL,2016,99.98836
Ireland,IRL,2017,99.91802
Ireland,IRL,2018,99.90236
Ireland,IRL,2019,99.70596
Ireland,IRL,2020,99.88697
Ireland,IRL,2021,99.14576
Ireland,IRL,2022,98.18727
Israel,ISR,2001,97.70588
Israel,ISR,2002,97.89748
Israel,ISR,2003,97.13055
Israel,ISR,2004,97.57062
Israel,ISR,2005,97.46412
Israel,ISR,2006,97.56066
Israel,ISR,2007,98.12098
Israel,ISR,2008,97.61513
Israel,ISR,2009,97.92832
Israel,ISR,2010,99.91974
Israel,ISR,2011,99.91981
Israel,ISR,2012,99.84312
Israel,ISR,2013,99.7065
Israel,ISR,2014,99.56204
Israel,ISR,2015,99.45897
Israel,ISR,2016,99.44898
Israel,ISR,2017,99.23367
Israel,ISR,2018,99.06325
Israel,ISR,2019,98.67053
Israel,ISR,2020,98.31651
Israel,ISR,2021,98.33757
Israel,ISR,2022,98.05073
Israel,ISR,2023,97.99381
Israel,ISR,2024,97.33733
Italy,ITA,1820,15.32
Italy,ITA,1825,17.48
Italy,ITA,1830,19.86
Italy,ITA,1835,22.49
Italy,ITA,1840,25.35
Italy,ITA,1845,28.45
Italy,ITA,1850,31.76
Italy,ITA,1855,35.28
Italy,ITA,1860,38.96
Italy,ITA,1865,37.55
Italy,ITA,1870,49.75
Italy,ITA,1875,56.99
Italy,ITA,1880,60.45
Italy,ITA,1885,62.39
Italy,ITA,1890,64
Italy,ITA,1895,65.66
Italy,ITA,1900,68.33
Italy,ITA,1905,71.14
Italy,ITA,1910,78.85
Italy,ITA,1915,79.9
Italy,ITA,1920,79.08
Italy,ITA,1925,78.26
Italy,ITA,1930,96.82
Italy,ITA,1935,100
Italy,ITA,1940,100
Italy,ITA,1945,94.79
Italy,ITA,1950,98.56
Italy,ITA,1955,92.65
Italy,ITA,1960,100
Italy,ITA,1965,100
Italy,ITA,1970,100
Italy,ITA,1975,98
Italy,ITA,1980,96.67
Italy,ITA,2001,99.782
Italy,ITA,2002,99.7926
Italy,ITA,2003,99.71666
Italy,ITA,2004,99.80525
Italy,ITA,2005,99.62813
Italy,ITA,2006,99.61847
Italy,ITA,2007,99.59458
Italy,ITA,2008,99.58457
Italy,ITA,2009,99.69552
Italy,ITA,2010,99.78312
Italy,ITA,2011,99.70711
Italy,ITA,2012,99.66351
Italy,ITA,2013,99.11468
Italy,ITA,2014,98.76915
Italy,ITA,2015,98.50566
Italy,ITA,2016,98.33508
Italy,ITA,2017,98.36206
Italy,ITA,2018,98.42896
Italy,ITA,2019,98.40304
Italy,ITA,2020,98.51715
Italy,ITA,2021,97.89419
Italy,ITA,2022,97.49291
Italy,ITA,2023,97.94384
Jamaica,JAM,1820,6.21
Jamaica,JAM,1825,7.48
Jamaica,JAM,1830,8.99
Jamaica,JAM,1835,10.77
Jamaica,JAM,1840,12.85
Jamaica,JAM,1845,15.27
Jamaica,JAM,1850,18.04
Jamaica,JAM,1855,21.2
Jamaica,JAM,1860,24.75
Jamaica,JAM,1865,28.67
Jamaica,JAM,1870,32.95
Jamaica,JAM,1875,46.75
Jamaica,JAM,1880,60.55
Jamaica,JAM,1885,69.63
Jamaica,JAM,1890,78.71
Jamaica,JAM,1895,79.5
Jamaica,JAM,1900,80.29
Jamaica,JAM,1905,74.6
Jamaica,JAM,1910,68.91
Jamaica,JAM,1915,68.72
Jamaica,JAM,1920,63.82
Jamaica,JAM,1925,79.57
Jamaica,JAM,1930,84.11
Jamaica,JAM,1935,88.5
Jamaica,JAM,1940,90.68
Jamaica,JAM,1945,80.41
Jamaica,JAM,1950,100
Jamaica,JAM,1955,100
Jamaica,JAM,1960,85.36
Jamaica,JAM,1965,100
Jamaica,JAM,1970,100
Jamaica,JAM,1975,99.24236
Jamaica,JAM,1976,97.89583
Jamaica,JAM,1977,97.44423
Jamaica,JAM,1979,99.14331
Jamaica,JAM,1980,98.51173
Jamaica,JAM,1981,97.85548
Jamaica,JAM,1983,98.57004
Jamaica,JAM,1984,96.80092
Jamaica,JAM,1985,95.31796
Jamaica,JAM,1986,94.84495
Jamaica,JAM,1987,95.82668
Jamaica,JAM,1988,92.40444
Jamaica,JAM,1989,95.88234
Jamaica,JAM,1990,95.52063
Jamaica,JAM,1991,94.44037
Jamaica,JAM,1993,91.3566
Jamaica,JAM,1999,88.11642
Jamaica,JAM,2000,89.06914
Jamaica,JAM,2001,88.84517
Jamaica,JAM,2002,87.73681
Jamaica,JAM,2003,86.85474
Jamaica,JAM,2004,89.88626
Jamaica,JAM,2005,89.86805
Jamaica,JAM,2007,91.45759
Jamaica,JAM,2008,95.61602
Jamaica,JAM,2009,99.77364
Jamaica,JAM,2010,92.66516
Jamaica,JAM,2013,91.22886
Jamaica,JAM,2014,89.3128
Jamaica,JAM,2015,89.511024
Jamaica,JAM,2016,88.903275
Jamaica,JAM,2017,89.49458
Jamaica,JAM,2018,89.630196
Jamaica,JAM,2019,81.60212
Jamaica,JAM,2020,87.42278
Jamaica,JAM,2021,84.98156
Jamaica,JAM,2022,93.25243
Jamaica,JAM,2023,87.59282
Jamaica,JAM,2024,95.65867
Japan,JPN,1820,7.22
Japan,JPN,1825,8.84
Japan,JPN,1830,10.78
Japan,JPN,1835,13.09
Japan,JPN,1840,15.81
Japan,JPN,1845,18.97
Japan,JPN,1850,22.6
Japan,JPN,1855,26.69
Japan,JPN,1860,31.23
Japan,JPN,1865,36.16
Japan,JPN,1870,41.41
Japan,JPN,1875,59.36
Japan,JPN,1880,70.8
Japan,JPN,1885,93.23
Japan,JPN,1890,86.8
Japan,JPN,1895,100
Japan,JPN,1900,86.19
Japan,JPN,1905,90.52
Japan,JPN,1910,96.61
Japan,JPN,1915,96.64
Japan,JPN,1920,97.5
Japan,JPN,1925,96.97
Japan,JPN,1930,100
Japan,JPN,1935,100
Japan,JPN,1940,100
Japan,JPN,1945,100
Japan,JPN,1950,100
Japan,JPN,1955,100
Japan,JPN,1960,100
Japan,JPN,1965,100
Japan,JPN,1970,99
Japan,JPN,1975,99
Japan,JPN,1980,100
Japan,JPN,2013,98.857
Japan,JPN,2014,99.91579
Japan,JPN,2015,99.86964
Japan,JPN,2016,99.87955
Japan,JPN,2017,99.90214
Japan,JPN,2018,99.88922
Japan,JPN,2019,99.91929
Japan,JPN,2020,99.90605
Japan,JPN,2021,99.8976
Japan,JPN,2022,99.9219
Japan,JPN,2023,99.9316
Jordan,JOR,1820,0.01
Jordan,JOR,1825,0.02
Jordan,JOR,1830,0.03
Jordan,JOR,1835,0.04
Jordan,JOR,1840,0.05
Jordan,JOR,1845,0.07
Jordan,JOR,1850,0.1
Jordan,JOR,1855,0.13
Jordan,JOR,1860,0.18
Jordan,JOR,1865,0.25
Jordan,JOR,1870,0.35
Jordan,JOR,1875,0.48
Jordan,JOR,1880,0.67
Jordan,JOR,1885,0.92
Jordan,JOR,1890,1.28
Jordan,JOR,1895,1.76
Jordan,JOR,1900,2.42
Jordan,JOR,1905,3.32
Jordan,JOR,1910,4.54
Jordan,JOR,1915,6.19
Jordan,JOR,1920,8.37
Jordan,JOR,1925,8.25
Jordan,JOR,1930,8.12
Jordan,JOR,1935,9.15
Jordan,JOR,1940,12.67
Jordan,JOR,1945,11.18
Jordan,JOR,1950,34.47
Jordan,JOR,1955,65.29
Jordan,JOR,1960,68.86
Jordan,JOR,1965,84.95
Jordan,JOR,1970,79.59
Jordan,JOR,1972,82.38734
Jordan,JOR,1973,88.05648
Jordan,JOR,1974,92.29133
Jordan,JOR,1975,94.67273
Jordan,JOR,1976,95.29549
Jordan,JOR,1977,95.80244
Jordan,JOR,1978,96.62658
Jordan,JOR,1979,97.02595
Jordan,JOR,1980,96.04222
Jordan,JOR,1981,94.99346
Jordan,JOR,1982,94.90837
Jordan,JOR,1983,91.65605
Jordan,JOR,1984,90.37887
Jordan,JOR,1985,89.76339
Jordan,JOR,1999,85.09273
Jordan,JOR,2000,84.23134
Jordan,JOR,2002,90.3548
Jordan,JOR,2003,92.05411
Jordan,JOR,2004,93.21922
Jordan,JOR,2005,93.28474
Jordan,JOR,2006,92.70949
Jordan,JOR,2007,91.11847
Jordan,JOR,2008,88.77627
Jordan,JOR,2010,88.44705
Jordan,JOR,2011,89.25014
Jordan,JOR,2012,89.70434
Jordan,JOR,2013,93.14237
Jordan,JOR,2016,96.31196
Jordan,JOR,2017,97.87725
Jordan,JOR,2018,98.30857
Jordan,JOR,2019,98.29752
Jordan,JOR,2020,98.419624
Jordan,JOR,2021,97.44796
Jordan,JOR,2022,98.11209
Jordan,JOR,2023,97.26614
Jordan,JOR,2024,98.1138
Kazakhstan,KAZ,2000,95.68642
Kazakhstan,KAZ,2001,97.64594
Kazakhstan,KAZ,2002,97.62758
Kazakhstan,KAZ,2003,97.79886
Kazakhstan,KAZ,2004,97.68986
Kazakhstan,KAZ,2005,97.91219
Kazakhstan,KAZ,2006,97.62348
Kazakhstan,KAZ,2007,95.97141
Kazakhstan,KAZ,2008,94.4657
Kazakhstan,KAZ,2009,92.94504
Kazakhstan,KAZ,2010,91.90662
Kazakhstan,KAZ,2011,92.45663
Kazakhstan,KAZ,2012,92.40633
Kazakhstan,KAZ,2013,91.775406
Kazakhstan,KAZ,2014,91.54692
Kazakhstan,KAZ,2015,91.647736
Kazakhstan,KAZ,2016,91.491615
Kazakhstan,KAZ,2017,94.20125
Kazakhstan,KAZ,2018,94.949196
Kazakhstan,KAZ,2019,96.0327
Kazakhstan,KAZ,2020,89.15968
Kazakhstan,KAZ,2021,89.02958
Kazakhstan,KAZ,2022,89.62879
Kazakhstan,KAZ,2023,94.1367
Kazakhstan,KAZ,2024,93.59802
Kazakhstan,KAZ,2025,92.088356
Kenya,KEN,1820,0.01
Kenya,KEN,1825,0.02
Kenya,KEN,1830,0.02
Kenya,KEN,1835,0.03
Kenya,KEN,1840,0.04
Kenya,KEN,1845,0.06
Kenya,KEN,1850,0.08
Kenya,KEN,1855,0.11
Kenya,KEN,1860,0.14
Kenya,KEN,1865,0.2
Kenya,KEN,1870,0.27
Kenya,KEN,1875,0.36
Kenya,KEN,1880,0.49
Kenya,KEN,1885,0.67
Kenya,KEN,1890,0.91
Kenya,KEN,1895,1.24
Kenya,KEN,1900,1.68
Kenya,KEN,1905,2.27
Kenya,KEN,1910,3.07
Kenya,KEN,1915,4.13
Kenya,KEN,1920,5.54
Kenya,KEN,1925,7.4
Kenya,KEN,1930,9.82
Kenya,KEN,1935,11.29
Kenya,KEN,1940,13.28
Kenya,KEN,1945,23.84
Kenya,KEN,1950,34.71
Kenya,KEN,1955,36.78
Kenya,KEN,1960,41.56
Kenya,KEN,1965,47.75
Kenya,KEN,1970,51.28
Kenya,KEN,1975,84
Kenya,KEN,1980,86
Kenya,KEN,1999,62.75711
Kenya,KEN,2000,65.04513
Kenya,KEN,2001,72.82643
Kenya,KEN,2002,70.61882
Kenya,KEN,2003,85.02557
Kenya,KEN,2004,84.09535
Kenya,KEN,2005,85.31179
Kenya,KEN,2006,84.83023
Kenya,KEN,2007,94.98711
Kenya,KEN,2008,90.61918
Kenya,KEN,2009,92.36706
Kenya,KEN,2012,82.71817
Kenya,KEN,2021,63.71978
Kenya,KEN,2022,67.10175
Kenya,KEN,2023,94.272194
Kiribati,KIR,1979,92.75643
Kiribati,KIR,1981,95.55433
Kiribati,KIR,1982,97.49178
Kiribati,KIR,1983,96.60309
Kiribati,KIR,1984,96.12315
Kiribati,KIR,1985,98.43145
Kiribati,KIR,1986,98.48931
Kiribati,KIR,1987,96.18572
Kiribati,KIR,1989,99.24136
Kiribati,KIR,1991,99.5133
Kiribati,KIR,1992,99.54027
Kiribati,KIR,1993,99.42689
Kiribati,KIR,1994,99.74363
Kiribati,KIR,1995,99.99879
Kiribati,KIR,1996,99.86139
Kiribati,KIR,1997,98.83187
Kiribati,KIR,2000,97.45582
Kiribati,KIR,2001,99.99272
Kiribati,KIR,2014,99.58972
Kiribati,KIR,2015,99.06671
Kiribati,KIR,2016,98.939835
Kiribati,KIR,2017,98.61398
Kiribati,KIR,2020,97.94879
Kiribati,KIR,2021,97.489975
Kiribati,KIR,2022,95.62076
Kiribati,KIR,2023,91.527
Kiribati,KIR,2024,91.29011
Kuwait,KWT,1820,0
Kuwait,KWT,1825,0
Kuwait,KWT,1830,0
Kuwait,KWT,1835,0
Kuwait,KWT,1840,0
Kuwait,KWT,1845,0
Kuwait,KWT,1850,0
Kuwait,KWT,1855,0
Kuwait,KWT,1860,0
Kuwait,KWT,1865,0
Kuwait,KWT,1870,0
Kuwait,KWT,1875,0
Kuwait,KWT,1880,0
Kuwait,KWT,1885,0
Kuwait,KWT,1890,0
Kuwait,KWT,1895,0
Kuwait,KWT,1900,0
Kuwait,KWT,1905,0
Kuwait,KWT,1910,5.09
Kuwait,KWT,1915,9.46
Kuwait,KWT,1920,13.82
Kuwait,KWT,1925,18.19
Kuwait,KWT,1930,22.56
Kuwait,KWT,1935,26.93
Kuwait,KWT,1940,31.3
Kuwait,KWT,1945,38.14
Kuwait,KWT,1950,44.98
Kuwait,KWT,1955,64.62
Kuwait,KWT,1960,55
Kuwait,KWT,1965,52
Kuwait,KWT,1970,61
Kuwait,KWT,1971,54.28446
Kuwait,KWT,1972,57.36808
Kuwait,KWT,1973,60.79908
Kuwait,KWT,1974,62.2024
Kuwait,KWT,1975,63.98434
Kuwait,KWT,1976,66.59145
Kuwait,KWT,1977,71.26683
Kuwait,KWT,1978,80.16477
Kuwait,KWT,1979,79.16054
Kuwait,KWT,1980,77.99327
Kuwait,KWT,1981,78.26934
Kuwait,KWT,1982,78.85122
Kuwait,KWT,1983,79.66008
Kuwait,KWT,1984,78.80707
Kuwait,KWT,1985,78.19496
Kuwait,KWT,1986,77.71084
Kuwait,KWT,1987,73.08374
Kuwait,KWT,1988,72.94883
Kuwait,KWT,1992,59.48878
Kuwait,KWT,1994,71.86924
Kuwait,KWT,1996,74.2029
Kuwait,KWT,1997,71.8515
Kuwait,KWT,1998,83.1039
Kuwait,KWT,1999,82.98824
Kuwait,KWT,2000,85.06482
Kuwait,KWT,2001,89.28898
Kuwait,KWT,2002,94.48799
Kuwait,KWT,2003,97.39077
Kuwait,KWT,2004,97.57083
Kuwait,KWT,2005,97.20546
Kuwait,KWT,2007,99.5003
Kuwait,KWT,2008,99.18599
Kuwait,KWT,2010,99.51932
Kuwait,KWT,2011,99.93246
Kuwait,KWT,2012,98.734535
Kuwait,KWT,2013,98.22052
Kuwait,KWT,2014,97.973305
Kuwait,KWT,2015,96.94757
Kuwait,KWT,2016,92.53442
Kuwait,KWT,2021,80.57269
Kyrgyzstan,KGZ,1996,87.43168
Kyrgyzstan,KGZ,1999,93.43016
Kyrgyzstan,KGZ,2000,92.01536
Kyrgyzstan,KGZ,2001,92.1952
Kyrgyzstan,KGZ,2002,91.70467
Kyrgyzstan,KGZ,2003,90.86847
Kyrgyzstan,KGZ,2004,95.37736
Kyrgyzstan,KGZ,2005,92.75303
Kyrgyzstan,KGZ,2006,94.06976
Kyrgyzstan,KGZ,2007,93.25936
Kyrgyzstan,KGZ,2008,93.13724
Kyrgyzstan,KGZ,2009,93.42725
Kyrgyzstan,KGZ,2010,94.678116
Kyrgyzstan,KGZ,2011,93.96247
Kyrgyzstan,KGZ,2012,94.209854
Kyrgyzstan,KGZ,2013,94.45106
Kyrgyzstan,KGZ,2014,95.39474
Kyrgyzstan,KGZ,2015,95.04438
Kyrgyzstan,KGZ,2016,97.242065
Kyrgyzstan,KGZ,2017,97.29131
Kyrgyzstan,KGZ,2018,97.70275
Kyrgyzstan,KGZ,2019,97.22234
Kyrgyzstan,KGZ,2020,94.73872
Kyrgyzstan,KGZ,2021,95.66926
Kyrgyzstan,KGZ,2022,96.46153
Kyrgyzstan,KGZ,2023,99.788414
Kyrgyzstan,KGZ,2024,97.01814
Kyrgyzstan,KGZ,2025,97.040665
Laos,LAO,1988,64.26546
Laos,LAO,1990,63.66349
Laos,LAO,1992,56.43283
Laos,LAO,1993,61.16274
Laos,LAO,1994,65.00405
Laos,LAO,1996,67.39037
Laos,LAO,1997,69.99802
Laos,LAO,1998,73.38899
Laos,LAO,1999,74.13174
Laos,LAO,2000,74.9753
Laos,LAO,2001,74.39875
Laos,LAO,2002,75.8355
Laos,LAO,2003,78.4569
Laos,LAO,2004,78.77623
Laos,LAO,2005,79.41386
Laos,LAO,2006,79.96996
Laos,LAO,2007,82.467
Laos,LAO,2008,84.7307
Laos,LAO,2009,87.04541
Laos,LAO,2010,91.74926
Laos,LAO,2011,92.02627
Laos,LAO,2012,92.517006
Laos,LAO,2013,95.019424
Laos,LAO,2014,96.02498
Laos,LAO,2015,95.17409
Laos,LAO,2016,94.74019
Laos,LAO,2017,93.73151
Laos,LAO,2018,93.199684
Laos,LAO,2019,93.34901
Laos,LAO,2020,93.122116
Laos,LAO,2021,92.96325
Laos,LAO,2022,90.60155
Laos,LAO,2023,90.53096
Laos,LAO,2024,89.66408
Laos,LAO,2025,89.638084
Latin America and the Caribbean (SDG),,2000,94.5
Latin America and the Caribbean (SDG),,2001,95
Latin America and the Caribbean (SDG),,2002,95.5
Latin America and the Caribbean (SDG),,2003,95.8
Latin America and the Caribbean (SDG),,2004,96.2
Latin America and the Caribbean (SDG),,2005,96.4
Latin America and the Caribbean (SDG),,2006,96.7
Latin America and the Caribbean (SDG),,2007,96.9
Latin America and the Caribbean (SDG),,2008,97
Latin America and the Caribbean (SDG),,2009,97.1
Latin America and the Caribbean (SDG),,2010,97.2
Latin America and the Caribbean (SDG),,2011,97.1
Latin America and the Caribbean (SDG),,2012,97.1
Latin America and the Caribbean (SDG),,2013,97
Latin America and the Caribbean (SDG),,2014,96.9
Latin America and the Caribbean (SDG),,2015,96.9
Latin America and the Caribbean (SDG),,2016,96.9
Latin America and the Caribbean (SDG),,2017,96.9
Latin America and the Caribbean (SDG),,2018,97
Latin America and the Caribbean (SDG),,2019,97.1
Latin America and the Caribbean (SDG),,2020,97
Latin America and the Caribbean (SDG),,2021,96.9
Latin America and the Caribbean (SDG),,2022,96.8
Latin America and the Caribbean (SDG),,2023,96.6
Latin America and the Caribbean (SDG),,2024,96.4
Latin America and the Caribbean (SDG),,2025,96.2
Latvia,LVA,2008,99.99146
Latvia,LVA,2009,99.1243
Latvia,LVA,2010,99.13243
Latvia,LVA,2011,99.23332
Latvia,LVA,2012,98.53965
Latvia,LVA,2013,98.13902
Latvia,LVA,2014,98.03011
Latvia,LVA,2015,97.96135
Latvia,LVA,2016,98.2627
Latvia,LVA,2017,98.4838
Latvia,LVA,2018,98.86856
Latvia,LVA,2019,98.82374
Latvia,LVA,2020,98.69773
Latvia,LVA,2021,98.72475
Latvia,LVA,2022,98.55623
Latvia,LVA,2023,98.04031
Latvia,LVA,2024,97.26
Lebanon,LBN,1974,91.67391
Lebanon,LBN,1997,55.36979
Lebanon,LBN,1998,69.13656
Lebanon,LBN,1999,74.12884
Lebanon,LBN,2000,75.59071
Lebanon,LBN,2001,75.8509
Lebanon,LBN,2002,76.70433
Lebanon,LBN,2003,78.14208
Lebanon,LBN,2004,79.72757
Lebanon,LBN,2005,79.6777
Lebanon,LBN,2006,78.67853
Lebanon,LBN,2007,78.31786
Lebanon,LBN,2008,76.73603
Lebanon,LBN,2009,75.91726
Lebanon,LBN,2010,76.16369
Lebanon,LBN,2011,76.90069
Lebanon,LBN,2012,78.20415
Lebanon,LBN,2013,80.314354
Lebanon,LBN,2014,73.72101
Lebanon,LBN,2015,70.7297
Lebanon,LBN,2016,73.713745
Lebanon,LBN,2017,75.26009
Lebanon,LBN,2018,74.70076
Lebanon,LBN,2019,74.06021
Lebanon,LBN,2020,73.19077
Lebanon,LBN,2021,71.999306
Lebanon,LBN,2022,72.801994
Lebanon,LBN,2023,74.33165
Lebanon,LBN,2024,77.48748
Lesotho,LSO,1820,0
Lesotho,LSO,1825,0
Lesotho,LSO,1830,0.03
Lesotho,LSO,1835,0.08
Lesotho,LSO,1840,0.15
Lesotho,LSO,1845,0.28
Lesotho,LSO,1850,0.46
Lesotho,LSO,1855,0.75
Lesotho,LSO,1860,1.17
Lesotho,LSO,1865,1.8
Lesotho,LSO,1870,2.71
Lesotho,LSO,1875,4.01
Lesotho,LSO,1880,5.84
Lesotho,LSO,1885,8.37
Lesotho,LSO,1890,11.8
Lesotho,LSO,1895,14.2
Lesotho,LSO,1900,16.6
Lesotho,LSO,1905,14.55
Lesotho,LSO,1910,12.5
Lesotho,LSO,1915,18.25
Lesotho,LSO,1920,24
Lesotho,LSO,1925,25.35
Lesotho,LSO,1930,26.7
Lesotho,LSO,1935,38.55
Lesotho,LSO,1940,50.4
Lesotho,LSO,1945,54.7
Lesotho,LSO,1950,59
Lesotho,LSO,1955,63
Lesotho,LSO,1960,60.04
Lesotho,LSO,1965,68
Lesotho,LSO,1970,60.8449
Lesotho,LSO,1971,56.84595
Lesotho,LSO,1972,57.62203
Lesotho,LSO,1973,58.26566
Lesotho,LSO,1974,66.59984
Lesotho,LSO,1975,66
Lesotho,LSO,1976,67.93393
Lesotho,LSO,1977,69.40192
Lesotho,LSO,1978,62.96978
Lesotho,LSO,1979,64.20623
Lesotho,LSO,1980,64.17626
Lesotho,LSO,1981,64.05415
Lesotho,LSO,1982,67.74136
Lesotho,LSO,1983,66.454
Lesotho,LSO,1984,66.49218
Lesotho,LSO,1985,67.75411
Lesotho,LSO,1986,66.70318
Lesotho,LSO,1987,70.29319
Lesotho,LSO,1988,70.67765
Lesotho,LSO,1989,69.28017
Lesotho,LSO,1990,67.54399
Lesotho,LSO,1991,68.20118
Lesotho,LSO,1992,67.77543
Lesotho,LSO,1993,64.8983
Lesotho,LSO,1994,65.00186
Lesotho,LSO,1995,63.13955
Lesotho,LSO,1996,62.9717
Lesotho,LSO,1998,56.42453
Lesotho,LSO,1999,54.00457
Lesotho,LSO,2000,74.50678
Lesotho,LSO,2001,76.81188
Lesotho,LSO,2002,79.58125
Lesotho,LSO,2003,82.03997
Lesotho,LSO,2004,81.79475
Lesotho,LSO,2005,83.3394
Lesotho,LSO,2006,86.00977
Lesotho,LSO,2007,84.04977
Lesotho,LSO,2008,84.81232
Lesotho,LSO,2009,84.1241
Lesotho,LSO,2010,84.81333
Lesotho,LSO,2011,85.12631
Lesotho,LSO,2012,85.23494
Lesotho,LSO,2013,85.44748
Lesotho,LSO,2014,84.06241
Lesotho,LSO,2015,83.34007
Lesotho,LSO,2016,83.84949
Lesotho,LSO,2017,85.18766
Lesotho,LSO,2018,79.800385
Lesotho,LSO,2019,77.14724
Lesotho,LSO,2020,75.695366
Lesotho,LSO,2021,69.6769
Lesotho,LSO,2022,70.61533
Lesotho,LSO,2023,69.30287
Lesotho,LSO,2024,67.82756
Liberia,LBR,1820,0.2
Liberia,LBR,1825,0.25
Liberia,LBR,1830,0.32
Liberia,LBR,1835,0.41
Liberia,LBR,1840,0.52
Liberia,LBR,1845,0.65
Liberia,LBR,1850,0.83
Liberia,LBR,1855,1.04
Liberia,LBR,1860,1.32
Liberia,LBR,1865,1.67
Liberia,LBR,1870,2.1
Liberia,LBR,1875,2.65
Liberia,LBR,1880,3.33
Liberia,LBR,1885,4.19
Liberia,LBR,1890,5.25
Liberia,LBR,1895,7.78
Liberia,LBR,1900,12.83
Liberia,LBR,1905,15.23
Liberia,LBR,1910,17.58
Liberia,LBR,1915,14.73
Liberia,LBR,1920,10.86
Liberia,LBR,1925,6.07
Liberia,LBR,1930,10.44
Liberia,LBR,1935,8.75
Liberia,LBR,1940,9.41
Liberia,LBR,1945,7.89
Liberia,LBR,1950,15.95
Liberia,LBR,1955,19.16
Liberia,LBR,1960,27.59
Liberia,LBR,1965,36.49
Liberia,LBR,1970,49.84
Liberia,LBR,1975,55.18
Liberia,LBR,1980,67.64
Liberia,LBR,1999,44.16752
Liberia,LBR,2008,40.41591
Liberia,LBR,2011,96.05132
Liberia,LBR,2014,88.57243
Liberia,LBR,2015,86.38612
Liberia,LBR,2016,79.606735
Liberia,LBR,2017,73.56245
Liberia,LBR,2020,68.612144
Liberia,LBR,2021,64.59359
Liberia,LBR,2022,61.74602
Libya,LBY,1820,0
Libya,LBY,1825,0
Libya,LBY,1830,0.01
Libya,LBY,1835,0.01
Libya,LBY,1840,0.01
Libya,LBY,1845,0.02
Libya,LBY,1850,0.02
Libya,LBY,1855,0.03
Libya,LBY,1860,0.05
Libya,LBY,1865,0.06
Libya,LBY,1870,0.09
Libya,LBY,1875,0.12
Libya,LBY,1880,0.17
Libya,LBY,1885,0.24
Libya,LBY,1890,0.33
Libya,LBY,1895,0.46
Libya,LBY,1900,0.64
Libya,LBY,1905,0.89
Libya,LBY,1910,1.23
Libya,LBY,1915,1.7
Libya,LBY,1920,2.35
Libya,LBY,1925,3.24
Libya,LBY,1930,4.46
Libya,LBY,1935,6.1
Libya,LBY,1940,8.29
Libya,LBY,1945,11.18
Libya,LBY,1950,14.92
Libya,LBY,1955,28.75
Libya,LBY,1960,45.18
Libya,LBY,1965,57.86
Libya,LBY,1970,90.15
Libya,LBY,1971,65.52603
Libya,LBY,1972,72.92714
Libya,LBY,1973,78.73193
Libya,LBY,1974,85.83208
Libya,LBY,1975,88.70288
Libya,LBY,1976,93.83453
Libya,LBY,1977,94.12987
Libya,LBY,1978,92.59921
Libya,LBY,1980,96.88286
Libya,LBY,1981,93.32241
Libya,LBY,1983,95.4622
Liechtenstein,LIE,2003,99.22702
Liechtenstein,LIE,2004,99.57471
Liechtenstein,LIE,2005,99.71537
Liechtenstein,LIE,2006,98.89952
Liechtenstein,LIE,2007,99.04398
Liechtenstein,LIE,2008,99.2176
Liechtenstein,LIE,2009,98.56925
Liechtenstein,LIE,2010,99.23579
Liechtenstein,LIE,2011,98.74935
Liechtenstein,LIE,2012,98.47929
Liechtenstein,LIE,2014,97.65833
Liechtenstein,LIE,2015,99.96651
Liechtenstein,LIE,2016,99.67552
Liechtenstein,LIE,2017,99.84131
Liechtenstein,LIE,2018,99.85123
Liechtenstein,LIE,2019,99.92034
Liechtenstein,LIE,2020,99.43566
Liechtenstein,LIE,2021,99.17524
Lithuania,LTU,2001,99.68859
Lithuania,LTU,2002,99.74913
Lithuania,LTU,2003,99.88949
Lithuania,LTU,2013,99.89148
Lithuania,LTU,2014,99.93474
Lithuania,LTU,2015,99.9468
Lithuania,LTU,2016,99.85782
Lithuania,LTU,2017,99.90296
Lithuania,LTU,2018,99.8333
Lithuania,LTU,2019,99.80622
Lithuania,LTU,2020,99.88497
Lithuania,LTU,2021,99.99661
Lithuania,LTU,2022,99.97636
Lithuania,LTU,2023,99.89832
Lithuania,LTU,2024,99.8703
Low-income countries,OWID_LIC,2000,55.4
Low-income countries,OWID_LIC,2001,57.6
Low-income countries,OWID_LIC,2002,59.7
Low-income countries,OWID_LIC,2003,61.3
Low-income countries,OWID_LIC,2004,63.3
Low-income countries,OWID_LIC,2005,65.2
Low-income countries,OWID_LIC,2006,66.9
Low-income countries,OWID_LIC,2007,68.5
Low-income countries,OWID_LIC,2008,70
Low-income countries,OWID_LIC,2009,71.3
Low-income countries,OWID_LIC,2010,72.2
Low-income countries,OWID_LIC,2011,72.9
Low-income countries,OWID_LIC,2012,73.5
Low-income countries,OWID_LIC,2013,73.9
Low-income countries,OWID_LIC,2014,74.4
Low-income countries,OWID_LIC,2015,74.4
Low-income countries,OWID_LIC,2016,74.4
Low-income countries,OWID_LIC,2017,74.5
Low-income countries,OWID_LIC,2018,74.5
Low-income countries,OWID_LIC,2019,74.5
Low-income countries,OWID_LIC,2020,74.7
Low-income countries,OWID_LIC,2021,75
Low-income countries,OWID_LIC,2022,75
Low-income countries,OWID_LIC,2023,75.3
Low-income countries,OWID_LIC,2024,75.6
Low-income countries,OWID_LIC,2025,75.9
Lower-middle-income countries,OWID_LMC,2000,81.5
Lower-middle-income countries,OWID_LMC,2001,82.4
Lower-middle-income countries,OWID_LMC,2002,83.1
Lower-middle-income countries,OWID_LMC,2003,83.7
Lower-middle-income countries,OWID_LMC,2004,84.6
Lower-middle-income countries,OWID_LMC,2005,85.3
Lower-middle-income countries,OWID_LMC,2006,86
Lower-middle-income countries,OWID_LMC,2007,86.8
Lower-middle-income countries,OWID_LMC,2008,87.5
Lower-middle-income countries,OWID_LMC,2009,88.1
Lower-middle-income countries,OWID_LMC,2010,88.8
Lower-middle-income countries,OWID_LMC,2011,89.3
Lower-middle-income countries,OWID_LMC,2012,89.7
Lower-middle-income countries,OWID_LMC,2013,89.9
Lower-middle-income countries,OWID_LMC,2014,90.1
Lower-middle-income countries,OWID_LMC,2015,90.3
Lower-middle-income countries,OWID_LMC,2016,90.5
Lower-middle-income countries,OWID_LMC,2017,90.8
Lower-middle-income countries,OWID_LMC,2018,91
Lower-middle-income countries,OWID_LMC,2019,91.2
Lower-middle-income countries,OWID_LMC,2020,91.3
Lower-middle-income countries,OWID_LMC,2021,91.5
Lower-middle-income countries,OWID_LMC,2022,91.6
Lower-middle-income countries,OWID_LMC,2023,91.6
Lower-middle-income countries,OWID_LMC,2024,91.7
Lower-middle-income countries,OWID_LMC,2025,91.7
Luxembourg,LUX,1820,0.2
Luxembourg,LUX,1825,0.26
Luxembourg,LUX,1830,0.33
Luxembourg,LUX,1835,0.42
Luxembourg,LUX,1840,0.54
Luxembourg,LUX,1845,0.69
Luxembourg,LUX,1850,0.88
Luxembourg,LUX,1855,1.12
Luxembourg,LUX,1860,1.43
Luxembourg,LUX,1865,1.82
Luxembourg,LUX,1870,2.32
Luxembourg,LUX,1875,2.95
Luxembourg,LUX,1880,3.74
Luxembourg,LUX,1885,4.73
Luxembourg,LUX,1890,5.97
Luxembourg,LUX,1895,5.86
Luxembourg,LUX,1900,8.65
Luxembourg,LUX,1905,8.52
Luxembourg,LUX,1910,11.19
Luxembourg,LUX,1915,11.92
Luxembourg,LUX,1920,16.79
Luxembourg,LUX,1925,19.77
Luxembourg,LUX,1930,32.5
Luxembourg,LUX,1935,52.92
Luxembourg,LUX,1940,69.86
Luxembourg,LUX,1945,84.93
Luxembourg,LUX,1950,100
Luxembourg,LUX,1955,93.23
Luxembourg,LUX,1960,100
Luxembourg,LUX,1965,100
Luxembourg,LUX,1970,93.33
Luxembourg,LUX,1975,92
Luxembourg,LUX,1980,78.33
Luxembourg,LUX,2001,96.81245
Luxembourg,LUX,2002,97.25593
Luxembourg,LUX,2003,95.58845
Luxembourg,LUX,2004,95.50375
Luxembourg,LUX,2005,97.38471
Luxembourg,LUX,2006,97.05841
Luxembourg,LUX,2007,96.97553
Luxembourg,LUX,2008,96.7988
Luxembourg,LUX,2010,96.13971
Luxembourg,LUX,2011,95.03676
Luxembourg,LUX,2012,98.06137
Luxembourg,LUX,2013,97.28299
Luxembourg,LUX,2014,96.97935
Luxembourg,LUX,2015,97.37242
Luxembourg,LUX,2016,97.38032
Luxembourg,LUX,2017,96.69387
Luxembourg,LUX,2018,97.55196
Luxembourg,LUX,2019,98.52044
Luxembourg,LUX,2020,98.40515
Luxembourg,LUX,2021,98.34721
Luxembourg,LUX,2022,99.65458
Luxembourg,LUX,2023,99.40444
Luxembourg,LUX,2024,99.74362
Macao,MAC,2001,87.62293
Macao,MAC,2002,90.53651
Macao,MAC,2003,90.57631
Macao,MAC,2004,90.99536
Macao,MAC,2005,89.83307
Macao,MAC,2006,88.25449
Macao,MAC,2007,89.23912
Macao,MAC,2008,89.90357
Macao,MAC,2009,90.00405
Macao,MAC,2010,90.52089
Macao,MAC,2011,92.91604
Macao,MAC,2012,91.052635
Macao,MAC,2013,92.25112
Macao,MAC,2014,95.10573
Macao,MAC,2015,95.75309
Macao,MAC,2016,97.55173
Macao,MAC,2017,97.33002
Macao,MAC,2018,97.79866
Macao,MAC,2019,93.86391
Macao,MAC,2020,90.18852
Macao,MAC,2021,87.268845
Macao,MAC,2022,83.667435
Macao,MAC,2023,85.79681
Macao,MAC,2024,89.20843
Madagascar,MDG,1972,64.04264
Madagascar,MDG,1989,61.75325
Madagascar,MDG,1990,60.42716
Madagascar,MDG,1995,52.26073
Madagascar,MDG,1996,54.29341
Madagascar,MDG,1999,61.52144
Madagascar,MDG,2000,63.06487
Madagascar,MDG,2001,63.88123
Madagascar,MDG,2002,64.03807
Madagascar,MDG,2003,72.81299
Madagascar,MDG,2010,97.968575
Madagascar,MDG,2011,98.283394
Madagascar,MDG,2012,98.072395
Madagascar,MDG,2013,97.92494
Madagascar,MDG,2014,97.97131
Madagascar,MDG,2015,97.90433
Madagascar,MDG,2016,97.13313
Madagascar,MDG,2017,97.80514
Madagascar,MDG,2018,97.59674
Madagascar,MDG,2019,91.10279
Madagascar,MDG,2020,93.322586
Madagascar,MDG,2021,97.453896
Madagascar,MDG,2022,96.84124
Madagascar,MDG,2023,96.69257
Madagascar,MDG,2024,96.599464
Malawi,MWI,1820,0
Malawi,MWI,1825,0
Malawi,MWI,1830,0
Malawi,MWI,1835,0
Malawi,MWI,1840,0
Malawi,MWI,1845,0
Malawi,MWI,1850,0
Malawi,MWI,1855,0
Malawi,MWI,1860,0.01
Malawi,MWI,1865,0.04
Malawi,MWI,1870,0.08
Malawi,MWI,1875,0.15
Malawi,MWI,1880,0.26
Malawi,MWI,1885,0.44
Malawi,MWI,1890,0.73
Malawi,MWI,1895,1.18
Malawi,MWI,1900,1.87
Malawi,MWI,1905,2.93
Malawi,MWI,1910,4.52
Malawi,MWI,1915,6.85
Malawi,MWI,1920,10.19
Malawi,MWI,1925,14.83
Malawi,MWI,1930,21
Malawi,MWI,1935,28.8
Malawi,MWI,1940,38.02
Malawi,MWI,1945,48.14
Malawi,MWI,1950,59.96
Malawi,MWI,1955,58.09
Malawi,MWI,1960,48.33
Malawi,MWI,1965,31.74
Malawi,MWI,1970,32.46
Malawi,MWI,1975,40
Malawi,MWI,1980,44
Malawi,MWI,1999,97.96425
Malawi,MWI,2002,97.72471
Malawi,MWI,2004,99.16143
Malawi,MWI,2005,99.24313
Malawi,MWI,2006,98.7324
Malawi,MWI,2007,96.71461
Malawi,MWI,2008,98.7017
Malawi,MWI,2009,99.03817
Malawi,MWI,2013,99.29063
Malawi,MWI,2014,99.35103
Malawi,MWI,2015,99.17508
Malawi,MWI,2016,98.98139
Malawi,MWI,2017,98.83508
Malawi,MWI,2018,98.39176
Malawi,MWI,2019,99.25185
Malawi,MWI,2021,97.76281
Malawi,MWI,2022,97.910995
Malawi,MWI,2023,99.56599
Malaysia,MYS,1820,0.05
Malaysia,MYS,1825,0.06
Malaysia,MYS,1830,0.09
Malaysia,MYS,1835,0.12
Malaysia,MYS,1840,0.17
Malaysia,MYS,1845,0.23
Malaysia,MYS,1850,0.32
Malaysia,MYS,1855,0.44
Malaysia,MYS,1860,0.6
Malaysia,MYS,1865,0.83
Malaysia,MYS,1870,1.14
Malaysia,MYS,1875,1.56
Malaysia,MYS,1880,2.15
Malaysia,MYS,1885,2.94
Malaysia,MYS,1890,4.01
Malaysia,MYS,1895,5.45
Malaysia,MYS,1900,7.37
Malaysia,MYS,1905,9.89
Malaysia,MYS,1910,13.16
Malaysia,MYS,1915,17.3
Malaysia,MYS,1920,22.41
Malaysia,MYS,1925,28.52
Malaysia,MYS,1930,35.54
Malaysia,MYS,1935,43.26
Malaysia,MYS,1940,51.33
Malaysia,MYS,1945,59.37
Malaysia,MYS,1950,66.97
Malaysia,MYS,1955,52.32
Malaysia,MYS,1960,96
Malaysia,MYS,1965,90
Malaysia,MYS,1970,92.36979
Malaysia,MYS,1971,93.2168
Malaysia,MYS,1972,94.77692
Malaysia,MYS,1975,91
Malaysia,MYS,1980,95
Malaysia,MYS,1994,96.08131
Malaysia,MYS,1998,95.95116
Malaysia,MYS,1999,96.79942
Malaysia,MYS,2000,97.19623
Malaysia,MYS,2001,95.15277
Malaysia,MYS,2002,92.922
Malaysia,MYS,2003,93.12978
Malaysia,MYS,2004,95.68325
Malaysia,MYS,2005,96.74568
Malaysia,MYS,2006,94.58155
Malaysia,MYS,2007,95.51345
Malaysia,MYS,2008,95.76512
Malaysia,MYS,2009,96.00069
Malaysia,MYS,2010,95.37628
Malaysia,MYS,2011,94.92514
Malaysia,MYS,2012,94.67099
Malaysia,MYS,2013,94.52081
Malaysia,MYS,2014,92.99523
Malaysia,MYS,2015,92.15472
Malaysia,MYS,2016,91.97146
Malaysia,MYS,2017,92.06244
Malaysia,MYS,2018,92.18984
Malaysia,MYS,2019,89.09558
Malaysia,MYS,2020,88.233406
Malaysia,MYS,2021,87.87533
Malaysia,MYS,2022,87.53815
Malaysia,MYS,2023,90.85702
Malaysia,MYS,2024,88.030365
Maldives,MDV,1997,93.10664
Maldives,MDV,1999,96.58877
Maldives,MDV,2000,96.83074
Maldives,MDV,2001,96.66781
Maldives,MDV,2002,96.49562
Maldives,MDV,2004,96.41713
Maldives,MDV,2005,95.77474
Maldives,MDV,2006,95.68392
Maldives,MDV,2007,94.60625
Maldives,MDV,2008,94.58577
Maldives,MDV,2009,95.53633
Maldives,MDV,2010,95.25662
Maldives,MDV,2011,94.618225
Maldives,MDV,2012,93.72335
Maldives,MDV,2013,93.40607
Maldives,MDV,2014,95.21677
Maldives,MDV,2015,95.17328
Maldives,MDV,2016,94.270386
Maldives,MDV,2017,95.02329
Maldives,MDV,2018,95.12873
Maldives,MDV,2019,95.55989
Maldives,MDV,2020,95.45734
Maldives,MDV,2022,94.624535
Maldives,MDV,2023,93.19604
Maldives,MDV,2024,99.05352
Mali,MLI,1820,0
Mali,MLI,1825,0
Mali,MLI,1830,0
Mali,MLI,1835,0
Mali,MLI,1840,0
Mali,MLI,1845,0
Mali,MLI,1850,0
Mali,MLI,1855,0
Mali,MLI,1860,0
Mali,MLI,1865,0
Mali,MLI,1870,0
Mali,MLI,1875,0
Mali,MLI,1880,0.01
Mali,MLI,1885,0.02
Mali,MLI,1890,0.03
Mali,MLI,1895,0.05
Mali,MLI,1900,0.09
Mali,MLI,1905,0.14
Mali,MLI,1910,0.22
Mali,MLI,1915,0.34
Mali,MLI,1920,0.51
Mali,MLI,1925,0.76
Mali,MLI,1930,1.13
Mali,MLI,1935,1.65
Mali,MLI,1940,1.62
Mali,MLI,1945,2.61
Mali,MLI,1950,3.6
Mali,MLI,1955,4.89
Mali,MLI,1960,6.67
Mali,MLI,1965,16
Mali,MLI,1970,15
Mali,MLI,1971,16.40382
Mali,MLI,1972,16.99511
Mali,MLI,1973,17.35496
Mali,MLI,1974,19.7589
Mali,MLI,1975,18
Mali,MLI,1977,19.67328
Mali,MLI,1980,17
Mali,MLI,1999,40.03667
Mali,MLI,2002,47.71826
Mali,MLI,2003,48.1124
Mali,MLI,2004,48.4632
Mali,MLI,2005,53.47943
Mali,MLI,2006,54.72687
Mali,MLI,2007,56.6542
Mali,MLI,2009,63.27207
Mali,MLI,2010,64.0998
Mali,MLI,2011,64.751434
Mali,MLI,2012,62.478943
Mali,MLI,2013,58.413776
Mali,MLI,2014,59.179386
Mali,MLI,2015,56.568214
Mali,MLI,2016,57.92854
Mali,MLI,2017,62.998013
Mali,MLI,2018,54.92792
Mali,MLI,2023,65.99218
Malta,MLT,1820,2.76
Malta,MLT,1825,3.39
Malta,MLT,1830,4.15
Malta,MLT,1835,5.08
Malta,MLT,1840,6.2
Malta,MLT,1845,7.54
Malta,MLT,1850,9.15
Malta,MLT,1855,11.06
Malta,MLT,1860,13.32
Malta,MLT,1865,15.95
Malta,MLT,1870,18.99
Malta,MLT,1875,22.45
Malta,MLT,1880,26.34
Malta,MLT,1885,30.65
Malta,MLT,1890,35.32
Malta,MLT,1895,48.18
Malta,MLT,1900,61.04
Malta,MLT,1905,69.52
Malta,MLT,1910,77.99
Malta,MLT,1915,72.92
Malta,MLT,1920,67.85
Malta,MLT,1925,79.1
Malta,MLT,1930,90.35
Malta,MLT,1935,95.18
Malta,MLT,1940,100
Malta,MLT,1945,100
Malta,MLT,1950,100
Malta,MLT,1955,100
Malta,MLT,1960,76
Malta,MLT,1965,79
Malta,MLT,1970,88
Malta,MLT,1975,84
Malta,MLT,1980,87
Malta,MLT,2011,99.94727
Malta,MLT,2012,99.73212
Malta,MLT,2013,98.96032
Malta,MLT,2014,98.66685
Malta,MLT,2015,98.76806
Malta,MLT,2016,98.81998
Malta,MLT,2017,98.81223
Malta,MLT,2018,99.37164
Malta,MLT,2019,98.52544
Malta,MLT,2020,97.70203
Malta,MLT,2021,97.41605
Malta,MLT,2022,97.04748
Malta,MLT,2023,97.36221
Marshall Islands,MHL,2002,96.13481
Marshall Islands,MHL,2011,99.88558
Marshall Islands,MHL,2015,91.06565
Marshall Islands,MHL,2016,94.03222
Marshall Islands,MHL,2019,99.004036
Marshall Islands,MHL,2020,99.021194
Marshall Islands,MHL,2021,99.96215
Marshall Islands,MHL,2022,99.637665
Marshall Islands,MHL,2023,99.67803
Marshall Islands,MHL,2024,98.52404
Martinique,MTQ,1971,100
Martinique,MTQ,1972,100
Martinique,MTQ,1973,99.26249
Martinique,MTQ,1987,99.30781
Martinique,MTQ,1990,95.22461
Martinique,MTQ,1992,88.95088
Martinique,MTQ,1993,88.00791
Martinique,MTQ,1996,91.49073
Mauritania,MRT,1985,32.2726
Mauritania,MRT,1994,47.1044
Mauritania,MRT,1995,53.50139
Mauritania,MRT,1996,56.82377
Mauritania,MRT,1998,60.35724
Mauritania,MRT,1999,59.67713
Mauritania,MRT,2000,59.3544
Mauritania,MRT,2001,61.97366
Mauritania,MRT,2002,60.90539
Mauritania,MRT,2003,63.62289
Mauritania,MRT,2004,70.41739
Mauritania,MRT,2005,69.34655
Mauritania,MRT,2006,72.43078
Mauritania,MRT,2007,74.11118
Mauritania,MRT,2008,71.38309
Mauritania,MRT,2009,71.18073
Mauritania,MRT,2010,71.38166
Mauritania,MRT,2011,71.18595
Mauritania,MRT,2012,69.13751
Mauritania,MRT,2013,70.74246
Mauritania,MRT,2014,71.96391
Mauritania,MRT,2015,75.43168
Mauritania,MRT,2016,67.28296
Mauritania,MRT,2017,71.15579
Mauritania,MRT,2018,72.53262
Mauritania,MRT,2019,69.094864
Mauritania,MRT,2020,74.60037
Mauritania,MRT,2024,88.74376
Mauritius,MUS,1820,1.02
Mauritius,MUS,1825,1.32
Mauritius,MUS,1830,1.71
Mauritius,MUS,1835,2.2
Mauritius,MUS,1840,2.84
Mauritius,MUS,1845,3.65
Mauritius,MUS,1850,4.69
Mauritius,MUS,1855,6
Mauritius,MUS,1860,7.64
Mauritius,MUS,1865,9.7
Mauritius,MUS,1870,12.23
Mauritius,MUS,1875,16.55
Mauritius,MUS,1880,20.86
Mauritius,MUS,1885,25.12
Mauritius,MUS,1890,29.37
Mauritius,MUS,1895,29.4
Mauritius,MUS,1900,29.44
Mauritius,MUS,1905,31.43
Mauritius,MUS,1910,33.42
Mauritius,MUS,1915,38.08
Mauritius,MUS,1920,44.76
Mauritius,MUS,1925,52.03
Mauritius,MUS,1930,50.13
Mauritius,MUS,1935,52.7
Mauritius,MUS,1940,52.55
Mauritius,MUS,1945,52.69
Mauritius,MUS,1950,75.48
Mauritius,MUS,1955,91.86
Mauritius,MUS,1960,76.65
Mauritius,MUS,1965,79
Mauritius,MUS,1970,72.78
Mauritius,MUS,1972,84.98825
Mauritius,MUS,1973,84.29198
Mauritius,MUS,1974,83.54996
Mauritius,MUS,1975,83.49614
Mauritius,MUS,1976,83.69293
Mauritius,MUS,1977,89.3553
Mauritius,MUS,1978,89.81054
Mauritius,MUS,1979,89.52419
Mauritius,MUS,1980,92.0748
Mauritius,MUS,1981,94.58485
Mauritius,MUS,1982,98.13173
Mauritius,MUS,1983,97.85763
Mauritius,MUS,1984,96.40915
Mauritius,MUS,1985,97.16192
Mauritius,MUS,1986,91.90164
Mauritius,MUS,1987,92.54624
Mauritius,MUS,1988,91.94976
Mauritius,MUS,1989,91.84398
Mauritius,MUS,1990,90.43389
Mauritius,MUS,1991,88.04246
Mauritius,MUS,1993,90.49421
Mauritius,MUS,1994,91.1013
Mauritius,MUS,1995,91.30707
Mauritius,MUS,1996,92.55761
Mauritius,MUS,1997,93.44725
Mauritius,MUS,1998,98.46155
Mauritius,MUS,1999,99.25146
Mauritius,MUS,2000,99.63148
Mauritius,MUS,2001,99.44395
Mauritius,MUS,2002,99.45704
Mauritius,MUS,2003,99.50307
Mauritius,MUS,2004,98.08031
Mauritius,MUS,2005,98.26402
Mauritius,MUS,2006,98.17039
Mauritius,MUS,2007,97.66056
Mauritius,MUS,2008,97.66445
Mauritius,MUS,2009,96.8243
Mauritius,MUS,2010,96.89564
Mauritius,MUS,2011,96.37357
Mauritius,MUS,2012,92.33635
Mauritius,MUS,2013,94.107285
Mauritius,MUS,2014,94.49196
Mauritius,MUS,2015,94.71421
Mauritius,MUS,2016,94.994934
Mauritius,MUS,2017,95.30519
Mauritius,MUS,2018,97.56945
Mauritius,MUS,2019,95.80374
Mauritius,MUS,2020,96.35928
Mauritius,MUS,2021,93.912735
Mauritius,MUS,2023,98.25659
Mauritius,MUS,2024,99.21463
Mexico,MEX,1820,3.07
Mexico,MEX,1825,3.87
Mexico,MEX,1830,4.86
Mexico,MEX,1835,6.09
Mexico,MEX,1840,7.6
Mexico,MEX,1845,9.45
Mexico,MEX,1850,11.7
Mexico,MEX,1855,14.4
Mexico,MEX,1860,17.6
Mexico,MEX,1865,21.34
Mexico,MEX,1870,25.62
Mexico,MEX,1875,27.08
Mexico,MEX,1880,28.53
Mexico,MEX,1885,29.98
Mexico,MEX,1890,31.73
Mexico,MEX,1895,33.41
Mexico,MEX,1900,35.11
Mexico,MEX,1905,34.55
Mexico,MEX,1910,33.41
Mexico,MEX,1915,35.39
Mexico,MEX,1920,29.65
Mexico,MEX,1925,61.88
Mexico,MEX,1930,85.97
Mexico,MEX,1935,65.13
Mexico,MEX,1940,65.99
Mexico,MEX,1945,68.97
Mexico,MEX,1950,62.64
Mexico,MEX,1955,73.07
Mexico,MEX,1960,58.26
Mexico,MEX,1965,67
Mexico,MEX,1970,81
Mexico,MEX,1975,87.56
Mexico,MEX,1980,99.33
Mexico,MEX,2000,99.94003
Mexico,MEX,2001,99.82893
Mexico,MEX,2002,99.74907
Mexico,MEX,2003,99.7281
Mexico,MEX,2004,99.70392
Mexico,MEX,2005,99.78544
Mexico,MEX,2006,99.81031
Mexico,MEX,2007,99.84111
Mexico,MEX,2008,99.90384
Mexico,MEX,2009,99.87587
Mexico,MEX,2010,99.83745
Mexico,MEX,2011,99.79287
Mexico,MEX,2012,99.7664
Mexico,MEX,2013,99.73033
Mexico,MEX,2014,99.68515
Mexico,MEX,2015,99.68364
Mexico,MEX,2016,99.68734
Mexico,MEX,2017,99.66621
Mexico,MEX,2018,99.74401
Mexico,MEX,2019,99.68294
Mexico,MEX,2020,99.70906
Mexico,MEX,2021,99.66673
Mexico,MEX,2022,99.65808
Mexico,MEX,2023,99.65178
Mexico,MEX,2024,99.63676
Micronesia (country),FSM,2014,87.01299
Micronesia (country),FSM,2015,82.36215
Micronesia (country),FSM,2016,88.406296
Micronesia (country),FSM,2017,87.13275
Micronesia (country),FSM,2018,93.854675
Micronesia (country),FSM,2019,89.204506
Micronesia (country),FSM,2020,80.93807
Micronesia (country),FSM,2021,80.93446
Micronesia (country),FSM,2022,79.980705
Micronesia (country),FSM,2023,76.0628
Micronesia (country),FSM,2024,76.94188
Moldova,MDA,2010,91.550674
Moldova,MDA,2011,91.92681
Moldova,MDA,2012,91.90496
Moldova,MDA,2013,92.073074
Moldova,MDA,2014,99.79528
Moldova,MDA,2015,99.55526
Moldova,MDA,2016,99.38548
Moldova,MDA,2017,99.35895
Moldova,MDA,2018,99.35422
Moldova,MDA,2019,98.0709
Moldova,MDA,2020,99.20349
Moldova,MDA,2021,99.66442
Moldova,MDA,2022,99.56753
Moldova,MDA,2023,99.417366
Moldova,MDA,2024,99.53713
Monaco,MCO,2016,97.96875
Monaco,MCO,2024,98.32281
Mongolia,MNG,1980,94.53053
Mongolia,MNG,1983,93.23024
Mongolia,MNG,1987,92.06467
Mongolia,MNG,1995,78.33383
Mongolia,MNG,1996,81.63069
Mongolia,MNG,1997,82.60168
Mongolia,MNG,1998,87.35188
Mongolia,MNG,1999,90.60411
Mongolia,MNG,2000,93.58189
Mongolia,MNG,2001,94.9683
Mongolia,MNG,2002,93.61019
Mongolia,MNG,2003,86.16825
Mongolia,MNG,2004,92.58006
Mongolia,MNG,2005,90.67832
Mongolia,MNG,2006,94.85133
Mongolia,MNG,2007,95.66837
Mongolia,MNG,2008,98.21451
Mongolia,MNG,2009,99.85964
Mongolia,MNG,2010,99.73922
Mongolia,MNG,2011,99.80922
Mongolia,MNG,2012,98.25868
Mongolia,MNG,2013,95.18865
Mongolia,MNG,2014,94.56174
Mongolia,MNG,2015,94.97146
Mongolia,MNG,2016,95.92098
Mongolia,MNG,2017,93.79019
Mongolia,MNG,2018,95.21601
Mongolia,MNG,2019,94.097496
Mongolia,MNG,2020,92.30603
Mongolia,MNG,2021,91.66119
Mongolia,MNG,2022,92.58401
Mongolia,MNG,2023,92.252106
Mongolia,MNG,2024,91.43625
Montenegro,MNE,2003,100
Montenegro,MNE,2005,99.94823
Montenegro,MNE,2006,96.69532
Montenegro,MNE,2007,94.1965
Montenegro,MNE,2008,94.80898
Montenegro,MNE,2011,99.63445
Montenegro,MNE,2012,99.13486
Montenegro,MNE,2015,99.96161
Montenegro,MNE,2016,98.74878
Montenegro,MNE,2017,99.87675
Montenegro,MNE,2018,97.7175
Montenegro,MNE,2019,99.67584
Montenegro,MNE,2020,99.69155
Montenegro,MNE,2021,99.82685
Montenegro,MNE,2023,99.78167
Montserrat,MSR,1999,58.49057
Montserrat,MSR,2000,76.21951
Montserrat,MSR,2001,95.68345
Montserrat,MSR,2002,98.53056
Montserrat,MSR,2004,98.94674
Montserrat,MSR,2005,99.84845
Montserrat,MSR,2006,97.31327
Montserrat,MSR,2007,98.14481
Montserrat,MSR,2009,99.24554
Montserrat,MSR,2014,96.1165
Montserrat,MSR,2016,99.0663
Montserrat,MSR,2017,99.86677
Montserrat,MSR,2018,93.22423
Montserrat,MSR,2019,94.67714
Montserrat,MSR,2021,99.7907
Montserrat,MSR,2022,99.822044
Montserrat,MSR,2023,93.31419
Morocco,MAR,1820,0
Morocco,MAR,1825,0
Morocco,MAR,1830,0.01
Morocco,MAR,1835,0.01
Morocco,MAR,1840,0.01
Morocco,MAR,1845,0.01
Morocco,MAR,1850,0.02
Morocco,MAR,1855,0.03
Morocco,MAR,1860,0.04
Morocco,MAR,1865,0.05
Morocco,MAR,1870,0.07
Morocco,MAR,1875,0.09
Morocco,MAR,1880,0.12
Morocco,MAR,1885,0.16
Morocco,MAR,1890,0.22
Morocco,MAR,1895,0.3
Morocco,MAR,1900,0.4
Morocco,MAR,1905,0.54
Morocco,MAR,1910,0.73
Morocco,MAR,1915,0.98
Morocco,MAR,1920,1.5
Morocco,MAR,1925,2.08
Morocco,MAR,1930,3.51
Morocco,MAR,1935,4.58
Morocco,MAR,1940,5.17
Morocco,MAR,1945,6.11
Morocco,MAR,1950,16.01
Morocco,MAR,1955,24.43
Morocco,MAR,1960,30.51
Morocco,MAR,1965,37
Morocco,MAR,1970,40
Morocco,MAR,1971,39.73907
Morocco,MAR,1972,40.85174
Morocco,MAR,1973,41.12496
Morocco,MAR,1975,43.9407
Morocco,MAR,1976,46.65235
Morocco,MAR,1977,49.98868
Morocco,MAR,1978,52.87078
Morocco,MAR,1979,54.85574
Morocco,MAR,1980,56.91553
Morocco,MAR,1981,58.74779
Morocco,MAR,1982,58.31036
Morocco,MAR,1983,60.09938
Morocco,MAR,1984,62.24318
Morocco,MAR,1985,61.00285
Morocco,MAR,1986,59.46292
Morocco,MAR,1987,57.61605
Morocco,MAR,1988,56.14087
Morocco,MAR,1989,54.26044
Morocco,MAR,1990,55.31546
Morocco,MAR,1991,55.25817
Morocco,MAR,1992,56.2923
Morocco,MAR,1993,59.03027
Morocco,MAR,1994,62.25293
Morocco,MAR,1995,65.60422
Morocco,MAR,1996,68.04395
Morocco,MAR,1997,69.27527
Morocco,MAR,1998,67.67574
Morocco,MAR,1999,78.16962
Morocco,MAR,2000,81.28778
Morocco,MAR,2001,83.70565
Morocco,MAR,2002,86.18014
Morocco,MAR,2003,87.71711
Morocco,MAR,2004,87.22546
Morocco,MAR,2005,87.55706
Morocco,MAR,2006,88.16797
Morocco,MAR,2007,88.6403
Morocco,MAR,2008,88.34197
Morocco,MAR,2009,87.2871
Morocco,MAR,2010,91.10249
Morocco,MAR,2011,92.72839
Morocco,MAR,2012,92.06981
Morocco,MAR,2013,93.216156
Morocco,MAR,2014,92.17687
Morocco,MAR,2015,89.63688
Morocco,MAR,2016,91.73692
Morocco,MAR,2017,92.78188
Morocco,MAR,2018,94.8759
Morocco,MAR,2019,96.852776
Morocco,MAR,2020,99.52328
Morocco,MAR,2021,99.52896
Morocco,MAR,2022,99.3328
Morocco,MAR,2023,99.15499
Morocco,MAR,2024,99.097
Mozambique,MOZ,1820,0.01
Mozambique,MOZ,1825,0.01
Mozambique,MOZ,1830,0.02
Mozambique,MOZ,1835,0.02
Mozambique,MOZ,1840,0.03
Mozambique,MOZ,1845,0.04
Mozambique,MOZ,1850,0.06
Mozambique,MOZ,1855,0.07
Mozambique,MOZ,1860,0.1
Mozambique,MOZ,1865,0.13
Mozambique,MOZ,1870,0.17
Mozambique,MOZ,1875,0.22
Mozambique,MOZ,1880,0.3
Mozambique,MOZ,1885,0.39
Mozambique,MOZ,1890,0.52
Mozambique,MOZ,1895,0.68
Mozambique,MOZ,1900,0.9
Mozambique,MOZ,1905,1.18
Mozambique,MOZ,1910,1.56
Mozambique,MOZ,1915,2.05
Mozambique,MOZ,1920,2.69
Mozambique,MOZ,1925,3.53
Mozambique,MOZ,1930,4.4
Mozambique,MOZ,1935,4.72
Mozambique,MOZ,1940,7.98
Mozambique,MOZ,1945,9.82
Mozambique,MOZ,1950,16.33
Mozambique,MOZ,1955,24.57
Mozambique,MOZ,1960,36.32
Mozambique,MOZ,1965,28
Mozambique,MOZ,1970,31.23
Mozambique,MOZ,1973,37.16535
Mozambique,MOZ,1975,49.79
Mozambique,MOZ,1979,38.26621
Mozambique,MOZ,1980,36
Mozambique,MOZ,1981,36.19555
Mozambique,MOZ,1982,36.41391
Mozambique,MOZ,1983,50.77356
Mozambique,MOZ,1985,53.73804
Mozambique,MOZ,1986,52.72687
Mozambique,MOZ,1987,48.68017
Mozambique,MOZ,1988,45.38714
Mozambique,MOZ,1989,46.18201
Mozambique,MOZ,1990,48.31755
Mozambique,MOZ,1991,46.10913
Mozambique,MOZ,1992,44.33293
Mozambique,MOZ,1993,43.66982
Mozambique,MOZ,1994,43.82048
Mozambique,MOZ,1995,43.07105
Mozambique,MOZ,1998,47.42396
Mozambique,MOZ,1999,51.04908
Mozambique,MOZ,2000,54.82341
Mozambique,MOZ,2001,59.59239
Mozambique,MOZ,2002,55.77659
Mozambique,MOZ,2004,69.67418
Mozambique,MOZ,2005,75.15721
Mozambique,MOZ,2006,79.50839
Mozambique,MOZ,2007,85.29048
Mozambique,MOZ,2008,89.35633
Mozambique,MOZ,2009,91.24582
Mozambique,MOZ,2010,93.440544
Mozambique,MOZ,2011,92.04757
Mozambique,MOZ,2012,93.117966
Mozambique,MOZ,2013,95.01305
Mozambique,MOZ,2014,96.0958
Mozambique,MOZ,2015,97.24379
Mozambique,MOZ,2016,95.51105
Mozambique,MOZ,2017,93.47727
Mozambique,MOZ,2018,96.57076
Mozambique,MOZ,2019,98.73712
Mozambique,MOZ,2020,99.18442
Mozambique,MOZ,2022,99.00002
Myanmar,MMR,1820,0
Myanmar,MMR,1825,0.06
Myanmar,MMR,1830,0.17
Myanmar,MMR,1835,0.33
Myanmar,MMR,1840,0.59
Myanmar,MMR,1845,0.97
Myanmar,MMR,1850,1.53
Myanmar,MMR,1855,2.35
Myanmar,MMR,1860,3.52
Myanmar,MMR,1865,5.16
Myanmar,MMR,1870,7.43
Myanmar,MMR,1875,12.47
Myanmar,MMR,1880,17.51
Myanmar,MMR,1885,16.69
Myanmar,MMR,1890,15.88
Myanmar,MMR,1895,18.71
Myanmar,MMR,1900,21.55
Myanmar,MMR,1905,23.21
Myanmar,MMR,1910,24.88
Myanmar,MMR,1915,27.19
Myanmar,MMR,1920,25.07
Myanmar,MMR,1925,20.43
Myanmar,MMR,1930,25.59
Myanmar,MMR,1935,15.89
Myanmar,MMR,1940,19.53
Myanmar,MMR,1945,11.34
Myanmar,MMR,1950,19.94
Myanmar,MMR,1955,54.6
Myanmar,MMR,1960,38.65
Myanmar,MMR,1965,49
Myanmar,MMR,1970,63
Myanmar,MMR,1971,62.53579
Myanmar,MMR,1973,70.7528
Myanmar,MMR,1974,61.671
Myanmar,MMR,1975,64
Myanmar,MMR,1978,69.14098
Myanmar,MMR,1980,72.8
Myanmar,MMR,2000,92.79929
Myanmar,MMR,2001,93.30437
Myanmar,MMR,2002,91.21884
Myanmar,MMR,2003,93.76244
Myanmar,MMR,2004,93.45628
Myanmar,MMR,2005,94.52613
Myanmar,MMR,2006,95.30341
Myanmar,MMR,2007,92.23995
Myanmar,MMR,2008,98.09885
Myanmar,MMR,2009,98.31527
Myanmar,MMR,2010,98.59093
Myanmar,MMR,2014,98.03501
Myanmar,MMR,2017,99.57207
Myanmar,MMR,2018,99.97678
Namibia,NAM,1989,85.7806
Namibia,NAM,1990,86.13453
Namibia,NAM,1992,91.70034
Namibia,NAM,1994,93.53285
Namibia,NAM,1995,93.52333
Namibia,NAM,1996,91.85564
Namibia,NAM,1997,91.59996
Namibia,NAM,1998,91.11005
Namibia,NAM,1999,89.19482
Namibia,NAM,2000,88.85822
Namibia,NAM,2001,88.95194
Namibia,NAM,2002,90.14976
Namibia,NAM,2003,90.53099
Namibia,NAM,2004,89.17714
Namibia,NAM,2005,90.94589
Namibia,NAM,2006,89.61165
Namibia,NAM,2007,93.11599
Namibia,NAM,2008,93.20821
Namibia,NAM,2009,94.05732
Namibia,NAM,2010,95.083664
Namibia,NAM,2011,96.285675
Namibia,NAM,2012,97.9921
Namibia,NAM,2013,99.2044
Namibia,NAM,2014,98.842415
Namibia,NAM,2015,98.60231
Namibia,NAM,2016,98.43195
Namibia,NAM,2017,98.537094
Namibia,NAM,2018,98.52747
Namibia,NAM,2019,98.59232
Namibia,NAM,2020,98.94983
Namibia,NAM,2021,99.137146
Namibia,NAM,2022,98.90062
Namibia,NAM,2023,99.198746
Namibia,NAM,2024,99.13451
Nauru,NRU,1985,94.08903
Nauru,NRU,2007,89.5787
Nauru,NRU,2012,81.28788
Nauru,NRU,2014,92.00834
Nauru,NRU,2016,91.78594
Nauru,NRU,2019,96.3711
Nauru,NRU,2020,91.74009
Nauru,NRU,2022,95.08021
Nauru,NRU,2023,99.57802
Nauru,NRU,2024,97.00471
Nauru,NRU,2025,93.40355
Nepal,NPL,1820,0
Nepal,NPL,1825,0
Nepal,NPL,1830,0
Nepal,NPL,1835,0
Nepal,NPL,1840,0
Nepal,NPL,1845,0
Nepal,NPL,1850,0
Nepal,NPL,1855,0
Nepal,NPL,1860,0
Nepal,NPL,1865,0
Nepal,NPL,1870,0
Nepal,NPL,1875,0
Nepal,NPL,1880,0
Nepal,NPL,1885,0.01
Nepal,NPL,1890,0.01
Nepal,NPL,1895,0.02
Nepal,NPL,1900,0.03
Nepal,NPL,1905,0.05
Nepal,NPL,1910,0.08
Nepal,NPL,1915,0.12
Nepal,NPL,1920,0.19
Nepal,NPL,1925,0.29
Nepal,NPL,1930,0.44
Nepal,NPL,1935,0.66
Nepal,NPL,1940,0.99
Nepal,NPL,1945,1.48
Nepal,NPL,1950,3.54
Nepal,NPL,1955,4.72
Nepal,NPL,1960,7.09
Nepal,NPL,1965,14.18
Nepal,NPL,1970,18.43
Nepal,NPL,1975,36.15
Nepal,NPL,1980,58.84
Nepal,NPL,1983,57.18071
Nepal,NPL,1984,58.64468
Nepal,NPL,1988,64.91764
Nepal,NPL,1999,63.50995
Nepal,NPL,2000,69.05548
Nepal,NPL,2003,76.48527
Nepal,NPL,2004,78.47102
Nepal,NPL,2011,98.29386
Nepal,NPL,2012,98.72911
Nepal,NPL,2014,98.95567
Nepal,NPL,2015,99.09348
Nepal,NPL,2016,99.5618
Nepal,NPL,2017,98.68262
Nepal,NPL,2020,99.35173
Nepal,NPL,2021,99.755936
Nepal,NPL,2022,99.36708
Nepal,NPL,2023,97.99391
Nepal,NPL,2024,97.965614
Nepal,NPL,2025,99.23752
Netherlands,NLD,1820,65.18
Netherlands,NLD,1825,67.12
Netherlands,NLD,1830,69.01
Netherlands,NLD,1835,70.84
Netherlands,NLD,1840,72.6
Netherlands,NLD,1845,74.31
Netherlands,NLD,1850,75.94
Netherlands,NLD,1855,71.69
Netherlands,NLD,1860,74.11
Netherlands,NLD,1865,76.53
Netherlands,NLD,1870,80.14
Netherlands,NLD,1875,81.37
Netherlands,NLD,1880,80.19
Netherlands,NLD,1885,81.83
Netherlands,NLD,1890,83.12
Netherlands,NLD,1895,83.39
Netherlands,NLD,1900,83.53
Netherlands,NLD,1905,87.4
Netherlands,NLD,1910,88.32
Netherlands,NLD,1915,89.48
Netherlands,NLD,1920,89.39
Netherlands,NLD,1925,89.03
Netherlands,NLD,1930,92.79
Netherlands,NLD,1935,88.89
Netherlands,NLD,1940,88.92
Netherlands,NLD,1945,91.45
Netherlands,NLD,1950,88.6
Netherlands,NLD,1955,88.02
Netherlands,NLD,1960,95.74
Netherlands,NLD,1965,94.82
Netherlands,NLD,1970,93
Netherlands,NLD,1975,91
Netherlands,NLD,1980,93
Netherlands,NLD,2001,99.43936
Netherlands,NLD,2002,99.41694
Netherlands,NLD,2003,99.40783
Netherlands,NLD,2004,99.23292
Netherlands,NLD,2005,99.29515
Netherlands,NLD,2006,99.33981
Netherlands,NLD,2007,99.42899
Netherlands,NLD,2008,99.36303
Netherlands,NLD,2009,99.31385
Netherlands,NLD,2010,99.16061
Netherlands,NLD,2011,99.87988
Netherlands,NLD,2012,99.88677
Netherlands,NLD,2015,99.92228
Netherlands,NLD,2016,99.92128
Netherlands,NLD,2017,99.79793
Netherlands,NLD,2018,99.73945
Netherlands,NLD,2019,99.87345
Netherlands,NLD,2020,99.82606
Netherlands,NLD,2021,99.80895
Netherlands,NLD,2022,99.59434
Netherlands,NLD,2023,99.48088
New Caledonia,NCL,1982,90.14736
New Caledonia,NCL,1983,92.11289
New Caledonia,NCL,1984,90.89111
New Caledonia,NCL,1985,83.58209
New Caledonia,NCL,1986,83.53044
New Caledonia,NCL,1987,85.22538
New Caledonia,NCL,1988,94.23914
New Caledonia,NCL,1989,97.30636
New Caledonia,NCL,1990,91.37813
New Caledonia,NCL,1991,92.57561
New Zealand,NZL,1820,56.29
New Zealand,NZL,1825,59.01
New Zealand,NZL,1830,61.68
New Zealand,NZL,1835,64.28
New Zealand,NZL,1840,66.81
New Zealand,NZL,1845,69.25
New Zealand,NZL,1850,71.59
New Zealand,NZL,1855,73.83
New Zealand,NZL,1860,75.95
New Zealand,NZL,1865,77.96
New Zealand,NZL,1870,79.86
New Zealand,NZL,1875,81.64
New Zealand,NZL,1880,99.7
New Zealand,NZL,1885,100
New Zealand,NZL,1890,98.44
New Zealand,NZL,1895,94.69
New Zealand,NZL,1900,95.66
New Zealand,NZL,1905,99.27
New Zealand,NZL,1910,100
New Zealand,NZL,1915,100
New Zealand,NZL,1920,100
New Zealand,NZL,1925,100
New Zealand,NZL,1930,91.85
New Zealand,NZL,1935,93.42
New Zealand,NZL,1940,90.38
New Zealand,NZL,1945,95.16
New Zealand,NZL,1950,95.4
New Zealand,NZL,1955,94.43
New Zealand,NZL,1960,77
New Zealand,NZL,1965,78
New Zealand,NZL,1970,100
New Zealand,NZL,1975,100
New Zealand,NZL,1980,100
New Zealand,NZL,2013,99.36636
New Zealand,NZL,2014,99.07465
New Zealand,NZL,2015,98.82654
New Zealand,NZL,2016,98.80386
New Zealand,NZL,2017,98.73956
New Zealand,NZL,2018,98.71407
New Zealand,NZL,2019,99.02479
New Zealand,NZL,2020,98.70742
New Zealand,NZL,2021,98.64998
New Zealand,NZL,2022,97.452
New Zealand,NZL,2023,97.69819
New Zealand,NZL,2024,97.37548
Nicaragua,NIC,1820,0.98
Nicaragua,NIC,1825,1.24
Nicaragua,NIC,1830,1.56
Nicaragua,NIC,1835,1.97
Nicaragua,NIC,1840,2.48
Nicaragua,NIC,1845,3.12
Nicaragua,NIC,1850,3.92
Nicaragua,NIC,1855,4.92
Nicaragua,NIC,1860,6.15
Nicaragua,NIC,1865,7.67
Nicaragua,NIC,1870,9.52
Nicaragua,NIC,1875,11.76
Nicaragua,NIC,1880,14.44
Nicaragua,NIC,1885,17.62
Nicaragua,NIC,1890,18.14
Nicaragua,NIC,1895,18.66
Nicaragua,NIC,1900,19.18
Nicaragua,NIC,1905,17.79
Nicaragua,NIC,1910,16.4
Nicaragua,NIC,1915,26.11
Nicaragua,NIC,1920,23.51
Nicaragua,NIC,1925,23.02
Nicaragua,NIC,1930,25.11
Nicaragua,NIC,1935,27.2
Nicaragua,NIC,1940,29.29
Nicaragua,NIC,1945,34.94
Nicaragua,NIC,1950,40.6
Nicaragua,NIC,1955,52.2
Nicaragua,NIC,1960,62.17
Nicaragua,NIC,1965,65
Nicaragua,NIC,1970,54.3243
Nicaragua,NIC,1971,56.36202
Nicaragua,NIC,1972,55.43897
Nicaragua,NIC,1973,55.83575
Nicaragua,NIC,1974,55.41348
Nicaragua,NIC,1975,57.05157
Nicaragua,NIC,1976,58.06338
Nicaragua,NIC,1977,57.13295
Nicaragua,NIC,1978,55.23023
Nicaragua,NIC,1980,64.11095
Nicaragua,NIC,1982,62.96737
Nicaragua,NIC,1983,63.51485
Nicaragua,NIC,1984,62.0092
Nicaragua,NIC,1985,66.02685
Nicaragua,NIC,1986,64.65413
Nicaragua,NIC,1987,66.11976
Nicaragua,NIC,1988,66.33822
Nicaragua,NIC,1989,64.73603
Nicaragua,NIC,1990,67.3807
Nicaragua,NIC,1991,70.17688
Nicaragua,NIC,1992,73.72449
Nicaragua,NIC,1993,74.5628
Nicaragua,NIC,1994,75.41549
Nicaragua,NIC,1995,73.37311
Nicaragua,NIC,1996,72.24322
Nicaragua,NIC,1999,81.68898
Nicaragua,NIC,2000,84.70977
Nicaragua,NIC,2001,88.57557
Nicaragua,NIC,2002,95.54789
Nicaragua,NIC,2004,98.93954
Nicaragua,NIC,2005,99.04729
Nicaragua,NIC,2006,96.97779
Nicaragua,NIC,2007,96.21709
Nicaragua,NIC,2008,96.78967
Nicaragua,NIC,2010,95.54235
Nicaragua,NIC,2023,93.34366
Niger,NER,1820,0
Niger,NER,1825,0
Niger,NER,1830,0
Niger,NER,1835,0
Niger,NER,1840,0
Niger,NER,1845,0
Niger,NER,1850,0
Niger,NER,1855,0.01
Niger,NER,1860,0.01
Niger,NER,1865,0.01
Niger,NER,1870,0.01
Niger,NER,1875,0.02
Niger,NER,1880,0.02
Niger,NER,1885,0.03
Niger,NER,1890,0.04
Niger,NER,1895,0.05
Niger,NER,1900,0.06
Niger,NER,1905,0.08
Niger,NER,1910,0.1
Niger,NER,1915,0.12
Niger,NER,1920,0.16
Niger,NER,1925,0.21
Niger,NER,1930,0.27
Niger,NER,1935,0.34
Niger,NER,1940,0.65
Niger,NER,1945,0.97
Niger,NER,1950,1.28
Niger,NER,1955,2.56
Niger,NER,1960,4.25
Niger,NER,1965,9.35
Niger,NER,1970,11.9
Niger,NER,1973,10.31223
Niger,NER,1974,10.92741
Niger,NER,1975,17
Niger,NER,1977,14.92382
Niger,NER,1978,16.03062
Niger,NER,1980,21
Niger,NER,1981,19.18762
Niger,NER,1986,22.93772
Niger,NER,1989,22.24069
Niger,NER,1990,22.7114
Niger,NER,1991,23.28486
Niger,NER,1992,21.21616
Niger,NER,1997,23.78715
Niger,NER,1998,24.11099
Niger,NER,1999,25.91381
Niger,NER,2000,26.71916
Niger,NER,2001,30.24785
Niger,NER,2002,33.65634
Niger,NER,2003,37.28346
Niger,NER,2004,40.78882
Niger,NER,2005,40.81763
Niger,NER,2006,42.0027
Niger,NER,2007,43.06469
Niger,NER,2008,46.39078
Niger,NER,2009,50.14358
Niger,NER,2010,54.171288
Niger,NER,2011,58.744064
Niger,NER,2012,60.06351
Niger,NER,2013,60.580658
Niger,NER,2014,60.090565
Niger,NER,2015,61.87992
Niger,NER,2016,63.06434
Niger,NER,2017,66.17007
Niger,NER,2019,59.291927
Niger,NER,2021,58.69557
Niger,NER,2022,58.99436
Niger,NER,2023,60.619514
Niger,NER,2024,59.587597
Nigeria,NGA,1999,61.41621
Nigeria,NGA,2000,64.04783
Nigeria,NGA,2004,64.62076
Nigeria,NGA,2005,64.95429
Nigeria,NGA,2006,65.15583
Nigeria,NGA,2007,67.6432
Nigeria,NGA,2008,61.13866
Nigeria,NGA,2009,62.06206
Nigeria,NGA,2010,61.88384
Nigeria,NGA,2023,75.6813
Niue,NIU,2014,89.75499
Niue,NIU,2015,90.942566
Niue,NIU,2016,94.99246
Niue,NIU,2019,94.87179
Niue,NIU,2020,95.7302
Niue,NIU,2021,94.30851
Niue,NIU,2023,89.40631
Niue,NIU,2024,91.56592
North America,OWID_NAM,1820,23.53657
North America,OWID_NAM,1825,25.896566
North America,OWID_NAM,1830,33.081596
North America,OWID_NAM,1835,35.91662
North America,OWID_NAM,1840,40.177395
North America,OWID_NAM,1845,48.154488
North America,OWID_NAM,1850,56.39199
North America,OWID_NAM,1855,63.36642
North America,OWID_NAM,1860,71.564125
North America,OWID_NAM,1865,74.25709
North America,OWID_NAM,1870,77.872215
North America,OWID_NAM,1875,79.3538
North America,OWID_NAM,1880,80.51256
North America,OWID_NAM,1885,81.94386
North America,OWID_NAM,1890,83.473434
North America,OWID_NAM,1895,84.4439
North America,OWID_NAM,1900,85.25256
North America,OWID_NAM,1905,85.18022
North America,OWID_NAM,1910,85.43897
North America,OWID_NAM,1915,85.95615
North America,OWID_NAM,1920,86.57195
North America,OWID_NAM,1925,90.2979
North America,OWID_NAM,1930,92.61859
North America,OWID_NAM,1935,90.35336
North America,OWID_NAM,1940,90.16342
North America,OWID_NAM,1945,89.90207
North America,OWID_NAM,1950,89.537025
North America,OWID_NAM,1955,91.84082
North America,OWID_NAM,1960,87.35486
North America,OWID_NAM,1965,86.37912
North America,OWID_NAM,1970,89.93426
North America,OWID_NAM,1975,75.84369
North America,OWID_NAM,1980,92.1633
North Korea,PRK,2009,99.49459
North Macedonia,MKD,1998,90.60261
North Macedonia,MKD,1999,89.03892
North Macedonia,MKD,2000,99.9473
North Macedonia,MKD,2001,99.73596
North Macedonia,MKD,2002,99.64166
North Macedonia,MKD,2003,98.45897
North Macedonia,MKD,2004,99.11975
North Macedonia,MKD,2005,98.98733
North Macedonia,MKD,2006,97.16136
North Macedonia,MKD,2007,98.29153
North Macedonia,MKD,2008,95.76899
North Macedonia,MKD,2009,97.54276
North Macedonia,MKD,2010,99.68095
North Macedonia,MKD,2012,97.68792
North Macedonia,MKD,2013,96.58731
North Macedonia,MKD,2014,96.12959
North Macedonia,MKD,2015,97.7209
North Macedonia,MKD,2017,97.093
North Macedonia,MKD,2018,96.6568
North Macedonia,MKD,2019,92.73529
North Macedonia,MKD,2020,93.13796
North Macedonia,MKD,2021,92.63733
North Macedonia,MKD,2022,97.03644
North Macedonia,MKD,2023,96.20906
Northern Africa and Western Asia (SDG),,2000,74.1
Northern Africa and Western Asia (SDG),,2001,75
Northern Africa and Western Asia (SDG),,2002,76.1
Northern Africa and Western Asia (SDG),,2003,77.1
Northern Africa and Western Asia (SDG),,2004,78.4
Northern Africa and Western Asia (SDG),,2005,79.1
Northern Africa and Western Asia (SDG),,2006,79.7
Northern Africa and Western Asia (SDG),,2007,80.2
Northern Africa and Western Asia (SDG),,2008,80.7
Northern Africa and Western Asia (SDG),,2009,80.9
Northern Africa and Western Asia (SDG),,2010,81.4
Northern Africa and Western Asia (SDG),,2011,81.9
Northern Africa and Western Asia (SDG),,2012,82.6
Northern Africa and Western Asia (SDG),,2013,82.8
Northern Africa and Western Asia (SDG),,2014,83.3
Northern Africa and Western Asia (SDG),,2015,83.8
Northern Africa and Western Asia (SDG),,2016,84.5
Northern Africa and Western Asia (SDG),,2017,85
Northern Africa and Western Asia (SDG),,2018,85.3
Northern Africa and Western Asia (SDG),,2019,85.6
Northern Africa and Western Asia (SDG),,2020,85.9
Northern Africa and Western Asia (SDG),,2021,86.1
Northern Africa and Western Asia (SDG),,2022,86.3
Northern Africa and Western Asia (SDG),,2023,86.4
Northern Africa and Western Asia (SDG),,2024,86.6
Northern Africa and Western Asia (SDG),,2025,86.6
Norway,NOR,1820,48.53
Norway,NOR,1825,51.3
Norway,NOR,1830,54.07
Norway,NOR,1835,56.82
Norway,NOR,1840,59.53
Norway,NOR,1845,62.18
Norway,NOR,1850,64.77
Norway,NOR,1855,67.28
Norway,NOR,1860,69.71
Norway,NOR,1865,72.03
Norway,NOR,1870,74.24
Norway,NOR,1875,76.35
Norway,NOR,1880,78.34
Norway,NOR,1885,80.21
Norway,NOR,1890,91.46
Norway,NOR,1895,97.77
Norway,NOR,1900,96
Norway,NOR,1905,98.15
Norway,NOR,1910,98.23
Norway,NOR,1915,99.55
Norway,NOR,1920,99.33
Norway,NOR,1925,100
Norway,NOR,1930,100
Norway,NOR,1935,100
Norway,NOR,1940,100
Norway,NOR,1945,98.99
Norway,NOR,1950,100
Norway,NOR,1955,100
Norway,NOR,1960,87.72
Norway,NOR,1965,100
Norway,NOR,1970,89
Norway,NOR,1975,100
Norway,NOR,1980,98
Norway,NOR,2001,99.47202
Norway,NOR,2002,99.45398
Norway,NOR,2003,99.42193
Norway,NOR,2004,99.48253
Norway,NOR,2005,99.38594
Norway,NOR,2006,99.49035
Norway,NOR,2007,99.68817
Norway,NOR,2008,99.8373
Norway,NOR,2009,99.81823
Norway,NOR,2010,99.74721
Norway,NOR,2011,99.80525
Norway,NOR,2012,99.72936
Norway,NOR,2013,99.73693
Norway,NOR,2014,99.58559
Norway,NOR,2015,99.46792
Norway,NOR,2016,99.30201
Norway,NOR,2017,99.34852
Norway,NOR,2018,99.24758
Norway,NOR,2019,99.16766
Norway,NOR,2020,98.96686
Norway,NOR,2021,99.06013
Norway,NOR,2022,99.05005
Norway,NOR,2023,98.68814
Norway,NOR,2024,98.6215
Oceania (excluding Australia and New Zealand) (SDG),,2000,80.4
Oceania (excluding Australia and New Zealand) (SDG),,2001,80.5
Oceania (excluding Australia and New Zealand) (SDG),,2002,80.8
Oceania (excluding Australia and New Zealand) (SDG),,2003,81.2
Oceania (excluding Australia and New Zealand) (SDG),,2004,81.7
Oceania (excluding Australia and New Zealand) (SDG),,2005,82.3
Oceania (excluding Australia and New Zealand) (SDG),,2006,83.3
Oceania (excluding Australia and New Zealand) (SDG),,2007,84
Oceania (excluding Australia and New Zealand) (SDG),,2008,84.7
Oceania (excluding Australia and New Zealand) (SDG),,2009,85.5
Oceania (excluding Australia and New Zealand) (SDG),,2010,86.1
Oceania (excluding Australia and New Zealand) (SDG),,2011,86.5
Oceania (excluding Australia and New Zealand) (SDG),,2012,86.4
Oceania (excluding Australia and New Zealand) (SDG),,2013,85.9
Oceania (excluding Australia and New Zealand) (SDG),,2014,85.1
Oceania (excluding Australia and New Zealand) (SDG),,2015,83.9
Oceania (excluding Australia and New Zealand) (SDG),,2016,82.4
Oceania (excluding Australia and New Zealand) (SDG),,2017,81.1
Oceania (excluding Australia and New Zealand) (SDG),,2018,80.2
Oceania (excluding Australia and New Zealand) (SDG),,2019,78.8
Oceania (excluding Australia and New Zealand) (SDG),,2020,79.2
Oceania (excluding Australia and New Zealand) (SDG),,2021,80
Oceania (excluding Australia and New Zealand) (SDG),,2022,81.4
Oceania (excluding Australia and New Zealand) (SDG),,2023,82.9
Oceania (excluding Australia and New Zealand) (SDG),,2024,84.1
Oceania (excluding Australia and New Zealand) (SDG),,2025,85.3
Oman,OMN,1973,14.3778
Oman,OMN,1974,20.26796
Oman,OMN,1975,28.05842
Oman,OMN,1976,28.96047
Oman,OMN,1978,36.6254
Oman,OMN,1979,39.72752
Oman,OMN,1981,45.08016
Oman,OMN,1982,47.98966
Oman,OMN,1983,51.62783
Oman,OMN,1984,58.99836
Oman,OMN,1985,62.0712
Oman,OMN,1986,67.96462
Oman,OMN,1987,69.73512
Oman,OMN,1988,68.35035
Oman,OMN,1989,68.88516
Oman,OMN,1990,69.63419
Oman,OMN,1991,70.59178
Oman,OMN,1992,71.99842
Oman,OMN,1993,76.15265
Oman,OMN,1994,78.07631
Oman,OMN,1995,79.26646
Oman,OMN,1996,80.58814
Oman,OMN,1997,80.71956
Oman,OMN,1998,81.98145
Oman,OMN,1999,82.85419
Oman,OMN,2000,84.09704
Oman,OMN,2001,85.16715
Oman,OMN,2002,85.30975
Oman,OMN,2003,87.8858
Oman,OMN,2009,98.14198
Oman,OMN,2011,99.73028
Oman,OMN,2012,98.46673
Oman,OMN,2013,98.91847
Oman,OMN,2014,98.081696
Oman,OMN,2015,96.4116
Oman,OMN,2016,95.78627
Oman,OMN,2017,97.30122
Oman,OMN,2018,98.64197
Oman,OMN,2019,97.26151
Oman,OMN,2020,89.661934
Oman,OMN,2021,89.09542
Oman,OMN,2022,88.93575
Oman,OMN,2024,94.24412
Pakistan,PAK,1820,0.01
Pakistan,PAK,1825,0.02
Pakistan,PAK,1830,0.02
Pakistan,PAK,1835,0.03
Pakistan,PAK,1840,0.04
Pakistan,PAK,1845,0.05
Pakistan,PAK,1850,0.06
Pakistan,PAK,1855,0.08
Pakistan,PAK,1860,0.1
Pakistan,PAK,1865,0.13
Pakistan,PAK,1870,0.18
Pakistan,PAK,1875,0.23
Pakistan,PAK,1880,0.3
Pakistan,PAK,1885,0.39
Pakistan,PAK,1890,0.51
Pakistan,PAK,1895,0.66
Pakistan,PAK,1900,0.86
Pakistan,PAK,1905,1.13
Pakistan,PAK,1910,1.46
Pakistan,PAK,1915,1.9
Pakistan,PAK,1920,2.47
Pakistan,PAK,1925,3.2
Pakistan,PAK,1930,4.14
Pakistan,PAK,1935,5.35
Pakistan,PAK,1940,6.87
Pakistan,PAK,1945,8.79
Pakistan,PAK,1950,21.8
Pakistan,PAK,1955,27.2
Pakistan,PAK,1960,22
Pakistan,PAK,1965,33
Pakistan,PAK,1970,33
Pakistan,PAK,1975,37.95
Pakistan,PAK,1980,35.47
Pakistan,PAK,2021,69.77312
Pakistan,PAK,2022,71.45075
Pakistan,PAK,2023,72.2614
Pakistan,PAK,2024,82.06782
Palau,PLW,2013,99.3135
Palau,PLW,2014,98.07428
Palau,PLW,2020,98.35577
Palau,PLW,2021,99.437996
Palau,PLW,2022,85.79505
Palau,PLW,2023,91.80446
Palau,PLW,2024,98.666
Palestine,PSE,1999,89.80411
Palestine,PSE,2000,92.46802
Palestine,PSE,2001,92.01227
Palestine,PSE,2002,93.25575
Palestine,PSE,2003,93.34785
Palestine,PSE,2004,92.8765
Palestine,PSE,2005,90.10562
Palestine,PSE,2006,88.76404
Palestine,PSE,2007,87.71132
Palestine,PSE,2008,89.35356
Palestine,PSE,2009,90.5169
Palestine,PSE,2010,91.4052
Palestine,PSE,2011,91.49134
Palestine,PSE,2012,93.60006
Palestine,PSE,2013,93.42419
Palestine,PSE,2014,94.50271
Palestine,PSE,2015,94.65745
Palestine,PSE,2016,95.1039
Palestine,PSE,2017,96.26108
Palestine,PSE,2018,95.35094
Palestine,PSE,2019,94.45811
Palestine,PSE,2020,93.535446
Palestine,PSE,2021,91.770195
Palestine,PSE,2022,90.49278
Palestine,PSE,2023,90.44307
Panama,PAN,1820,0.47
Panama,PAN,1825,0.6
Panama,PAN,1830,0.76
Panama,PAN,1835,0.97
Panama,PAN,1840,1.24
Panama,PAN,1845,1.59
Panama,PAN,1850,2.02
Panama,PAN,1855,2.57
Panama,PAN,1860,3.27
Panama,PAN,1865,4.15
Panama,PAN,1870,5.25
Panama,PAN,1875,6.62
Panama,PAN,1880,8.33
Panama,PAN,1885,10.42
Panama,PAN,1890,12.96
Panama,PAN,1895,16.01
Panama,PAN,1900,19.62
Panama,PAN,1905,23.82
Panama,PAN,1910,24.73
Panama,PAN,1915,22.48
Panama,PAN,1920,37.6
Panama,PAN,1925,45.54
Panama,PAN,1930,53.47
Panama,PAN,1935,49.36
Panama,PAN,1940,58.92
Panama,PAN,1945,56.23
Panama,PAN,1950,72
Panama,PAN,1955,78.59
Panama,PAN,1960,81
Panama,PAN,1965,85
Panama,PAN,1970,75.09668
Panama,PAN,1971,82.89208
Panama,PAN,1972,85.14625
Panama,PAN,1973,86.9448
Panama,PAN,1975,88.40156
Panama,PAN,1976,88.18325
Panama,PAN,1978,90.74973
Panama,PAN,1979,89.67549
Panama,PAN,1980,89.02201
Panama,PAN,1981,88.14259
Panama,PAN,1982,87.59434
Panama,PAN,1983,86.8642
Panama,PAN,1984,87.00394
Panama,PAN,1985,87.83943
Panama,PAN,1986,87.92362
Panama,PAN,1987,88.66891
Panama,PAN,1988,87.47817
Panama,PAN,1989,88.39468
Panama,PAN,1990,87.76247
Panama,PAN,1999,93.16248
Panama,PAN,2000,94.45165
Panama,PAN,2001,96.01814
Panama,PAN,2002,98.3607
Panama,PAN,2004,99.87933
Panama,PAN,2005,99.49796
Panama,PAN,2006,99.93924
Panama,PAN,2007,99.904
Panama,PAN,2008,99.47002
Panama,PAN,2009,96.73334
Panama,PAN,2010,97.1207
Panama,PAN,2011,95.89394
Panama,PAN,2012,95.06862
Panama,PAN,2013,94.11787
Panama,PAN,2014,92.05335
Panama,PAN,2015,89.90916
Panama,PAN,2017,87.330605
Panama,PAN,2019,87.92
Panama,PAN,2020,90.20815
Panama,PAN,2021,96.53923
Panama,PAN,2022,96.95689
Panama,PAN,2023,91.09635
Panama,PAN,2024,92.30241
Papua New Guinea,PNG,1989,71.1153
Papua New Guinea,PNG,2012,69.75991
Papua New Guinea,PNG,2014,67.23383
Papua New Guinea,PNG,2016,89.2194
Papua New Guinea,PNG,2018,99.078735
Papua New Guinea,PNG,2019,98.3742
Papua New Guinea,PNG,2020,96.83996
Papua New Guinea,PNG,2021,95.99735
Paraguay,PRY,1820,0.38
Paraguay,PRY,1825,0.49
Paraguay,PRY,1830,0.62
Paraguay,PRY,1835,0.79
Paraguay,PRY,1840,1.01
Paraguay,PRY,1845,1.28
Paraguay,PRY,1850,1.63
Paraguay,PRY,1855,2.08
Paraguay,PRY,1860,2.64
Paraguay,PRY,1865,3.35
Paraguay,PRY,1870,4.24
Paraguay,PRY,1875,5.35
Paraguay,PRY,1880,6.74
Paraguay,PRY,1885,8.46
Paraguay,PRY,1890,15.71
Paraguay,PRY,1895,18.61
Paraguay,PRY,1900,19.79
Paraguay,PRY,1905,20.63
Paraguay,PRY,1910,21.25
Paraguay,PRY,1915,40.19
Paraguay,PRY,1920,34.85
Paraguay,PRY,1925,35.34
Paraguay,PRY,1930,44.45
Paraguay,PRY,1935,38.46
Paraguay,PRY,1940,60.09
Paraguay,PRY,1945,58.47
Paraguay,PRY,1950,66.38
Paraguay,PRY,1955,82
Paraguay,PRY,1960,79.75
Paraguay,PRY,1965,83
Paraguay,PRY,1970,84.76906
Paraguay,PRY,1972,73.23711
Paraguay,PRY,1973,84.68381
Paraguay,PRY,1975,82.44454
Paraguay,PRY,1976,84.26634
Paraguay,PRY,1977,85.92898
Paraguay,PRY,1978,88.22165
Paraguay,PRY,1979,89.87463
Paraguay,PRY,1980,92.12072
Paraguay,PRY,1981,93.612
Paraguay,PRY,1983,93.89175
Paraguay,PRY,1984,94.03635
Paraguay,PRY,1985,94.76454
Paraguay,PRY,1986,94.30953
Paraguay,PRY,1987,95.55814
Paraguay,PRY,1988,97.3485
Paraguay,PRY,1989,98.90594
Paraguay,PRY,1990,99.45562
Paraguay,PRY,1991,99.6175
Paraguay,PRY,1992,90.91547
Paraguay,PRY,1993,99.64171
Paraguay,PRY,1994,95.32506
Paraguay,PRY,1995,94.40905
Paraguay,PRY,1996,97.31011
Paraguay,PRY,1999,99.31289
Paraguay,PRY,2000,99.15281
Paraguay,PRY,2001,99.2293
Paraguay,PRY,2002,99.2946
Paraguay,PRY,2003,99.35752
Paraguay,PRY,2004,99.28984
Paraguay,PRY,2005,99.21859
Paraguay,PRY,2006,99.31325
Paraguay,PRY,2007,99.43726
Paraguay,PRY,2008,98.77556
Paraguay,PRY,2009,97.94169
Paraguay,PRY,2010,98.41679
Paraguay,PRY,2011,98.49632
Paraguay,PRY,2012,98.51012
Paraguay,PRY,2016,89.74086
Paraguay,PRY,2020,87.97458
Paraguay,PRY,2021,87.72208
Paraguay,PRY,2022,87.800026
Paraguay,PRY,2023,87.56574
Paraguay,PRY,2024,86.66888
Peru,PER,1820,0
Peru,PER,1825,0.02
Peru,PER,1830,0.05
Peru,PER,1835,0.09
Peru,PER,1840,0.16
Peru,PER,1845,0.27
Peru,PER,1850,0.44
Peru,PER,1855,0.69
Peru,PER,1860,1.05
Peru,PER,1865,1.58
Peru,PER,1870,2.34
Peru,PER,1875,3.42
Peru,PER,1880,4.94
Peru,PER,1885,7.04
Peru,PER,1890,9.89
Peru,PER,1895,15.43
Peru,PER,1900,15.67
Peru,PER,1905,24.56
Peru,PER,1910,21.82
Peru,PER,1915,23.24
Peru,PER,1920,25.71
Peru,PER,1925,28.57
Peru,PER,1930,38.21
Peru,PER,1935,47.84
Peru,PER,1940,55.59
Peru,PER,1945,64.36
Peru,PER,1950,68.84
Peru,PER,1955,66.25
Peru,PER,1960,54.49
Peru,PER,1965,65
Peru,PER,1970,77.83923
Peru,PER,1973,82.64667
Peru,PER,1975,83.28
Peru,PER,1980,85.0269
Peru,PER,1981,89.6482
Peru,PER,1982,90.17026
Peru,PER,1985,94.80788
Peru,PER,1988,90.74068
Peru,PER,1993,89.93801
Peru,PER,1995,84.85761
Peru,PER,1996,84.56167
Peru,PER,1997,84.12053
Peru,PER,1998,96.95696
Peru,PER,1999,98.04025
Peru,PER,2000,98.45933
Peru,PER,2001,99.04974
Peru,PER,2002,99.56171
Peru,PER,2003,98.07641
Peru,PER,2004,99.68601
Peru,PER,2005,99.54492
Peru,PER,2006,99.29465
Peru,PER,2007,99.18435
Peru,PER,2008,99.185
Peru,PER,2009,99.1951
Peru,PER,2010,99.3736
Peru,PER,2011,99.22606
Peru,PER,2016,99.92243
Peru,PER,2017,99.95499
Peru,PER,2018,99.8165
Peru,PER,2019,99.84352
Peru,PER,2020,99.68142
Peru,PER,2021,99.8645
Peru,PER,2022,99.70938
Peru,PER,2023,99.73153
Peru,PER,2024,99.81941
Philippines,PHL,1820,0.2
Philippines,PHL,1825,0.27
Philippines,PHL,1830,0.36
Philippines,PHL,1835,0.49
Philippines,PHL,1840,0.65
Philippines,PHL,1845,0.87
Philippines,PHL,1850,1.16
Philippines,PHL,1855,1.55
Philippines,PHL,1860,2.06
Philippines,PHL,1865,2.74
Philippines,PHL,1870,3.63
Philippines,PHL,1875,4.81
Philippines,PHL,1880,6.33
Philippines,PHL,1885,8.3
Philippines,PHL,1890,10.82
Philippines,PHL,1895,13.98
Philippines,PHL,1900,17.88
Philippines,PHL,1905,40.48
Philippines,PHL,1910,59.33
Philippines,PHL,1915,55.66
Philippines,PHL,1920,74.04
Philippines,PHL,1925,76.47
Philippines,PHL,1930,73.92
Philippines,PHL,1935,67.6
Philippines,PHL,1940,100
Philippines,PHL,1945,100
Philippines,PHL,1950,100
Philippines,PHL,1955,100
Philippines,PHL,1960,84.07
Philippines,PHL,1965,100
Philippines,PHL,1970,95.73
Philippines,PHL,1975,95
Philippines,PHL,1976,88.03108
Philippines,PHL,1979,88.90825
Philippines,PHL,1980,94
Philippines,PHL,1981,87.92029
Philippines,PHL,1982,88.7424
Philippines,PHL,1983,88.02549
Philippines,PHL,1984,88.18552
Philippines,PHL,1985,92.134
Philippines,PHL,1986,91.59628
Philippines,PHL,1987,91.78144
Philippines,PHL,1988,93.61092
Philippines,PHL,1989,94.83386
Philippines,PHL,1990,95.23612
Philippines,PHL,1992,91.38004
Philippines,PHL,1993,90.07318
Philippines,PHL,1994,88.29275
Philippines,PHL,1996,90.4455
Philippines,PHL,1998,87.18453
Philippines,PHL,1999,84.55627
Philippines,PHL,2001,86.05689
Philippines,PHL,2002,86.46811
Philippines,PHL,2003,86.10035
Philippines,PHL,2004,85.94873
Philippines,PHL,2005,86.53875
Philippines,PHL,2006,85.31644
Philippines,PHL,2007,85.48773
Philippines,PHL,2008,86.25207
Philippines,PHL,2009,87.90736
Philippines,PHL,2014,90.06572
Philippines,PHL,2015,89.44278
Philippines,PHL,2016,89.26719
Philippines,PHL,2017,89.423256
Philippines,PHL,2018,89.29684
Philippines,PHL,2019,90.94237
Philippines,PHL,2020,91.54018
Philippines,PHL,2021,87.72375
Philippines,PHL,2022,89.096
Philippines,PHL,2023,89.503174
Philippines,PHL,2024,88.36477
Poland,POL,1820,17.75
Poland,POL,1825,19.35
Poland,POL,1830,21.07
Poland,POL,1835,22.89
Poland,POL,1840,24.83
Poland,POL,1845,26.87
Poland,POL,1850,29.01
Poland,POL,1855,31.26
Poland,POL,1860,33.59
Poland,POL,1865,36.02
Poland,POL,1870,38.51
Poland,POL,1875,41.07
Poland,POL,1880,43.68
Poland,POL,1885,46.33
Poland,POL,1890,49
Poland,POL,1895,51.68
Poland,POL,1900,54.36
Poland,POL,1905,57.01
Poland,POL,1910,59.62
Poland,POL,1915,62.19
Poland,POL,1920,64.69
Poland,POL,1925,70.06
Poland,POL,1930,81.73
Poland,POL,1935,99
Poland,POL,1940,86.01
Poland,POL,1945,83.59
Poland,POL,1950,100
Poland,POL,1955,90.57
Poland,POL,1960,92.23
Poland,POL,1965,88
Poland,POL,1970,95
Poland,POL,1975,96
Poland,POL,1980,98
Poland,POL,2001,99.0894
Poland,POL,2002,99.00861
Poland,POL,2003,99.03258
Poland,POL,2004,98.92402
Poland,POL,2005,98.82932
Poland,POL,2006,98.58992
Poland,POL,2007,98.05034
Poland,POL,2008,97.56269
Poland,POL,2009,97.17359
Poland,POL,2010,97.22763
Poland,POL,2011,96.86314
Poland,POL,2012,96.59452
Poland,POL,2013,96.22954
Poland,POL,2014,95.83652
Poland,POL,2017,95.12157
Poland,POL,2018,95.42318
Poland,POL,2019,96.59107
Poland,POL,2020,98.52939
Poland,POL,2021,99.97851
Poland,POL,2022,99.98123
Poland,POL,2023,99.87646
Poland,POL,2024,99.90833
Portugal,PRT,1820,3.08
Portugal,PRT,1825,3.7
Portugal,PRT,1830,4.46
Portugal,PRT,1835,5.35
Portugal,PRT,1840,6.42
Portugal,PRT,1845,7.68
Portugal,PRT,1850,9.16
Portugal,PRT,1855,13.51
Portugal,PRT,1860,17.85
Portugal,PRT,1865,22.2
Portugal,PRT,1870,26.54
Portugal,PRT,1875,32.49
Portugal,PRT,1880,38.43
Portugal,PRT,1885,44.38
Portugal,PRT,1890,41.82
Portugal,PRT,1895,39.27
Portugal,PRT,1900,36.71
Portugal,PRT,1905,37.97
Portugal,PRT,1910,39.24
Portugal,PRT,1915,40.5
Portugal,PRT,1920,41.76
Portugal,PRT,1925,43.02
Portugal,PRT,1930,55.26
Portugal,PRT,1935,54.89
Portugal,PRT,1940,65.86
Portugal,PRT,1945,66.11
Portugal,PRT,1950,77.22
Portugal,PRT,1955,92.69
Portugal,PRT,1960,99
Portugal,PRT,1965,77
Portugal,PRT,1970,83
Portugal,PRT,1975,87
Portugal,PRT,1980,97
Portugal,PRT,2001,99.72854
Portugal,PRT,2002,99.9865
Portugal,PRT,2003,99.92198
Portugal,PRT,2004,99.93008
Portugal,PRT,2005,99.82276
Portugal,PRT,2006,99.91363
Portugal,PRT,2007,99.67146
Portugal,PRT,2008,99.16588
Portugal,PRT,2009,99.8717
Portugal,PRT,2010,99.97387
Portugal,PRT,2011,99.99064
Portugal,PRT,2012,99.75597
Portugal,PRT,2013,99.77216
Portugal,PRT,2014,99.24439
Portugal,PRT,2015,98.05246
Portugal,PRT,2016,97.50005
Portugal,PRT,2017,97.53558
Portugal,PRT,2018,97.98248
Portugal,PRT,2019,99.00803
Portugal,PRT,2020,99.76948
Portugal,PRT,2021,99.90114
Portugal,PRT,2022,99.82134
Portugal,PRT,2023,99.49183
Puerto Rico,PRI,2010,91.66041
Puerto Rico,PRI,2011,89.66649
Puerto Rico,PRI,2012,92.27373
Puerto Rico,PRI,2013,93.5428
Puerto Rico,PRI,2014,94.68389
Puerto Rico,PRI,2015,94.49446
Puerto Rico,PRI,2016,89.79734
Puerto Rico,PRI,2018,90.15242
Puerto Rico,PRI,2023,87.00135
Puerto Rico,PRI,2024,86.747734
Qatar,QAT,1971,76.70082
Qatar,QAT,1972,72.81401
Qatar,QAT,1973,69.23114
Qatar,QAT,1974,65.98951
Qatar,QAT,1976,66.76664
Qatar,QAT,1977,69.14324
Qatar,QAT,1978,72.95228
Qatar,QAT,1979,75.0282
Qatar,QAT,1980,77.97289
Qatar,QAT,1981,80.6442
Qatar,QAT,1982,84.53786
Qatar,QAT,1983,84.33757
Qatar,QAT,1984,87.55752
Qatar,QAT,1985,88.31731
Qatar,QAT,1986,90.94713
Qatar,QAT,1987,90.66959
Qatar,QAT,1988,92.77598
Qatar,QAT,1989,94.65851
Qatar,QAT,1990,95.84313
Qatar,QAT,1991,95.40455
Qatar,QAT,1992,93.62096
Qatar,QAT,1993,91.02287
Qatar,QAT,1994,93.35212
Qatar,QAT,1998,99.17402
Qatar,QAT,1999,95.74799
Qatar,QAT,2001,89.49618
Qatar,QAT,2002,90.12912
Qatar,QAT,2003,87.25417
Qatar,QAT,2004,92.52354
Qatar,QAT,2005,94.69449
Qatar,QAT,2006,92.3432
Qatar,QAT,2007,95.9614
Qatar,QAT,2009,97.18952
Qatar,QAT,2010,96.75018
Qatar,QAT,2011,96.22322
Qatar,QAT,2012,98.75953
Qatar,QAT,2013,97.03685
Qatar,QAT,2014,93.669624
Qatar,QAT,2015,96.01885
Qatar,QAT,2016,98.304695
Qatar,QAT,2017,99.91177
Qatar,QAT,2018,99.3353
Qatar,QAT,2019,98.12057
Qatar,QAT,2020,97.55534
Qatar,QAT,2021,87.252914
Qatar,QAT,2022,92.060425
Qatar,QAT,2023,93.19474
Qatar,QAT,2024,95.3828
Reunion,REU,1820,1.4
Reunion,REU,1825,1.81
Reunion,REU,1830,2.33
Reunion,REU,1835,3.01
Reunion,REU,1840,3.87
Reunion,REU,1845,4.97
Reunion,REU,1850,6.36
Reunion,REU,1855,8.1
Reunion,REU,1860,10.27
Reunion,REU,1865,12.95
Reunion,REU,1870,16.19
Reunion,REU,1875,20.06
Reunion,REU,1880,24.59
Reunion,REU,1885,29.77
Reunion,REU,1890,35.53
Reunion,REU,1895,41.75
Reunion,REU,1900,48.26
Reunion,REU,1905,47.64
Reunion,REU,1910,47.02
Reunion,REU,1915,53.87
Reunion,REU,1920,60.72
Reunion,REU,1925,53.38
Reunion,REU,1930,46.04
Reunion,REU,1935,64.77
Reunion,REU,1940,83.49
Reunion,REU,1945,95.3
Reunion,REU,1950,100
Reunion,REU,1955,100
Reunion,REU,1960,69.49
Reunion,REU,1965,78.15
Reunion,REU,1970,77.75
Reunion,REU,1975,76.73
Reunion,REU,1980,78.77
Reunion,REU,1985,85.89886
Reunion,REU,1986,83.6445
Reunion,REU,1987,83.64791
Reunion,REU,1994,90.70071
Romania,ROU,1820,1.78
Romania,ROU,1825,2.07
Romania,ROU,1830,2.4
Romania,ROU,1835,2.79
Romania,ROU,1840,3.24
Romania,ROU,1845,3.75
Romania,ROU,1850,4.35
Romania,ROU,1855,5.03
Romania,ROU,1860,5.81
Romania,ROU,1865,6.71
Romania,ROU,1870,7.73
Romania,ROU,1875,8.9
Romania,ROU,1880,10.22
Romania,ROU,1885,12.46
Romania,ROU,1890,17.2
Romania,ROU,1895,22.75
Romania,ROU,1900,55.59
Romania,ROU,1905,41.61
Romania,ROU,1910,76.36
Romania,ROU,1915,54.74
Romania,ROU,1920,65
Romania,ROU,1925,71.74
Romania,ROU,1930,78.57
Romania,ROU,1935,100
Romania,ROU,1940,100
Romania,ROU,1945,77.61
Romania,ROU,1950,78.84
Romania,ROU,1955,64.71
Romania,ROU,1960,83.09
Romania,ROU,1965,86.48
Romania,ROU,1970,94.96
Romania,ROU,1975,90.72
Romania,ROU,1980,86.48
Romania,ROU,2001,99.36536
Romania,ROU,2002,98.60893
Romania,ROU,2003,95.74182
Romania,ROU,2004,94.68833
Romania,ROU,2005,92.78384
Romania,ROU,2006,93.83107
Romania,ROU,2007,93.69856
Romania,ROU,2008,96.72253
Romania,ROU,2009,98.81212
Romania,ROU,2010,97.5975
Romania,ROU,2011,95.84871
Romania,ROU,2012,93.67574
Romania,ROU,2015,92.11394
Romania,ROU,2016,91.0529
Romania,ROU,2017,90.60227
Romania,ROU,2018,91.55673
Romania,ROU,2019,92.41722
Romania,ROU,2020,91.73212
Romania,ROU,2021,90.41956
Romania,ROU,2022,84.38719
Romania,ROU,2023,84.41012
Russia,RUS,1820,3.01
Russia,RUS,1825,3.11
Russia,RUS,1830,3.25
Russia,RUS,1835,3.38
Russia,RUS,1840,3.67
Russia,RUS,1845,3.95
Russia,RUS,1850,4.57
Russia,RUS,1855,5.06
Russia,RUS,1860,7.45
Russia,RUS,1865,9.72
Russia,RUS,1870,9.78
Russia,RUS,1875,10.96
Russia,RUS,1880,11.8
Russia,RUS,1885,15.83
Russia,RUS,1890,19.55
Russia,RUS,1895,38.08
Russia,RUS,1900,36.57
Russia,RUS,1905,41.71
Russia,RUS,1910,42.8
Russia,RUS,1915,43.68
Russia,RUS,1920,39.88
Russia,RUS,1925,72.03
Russia,RUS,1930,100
Russia,RUS,1935,100
Russia,RUS,1940,100
Russia,RUS,1945,100
Russia,RUS,1950,100
Russia,RUS,1955,87.54
Russia,RUS,1960,92.15
Russia,RUS,1965,97
Russia,RUS,1970,100
Russia,RUS,1975,96.03
Russia,RUS,1980,100
Russia,RUS,1994,95.43782
Russia,RUS,1995,91.15402
Russia,RUS,2006,94.26779
Russia,RUS,2007,93.9577
Russia,RUS,2008,95.49061
Russia,RUS,2009,95.27711
Russia,RUS,2011,95.55337
Russia,RUS,2012,97.25472
Russia,RUS,2013,96.85026
Russia,RUS,2014,97.24939
Russia,RUS,2015,97.97626
Russia,RUS,2016,97.93231
Russia,RUS,2017,99.62899
Russia,RUS,2018,99.92084
Russia,RUS,2019,99.80345
Russia,RUS,2020,99.72006
Russia,RUS,2021,99.73935
Russia,RUS,2022,97.36506
Russia,RUS,2023,95.06478
Rwanda,RWA,1973,50.40394
Rwanda,RWA,1974,48.93685
Rwanda,RWA,1975,47.13465
Rwanda,RWA,1977,50.94467
Rwanda,RWA,1978,53.39499
Rwanda,RWA,1999,65.44097
Rwanda,RWA,2002,88.71574
Rwanda,RWA,2003,87.52011
Rwanda,RWA,2016,99.19536
Rwanda,RWA,2017,98.84006
Rwanda,RWA,2018,98.61973
Rwanda,RWA,2019,98.44245
Rwanda,RWA,2021,99.89822
Rwanda,RWA,2023,99.511215
Rwanda,RWA,2024,99.02975
Saint Helena,SHN,1998,83.55388
Saint Kitts and Nevis,KNA,1984,99.04509
Saint Kitts and Nevis,KNA,1985,92.09704
Saint Kitts and Nevis,KNA,1986,94.6359
Saint Kitts and Nevis,KNA,1988,98.92058
Saint Kitts and Nevis,KNA,1989,99.04487
Saint Kitts and Nevis,KNA,1992,99.23107
Saint Kitts and Nevis,KNA,2000,99.58095
Saint Kitts and Nevis,KNA,2001,97.99697
Saint Kitts and Nevis,KNA,2002,99.92776
Saint Kitts and Nevis,KNA,2003,98.04976
Saint Kitts and Nevis,KNA,2004,99.96219
Saint Kitts and Nevis,KNA,2005,98.85707
Saint Kitts and Nevis,KNA,2007,99.13981
Saint Kitts and Nevis,KNA,2008,99.14005
Saint Kitts and Nevis,KNA,2009,99.50427
Saint Kitts and Nevis,KNA,2010,98.06417
Saint Kitts and Nevis,KNA,2011,98.95508
Saint Kitts and Nevis,KNA,2012,98.12854
Saint Kitts and Nevis,KNA,2013,98.22946
Saint Kitts and Nevis,KNA,2014,96.7859
Saint Kitts and Nevis,KNA,2015,97.20189
Saint Kitts and Nevis,KNA,2016,95.60035
Saint Kitts and Nevis,KNA,2021,96.84591
Saint Kitts and Nevis,KNA,2023,96.86188
Saint Lucia,LCA,1981,94.03604
Saint Lucia,LCA,1982,94.30878
Saint Lucia,LCA,1983,99.37553
Saint Lucia,LCA,1984,98.99182
Saint Lucia,LCA,1985,100
Saint Lucia,LCA,1986,99.10918
Saint Lucia,LCA,1990,90.15394
Saint Lucia,LCA,1993,99.87922
Saint Lucia,LCA,1999,79.57181
Saint Lucia,LCA,2000,91.35797
Saint Lucia,LCA,2001,93.01901
Saint Lucia,LCA,2002,99.66571
Saint Lucia,LCA,2003,98.94644
Saint Lucia,LCA,2004,94.59551
Saint Lucia,LCA,2005,91.88808
Saint Lucia,LCA,2006,93.41956
Saint Lucia,LCA,2007,93.20328
Saint Lucia,LCA,2008,93.83626
Saint Lucia,LCA,2009,95.38207
Saint Lucia,LCA,2010,94.21776
Saint Lucia,LCA,2011,93.17758
Saint Lucia,LCA,2012,92.66133
Saint Lucia,LCA,2013,93.30737
Saint Lucia,LCA,2014,91.9184
Saint Lucia,LCA,2015,93.26046
Saint Lucia,LCA,2016,91.8947
Saint Lucia,LCA,2017,92.27795
Saint Lucia,LCA,2018,93.02184
Saint Lucia,LCA,2019,93.99714
Saint Lucia,LCA,2020,94.20668
Saint Lucia,LCA,2021,95.64567
Saint Lucia,LCA,2022,97.88365
Saint Lucia,LCA,2023,97.93674
Saint Lucia,LCA,2024,92.98758
Saint Pierre and Miquelon,SPM,1981,97.61116
Saint Pierre and Miquelon,SPM,1982,96.74099
Saint Pierre and Miquelon,SPM,1983,99.22856
Saint Pierre and Miquelon,SPM,1984,98.01788
Saint Pierre and Miquelon,SPM,1985,98.67424
Saint Pierre and Miquelon,SPM,1986,96.83794
Saint Pierre and Miquelon,SPM,1987,98.99598
Saint Vincent and the Grenadines,VCT,1984,90.62876
Saint Vincent and the Grenadines,VCT,1986,92.24108
Saint Vincent and the Grenadines,VCT,1994,98.34525
Saint Vincent and the Grenadines,VCT,2000,98.61319
Saint Vincent and the Grenadines,VCT,2001,99.28266
Saint Vincent and the Grenadines,VCT,2002,99.37843
Saint Vincent and the Grenadines,VCT,2003,98.66924
Saint Vincent and the Grenadines,VCT,2004,97.79013
Saint Vincent and the Grenadines,VCT,2005,94.34598
Saint Vincent and the Grenadines,VCT,2007,98.10458
Saint Vincent and the Grenadines,VCT,2008,99.97413
Saint Vincent and the Grenadines,VCT,2009,99.33347
Saint Vincent and the Grenadines,VCT,2010,99.27834
Saint Vincent and the Grenadines,VCT,2011,97.87729
Saint Vincent and the Grenadines,VCT,2012,99.09431
Saint Vincent and the Grenadines,VCT,2013,99.694
Saint Vincent and the Grenadines,VCT,2014,98.72367
Saint Vincent and the Grenadines,VCT,2015,98.74532
Saint Vincent and the Grenadines,VCT,2016,98.61115
Saint Vincent and the Grenadines,VCT,2017,99.409615
Saint Vincent and the Grenadines,VCT,2018,96.02414
Samoa,WSM,1994,92.92967
Samoa,WSM,1998,94.66492
Samoa,WSM,1999,95.3823
Samoa,WSM,2000,98.43997
Samoa,WSM,2001,98.81973
Samoa,WSM,2007,95.65633
Samoa,WSM,2009,96.63023
Samoa,WSM,2010,99.62242
Samoa,WSM,2011,98.80613
Samoa,WSM,2012,97.71857
Samoa,WSM,2014,99.81348
Samoa,WSM,2015,99.34139
Samoa,WSM,2016,99.877235
Samoa,WSM,2017,99.62508
Samoa,WSM,2018,99.24808
Samoa,WSM,2019,97.70581
Samoa,WSM,2020,93.93138
Samoa,WSM,2021,99.96155
Samoa,WSM,2022,99.53804
Samoa,WSM,2023,96.382744
Samoa,WSM,2024,98.1908
San Marino,SMR,1979,93.66325
San Marino,SMR,1980,94.7995
San Marino,SMR,1981,95.44288
San Marino,SMR,1982,96.14631
San Marino,SMR,1983,96.44737
San Marino,SMR,1984,95.69821
San Marino,SMR,1985,96.14865
San Marino,SMR,1986,95.87912
San Marino,SMR,1987,99.7061
San Marino,SMR,1988,97.62814
San Marino,SMR,1989,98.0092
San Marino,SMR,1990,97.4501
San Marino,SMR,1991,97.89132
San Marino,SMR,1992,98.27303
San Marino,SMR,1993,99.32773
San Marino,SMR,1994,98.96815
San Marino,SMR,1996,94.23559
San Marino,SMR,1997,93.03443
San Marino,SMR,2000,91.7221
San Marino,SMR,2004,98.23249
San Marino,SMR,2008,92.27082
San Marino,SMR,2009,91.87908
San Marino,SMR,2010,91.2075
San Marino,SMR,2011,90.63604
San Marino,SMR,2012,91.8198
San Marino,SMR,2018,95.07003
San Marino,SMR,2019,94.447624
San Marino,SMR,2020,94.40518
San Marino,SMR,2021,93.693695
San Marino,SMR,2022,93.6875
San Marino,SMR,2023,93.233574
San Marino,SMR,2024,93.86793
Sao Tome and Principe,STP,1983,93.82683
Sao Tome and Principe,STP,1984,95.76366
Sao Tome and Principe,STP,1987,96.63917
Sao Tome and Principe,STP,1988,99.09734
Sao Tome and Principe,STP,1990,96.21759
Sao Tome and Principe,STP,1999,79.94691
Sao Tome and Principe,STP,2002,95.1299
Sao Tome and Principe,STP,2003,95.86598
Sao Tome and Principe,STP,2004,97.28272
Sao Tome and Principe,STP,2005,98.03485
Sao Tome and Principe,STP,2007,92.11153
Sao Tome and Principe,STP,2008,92.48225
Sao Tome and Principe,STP,2009,92.92695
Sao Tome and Principe,STP,2010,92.78174
Sao Tome and Principe,STP,2013,91.41274
Sao Tome and Principe,STP,2014,91.38412
Sao Tome and Principe,STP,2015,90.83798
Sao Tome and Principe,STP,2017,97.12267
Saudi Arabia,SAU,1979,69.29266
Saudi Arabia,SAU,2009,98.00531
Saudi Arabia,SAU,2010,97.6013
Saudi Arabia,SAU,2011,96.01903
Saudi Arabia,SAU,2012,96.20696
Saudi Arabia,SAU,2013,92.44651
Saudi Arabia,SAU,2014,94.03375
Saudi Arabia,SAU,2015,96.25625
Saudi Arabia,SAU,2016,97.12402
Saudi Arabia,SAU,2020,97.780945
Saudi Arabia,SAU,2021,96.590576
Saudi Arabia,SAU,2022,97.13525
Saudi Arabia,SAU,2024,99.47324
Senegal,SEN,1820,0.01
Senegal,SEN,1825,0.01
Senegal,SEN,1830,0.02
Senegal,SEN,1835,0.02
Senegal,SEN,1840,0.03
Senegal,SEN,1845,0.04
Senegal,SEN,1850,0.05
Senegal,SEN,1855,0.07
Senegal,SEN,1860,0.09
Senegal,SEN,1865,0.12
Senegal,SEN,1870,0.15
Senegal,SEN,1875,0.2
Senegal,SEN,1880,0.25
Senegal,SEN,1885,0.33
Senegal,SEN,1890,0.43
Senegal,SEN,1895,0.56
Senegal,SEN,1900,0.72
Senegal,SEN,1905,0.94
Senegal,SEN,1910,1.22
Senegal,SEN,1915,1.58
Senegal,SEN,1920,2.04
Senegal,SEN,1925,2.64
Senegal,SEN,1930,3.4
Senegal,SEN,1935,4.38
Senegal,SEN,1940,4.55
Senegal,SEN,1945,6.95
Senegal,SEN,1950,9.34
Senegal,SEN,1955,14.71
Senegal,SEN,1960,19.76
Senegal,SEN,1965,29.27
Senegal,SEN,1970,30
Senegal,SEN,1975,30
Senegal,SEN,1978,29.1365
Senegal,SEN,1979,31.60584
Senegal,SEN,1980,32.67894
Senegal,SEN,1981,33.75436
Senegal,SEN,1982,35.38522
Senegal,SEN,1983,37.26657
Senegal,SEN,1984,38.08448
Senegal,SEN,1985,38.74754
Senegal,SEN,1986,42.95875
Senegal,SEN,1988,43.66856
Senegal,SEN,1989,43.15816
Senegal,SEN,1990,42.66723
Senegal,SEN,1992,42.76238
Senegal,SEN,1994,44.07222
Senegal,SEN,1996,48.50041
Senegal,SEN,1997,52.84904
Senegal,SEN,1998,55.58449
Senegal,SEN,1999,54.79632
Senegal,SEN,2000,58.18487
Senegal,SEN,2003,65.61105
Senegal,SEN,2004,64.17158
Senegal,SEN,2005,65.32781
Senegal,SEN,2006,68.11741
Senegal,SEN,2007,70.48777
Senegal,SEN,2008,71.42818
Senegal,SEN,2009,71.56966
Senegal,SEN,2010,72.41754
Senegal,SEN,2011,73.01362
Senegal,SEN,2012,75.91409
Senegal,SEN,2013,75.164986
Senegal,SEN,2014,75.78306
Senegal,SEN,2015,75.74477
Senegal,SEN,2019,75.32565
Senegal,SEN,2020,77.07431
Senegal,SEN,2021,75.10657
Senegal,SEN,2022,75.07318
Senegal,SEN,2023,75.948906
Senegal,SEN,2024,75.473946
Serbia,SRB,1820,0.49
Serbia,SRB,1825,0.6
Serbia,SRB,1830,0.73
Serbia,SRB,1835,0.89
Serbia,SRB,1840,1.08
Serbia,SRB,1845,1.31
Serbia,SRB,1850,1.6
Serbia,SRB,1855,1.94
Serbia,SRB,1860,2.35
Serbia,SRB,1865,2.85
Serbia,SRB,1870,3.45
Serbia,SRB,1875,6.19
Serbia,SRB,1880,8.93
Serbia,SRB,1885,11.67
Serbia,SRB,1890,14.41
Serbia,SRB,1895,16.78
Serbia,SRB,1900,19.16
Serbia,SRB,1905,21.25
Serbia,SRB,1910,23.35
Serbia,SRB,1915,30.04
Serbia,SRB,1920,36.74
Serbia,SRB,1925,42.26
Serbia,SRB,1930,47.77
Serbia,SRB,1935,46.65
Serbia,SRB,1940,45.52
Serbia,SRB,1945,55.89
Serbia,SRB,1950,66.27
Serbia,SRB,1955,75.33
Serbia,SRB,1960,87
Serbia,SRB,1965,84
Serbia,SRB,1970,78
Serbia,SRB,1975,79
Serbia,SRB,1980,80
Serbia,SRB,2005,98.72069
Serbia,SRB,2006,99.17818
Serbia,SRB,2007,98.71397
Serbia,SRB,2008,98.55264
Serbia,SRB,2009,96.54704
Serbia,SRB,2010,94.91872
Serbia,SRB,2011,97.37802
Serbia,SRB,2012,96.35285
Serbia,SRB,2013,96.49696
Serbia,SRB,2014,98.78431
Serbia,SRB,2015,99.11676
Serbia,SRB,2016,99.16856
Serbia,SRB,2017,98.97357
Serbia,SRB,2018,98.56555
Serbia,SRB,2019,98.1568
Serbia,SRB,2020,97.10705
Serbia,SRB,2021,96.25226
Serbia,SRB,2022,96.03727
Serbia,SRB,2024,96.66657
Seychelles,SYC,1979,84.24261
Seychelles,SYC,1993,91.74176
Seychelles,SYC,1994,94.08883
Seychelles,SYC,1995,93.91777
Seychelles,SYC,1996,94.11952
Seychelles,SYC,1998,98.76695
Seychelles,SYC,1999,96.98228
Seychelles,SYC,2000,99.882
Seychelles,SYC,2001,99.38345
Seychelles,SYC,2002,98.7077
Seychelles,SYC,2003,99.08756
Seychelles,SYC,2004,99.89905
Seychelles,SYC,2005,99.20352
Seychelles,SYC,2013,99.91988
Seychelles,SYC,2014,98.49212
Seychelles,SYC,2015,96.62022
Seychelles,SYC,2016,98.14752
Seychelles,SYC,2017,97.23269
Seychelles,SYC,2018,98.35469
Seychelles,SYC,2019,98.39021
Seychelles,SYC,2020,97.49267
Seychelles,SYC,2021,96.811966
Seychelles,SYC,2022,98.07298
Seychelles,SYC,2023,96.67038
Seychelles,SYC,2024,93.19509
Sierra Leone,SLE,1820,0.06
Sierra Leone,SLE,1825,0.07
Sierra Leone,SLE,1830,0.09
Sierra Leone,SLE,1835,0.12
Sierra Leone,SLE,1840,0.16
Sierra Leone,SLE,1845,0.21
Sierra Leone,SLE,1850,0.27
Sierra Leone,SLE,1855,0.35
Sierra Leone,SLE,1860,0.46
Sierra Leone,SLE,1865,0.59
Sierra Leone,SLE,1870,0.77
Sierra Leone,SLE,1875,1
Sierra Leone,SLE,1880,1.3
Sierra Leone,SLE,1885,1.69
Sierra Leone,SLE,1890,2.19
Sierra Leone,SLE,1895,2.83
Sierra Leone,SLE,1900,3.66
Sierra Leone,SLE,1905,3.54
Sierra Leone,SLE,1910,3.42
Sierra Leone,SLE,1915,3.42
Sierra Leone,SLE,1920,3.42
Sierra Leone,SLE,1925,3.78
Sierra Leone,SLE,1930,4.13
Sierra Leone,SLE,1935,4.96
Sierra Leone,SLE,1940,5.79
Sierra Leone,SLE,1945,7.8
Sierra Leone,SLE,1950,8.28
Sierra Leone,SLE,1955,10.68
Sierra Leone,SLE,1960,19.55
Sierra Leone,SLE,1965,24.65
Sierra Leone,SLE,1970,28.9
Sierra Leone,SLE,1975,33.15
Sierra Leone,SLE,1980,38.25
Sierra Leone,SLE,1983,46.86991
Sierra Leone,SLE,2011,94.09286
Sierra Leone,SLE,2012,96.85816
Sierra Leone,SLE,2013,98.77096
Sierra Leone,SLE,2015,98.86896
Sierra Leone,SLE,2016,98.73137
Sierra Leone,SLE,2017,98.36656
Sierra Leone,SLE,2018,97.65818
Sierra Leone,SLE,2019,98.04694
Sierra Leone,SLE,2020,97.86784
Sierra Leone,SLE,2021,97.63786
Sierra Leone,SLE,2023,97.36761
Singapore,SGP,2016,99.98962
Singapore,SGP,2017,99.969185
Singapore,SGP,2018,99.79566
Singapore,SGP,2019,99.89892
Singapore,SGP,2020,99.88422
Singapore,SGP,2021,99.351906
Singapore,SGP,2022,99.0694
Singapore,SGP,2023,99.788445
Sint Maarten (Dutch part),SXM,2012,96.237404
Sint Maarten (Dutch part),SXM,2023,93.21867
Slovakia,SVK,2001,99.35253
Slovakia,SVK,2002,97.97803
Slovakia,SVK,2003,97.59636
Slovakia,SVK,2004,97.47798
Slovakia,SVK,2005,97.2426
Slovakia,SVK,2006,96.58902
Slovakia,SVK,2007,96.74003
Slovakia,SVK,2008,96.32512
Slovakia,SVK,2009,95.53216
Slovakia,SVK,2010,95.20711
Slovakia,SVK,2011,94.5923
Slovakia,SVK,2012,94.27769
Slovakia,SVK,2013,94.12811
Slovakia,SVK,2014,93.65608
Slovakia,SVK,2015,93.74349
Slovakia,SVK,2016,93.30267
Slovakia,SVK,2017,94.05549
Slovakia,SVK,2018,92.99726
Slovakia,SVK,2019,93.99861
Slovakia,SVK,2020,95.02213
Slovakia,SVK,2021,95.66717
Slovakia,SVK,2022,97.14073
Slovakia,SVK,2023,98.7705
Slovakia,SVK,2024,98.93598
Slovenia,SVN,2001,97.71272
Slovenia,SVN,2002,97.12606
Slovenia,SVN,2003,97.37933
Slovenia,SVN,2004,97.27253
Slovenia,SVN,2005,98.06545
Slovenia,SVN,2006,98.42329
Slovenia,SVN,2007,97.37374
Slovenia,SVN,2008,97.81163
Slovenia,SVN,2009,97.86345
Slovenia,SVN,2010,97.93112
Slovenia,SVN,2011,97.80657
Slovenia,SVN,2012,98.00961
Slovenia,SVN,2013,98.00755
Slovenia,SVN,2014,98.07944
Slovenia,SVN,2015,98.28794
Slovenia,SVN,2016,97.79227
Slovenia,SVN,2017,97.93664
Slovenia,SVN,2018,98.48868
Slovenia,SVN,2019,98.71574
Slovenia,SVN,2020,99.00066
Slovenia,SVN,2021,98.49522
Slovenia,SVN,2022,98.79566
Slovenia,SVN,2023,98.5526
Solomon Islands,SLB,2005,73.71917
Solomon Islands,SLB,2006,78.81658
Solomon Islands,SLB,2007,79.27634
Solomon Islands,SLB,2013,98.25289
Solomon Islands,SLB,2014,97.21934
Solomon Islands,SLB,2015,97.15943
Solomon Islands,SLB,2017,67.83895
Solomon Islands,SLB,2018,90.19947
Solomon Islands,SLB,2019,87.907295
Solomon Islands,SLB,2020,74.57904
Solomon Islands,SLB,2023,67.59585
Solomon Islands,SLB,2024,69.860886
Somalia,SOM,1976,17.49799
Somalia,SOM,1977,16.71088
Somalia,SOM,1978,15.06203
Somalia,SOM,1979,15.24145
Somalia,SOM,1980,14.72724
South Africa,ZAF,1820,4.01
South Africa,ZAF,1825,4.86
South Africa,ZAF,1830,5.87
South Africa,ZAF,1835,7.08
South Africa,ZAF,1840,8.51
South Africa,ZAF,1845,10.21
South Africa,ZAF,1850,12.2
South Africa,ZAF,1855,14.51
South Africa,ZAF,1860,17.18
South Africa,ZAF,1865,20.22
South Africa,ZAF,1870,23.65
South Africa,ZAF,1875,29.25
South Africa,ZAF,1880,34.86
South Africa,ZAF,1885,24.13
South Africa,ZAF,1890,13.41
South Africa,ZAF,1895,13.79
South Africa,ZAF,1900,14.18
South Africa,ZAF,1905,17.15
South Africa,ZAF,1910,20.12
South Africa,ZAF,1915,25.21
South Africa,ZAF,1920,30.29
South Africa,ZAF,1925,30.66
South Africa,ZAF,1930,31.04
South Africa,ZAF,1935,31.82
South Africa,ZAF,1940,36.56
South Africa,ZAF,1945,38.86
South Africa,ZAF,1950,40.82
South Africa,ZAF,1955,39.92
South Africa,ZAF,1960,60.23
South Africa,ZAF,1965,60.91
South Africa,ZAF,1970,67.75285
South Africa,ZAF,1975,67.68
South Africa,ZAF,1980,67.68
South Africa,ZAF,1991,85.7332
South Africa,ZAF,1994,83.49156
South Africa,ZAF,1995,82.01441
South Africa,ZAF,1998,81.81639
South Africa,ZAF,1999,83.09468
South Africa,ZAF,2000,82.21232
South Africa,ZAF,2001,83.31168
South Africa,ZAF,2002,84.86384
South Africa,ZAF,2003,85.97647
South Africa,ZAF,2004,86.67905
South Africa,ZAF,2005,86.98219
South Africa,ZAF,2015,95.08696
South Africa,ZAF,2017,93.724
South Africa,ZAF,2018,90.6948
South Africa,ZAF,2019,91.70322
South Africa,ZAF,2020,91.85063
South Africa,ZAF,2021,96.18734
South Africa,ZAF,2022,94.2223
South Africa,ZAF,2023,93.93595
South America,OWID_SAM,1820,1.2940298
South America,OWID_SAM,1825,1.6481599
South America,OWID_SAM,1830,2.0880601
South America,OWID_SAM,1835,2.5349007
South America,OWID_SAM,1840,3.139226
South America,OWID_SAM,1845,3.395491
South America,OWID_SAM,1850,3.9650347
South America,OWID_SAM,1855,5.113583
South America,OWID_SAM,1860,6.64481
South America,OWID_SAM,1865,8.155521
South America,OWID_SAM,1870,9.922071
South America,OWID_SAM,1875,11.011266
South America,OWID_SAM,1880,11.538558
South America,OWID_SAM,1885,12.390068
South America,OWID_SAM,1890,15.070519
South America,OWID_SAM,1895,16.506683
South America,OWID_SAM,1900,19.837845
South America,OWID_SAM,1905,24.000578
South America,OWID_SAM,1910,27.602192
South America,OWID_SAM,1915,30.897451
South America,OWID_SAM,1920,32.6434
South America,OWID_SAM,1925,39.05815
South America,OWID_SAM,1930,40.97742
South America,OWID_SAM,1935,45.537838
South America,OWID_SAM,1940,50.653316
South America,OWID_SAM,1945,59.2621
South America,OWID_SAM,1950,54.594593
South America,OWID_SAM,1955,61.031727
South America,OWID_SAM,1960,75.57047
South America,OWID_SAM,1965,82.64611
South America,OWID_SAM,1970,72.01523
South America,OWID_SAM,1975,77.9548
South America,OWID_SAM,1980,83.97864
South Korea,KOR,1820,0
South Korea,KOR,1825,0
South Korea,KOR,1830,0
South Korea,KOR,1835,0
South Korea,KOR,1840,0
South Korea,KOR,1845,0
South Korea,KOR,1850,0
South Korea,KOR,1855,0
South Korea,KOR,1860,0
South Korea,KOR,1865,0
South Korea,KOR,1870,0
South Korea,KOR,1875,0
South Korea,KOR,1880,0
South Korea,KOR,1885,0.06
South Korea,KOR,1890,0.17
South Korea,KOR,1895,0.37
South Korea,KOR,1900,0.75
South Korea,KOR,1905,1.4
South Korea,KOR,1910,2.51
South Korea,KOR,1915,6.03
South Korea,KOR,1920,9.32
South Korea,KOR,1925,18.45
South Korea,KOR,1930,27.71
South Korea,KOR,1935,31.8
South Korea,KOR,1940,56.13
South Korea,KOR,1945,61.13
South Korea,KOR,1950,86.91
South Korea,KOR,1955,88.52
South Korea,KOR,1960,85.79
South Korea,KOR,1965,92.17
South Korea,KOR,1970,94
South Korea,KOR,1975,99
South Korea,KOR,1980,100
South Korea,KOR,2000,97.593
South Korea,KOR,2001,97.77262
South Korea,KOR,2002,97.9674
South Korea,KOR,2003,98.79515
South Korea,KOR,2004,98.55203
South Korea,KOR,2005,99.28651
South Korea,KOR,2006,99.43498
South Korea,KOR,2007,99.7615
South Korea,KOR,2008,99.83725
South Korea,KOR,2009,98.74662
South Korea,KOR,2010,99.94262
South Korea,KOR,2011,99.01363
South Korea,KOR,2012,98.76873
South Korea,KOR,2013,97.63721
South Korea,KOR,2014,97.05445
South Korea,KOR,2015,99.83681
South Korea,KOR,2016,99.27799
South Korea,KOR,2017,98.11074
South Korea,KOR,2018,98.13696
South Korea,KOR,2019,99.09291
South Korea,KOR,2020,98.61576
South Korea,KOR,2021,98.48626
South Korea,KOR,2022,98.89652
South Korea,KOR,2023,99.99328
South Korea,KOR,2024,99.94434
South Sudan,SSD,2011,44.6744
South Sudan,SSD,2015,36.26253
South Sudan,SSD,2024,35.26532
Spain,ESP,1820,11.01
Spain,ESP,1825,12.83
Spain,ESP,1830,14.9
Spain,ESP,1835,17.23
Spain,ESP,1840,19.85
Spain,ESP,1845,22.76
Spain,ESP,1850,25.96
Spain,ESP,1855,29.44
Spain,ESP,1860,41.92
Spain,ESP,1865,48.69
Spain,ESP,1870,52.47
Spain,ESP,1875,56.24
Spain,ESP,1880,60.01
Spain,ESP,1885,59.44
Spain,ESP,1890,55.86
Spain,ESP,1895,52.28
Spain,ESP,1900,48.69
Spain,ESP,1905,45.11
Spain,ESP,1910,41.53
Spain,ESP,1915,44.85
Spain,ESP,1920,44.56
Spain,ESP,1925,44.27
Spain,ESP,1930,50.04
Spain,ESP,1935,56.34
Spain,ESP,1940,51.48
Spain,ESP,1945,59.6
Spain,ESP,1950,63.45
Spain,ESP,1955,78.72
Spain,ESP,1960,81.3
Spain,ESP,1965,85
Spain,ESP,1970,94
Spain,ESP,1975,100
Spain,ESP,1980,100
Spain,ESP,2001,99.97597
Spain,ESP,2002,99.95758
Spain,ESP,2003,99.91332
Spain,ESP,2004,99.9255
Spain,ESP,2005,99.85584
Spain,ESP,2006,99.82248
Spain,ESP,2007,99.90647
Spain,ESP,2008,99.43866
Spain,ESP,2009,99.11818
Spain,ESP,2010,98.20627
Spain,ESP,2011,98.03857
Spain,ESP,2012,97.71303
Spain,ESP,2013,97.48941
Spain,ESP,2014,97.38143
Spain,ESP,2015,97.29048
Spain,ESP,2016,97.44046
Spain,ESP,2017,97.66908
Spain,ESP,2018,97.99746
Spain,ESP,2019,98.39462
Spain,ESP,2020,98.61931
Spain,ESP,2021,98.58373
Spain,ESP,2022,98.72277
Spain,ESP,2023,98.71195
Spain,ESP,2024,98.7626
Sri Lanka,LKA,1820,2.95
Sri Lanka,LKA,1825,3.78
Sri Lanka,LKA,1830,4.84
Sri Lanka,LKA,1835,4.65
Sri Lanka,LKA,1840,4.45
Sri Lanka,LKA,1845,4.24
Sri Lanka,LKA,1850,4.03
Sri Lanka,LKA,1855,4.91
Sri Lanka,LKA,1860,5.78
Sri Lanka,LKA,1865,6.58
Sri Lanka,LKA,1870,7.38
Sri Lanka,LKA,1875,11.92
Sri Lanka,LKA,1880,16.45
Sri Lanka,LKA,1885,20.71
Sri Lanka,LKA,1890,24.97
Sri Lanka,LKA,1895,27.75
Sri Lanka,LKA,1900,30.54
Sri Lanka,LKA,1905,36.66
Sri Lanka,LKA,1910,42.77
Sri Lanka,LKA,1915,43.97
Sri Lanka,LKA,1920,45.17
Sri Lanka,LKA,1925,46.64
Sri Lanka,LKA,1930,48.11
Sri Lanka,LKA,1935,57.27
Sri Lanka,LKA,1940,47.96
Sri Lanka,LKA,1945,62.11
Sri Lanka,LKA,1950,74.96
Sri Lanka,LKA,1955,72.52
Sri Lanka,LKA,1960,67.42
Sri Lanka,LKA,1965,66
Sri Lanka,LKA,1970,96.12
Sri Lanka,LKA,1975,74.76
Sri Lanka,LKA,1977,79.40966
Sri Lanka,LKA,1980,95.15
Sri Lanka,LKA,1986,98.05828
Sri Lanka,LKA,2001,96.8481
Sri Lanka,LKA,2002,95.7452
Sri Lanka,LKA,2003,94.23252
Sri Lanka,LKA,2004,92.19753
Sri Lanka,LKA,2005,91.97714
Sri Lanka,LKA,2006,92.09383
Sri Lanka,LKA,2007,92.37595
Sri Lanka,LKA,2008,92.38506
Sri Lanka,LKA,2009,91.0236
Sri Lanka,LKA,2010,92.89528
Sri Lanka,LKA,2011,92.77904
Sri Lanka,LKA,2012,92.53726
Sri Lanka,LKA,2013,99.73626
Sri Lanka,LKA,2014,93.6455
Sri Lanka,LKA,2015,96.05851
Sri Lanka,LKA,2016,96.20997
Sri Lanka,LKA,2017,99.664764
Sri Lanka,LKA,2018,99.82772
Sri Lanka,LKA,2019,99.50796
Sri Lanka,LKA,2020,99.26297
Sri Lanka,LKA,2021,98.03265
Sri Lanka,LKA,2022,92.24542
Sri Lanka,LKA,2023,90.8628
Sub-Saharan Africa (SDG),,2000,62.6
Sub-Saharan Africa (SDG),,2001,64.6
Sub-Saharan Africa (SDG),,2002,66.5
Sub-Saharan Africa (SDG),,2003,68.2
Sub-Saharan Africa (SDG),,2004,69.6
Sub-Saharan Africa (SDG),,2005,70.8
Sub-Saharan Africa (SDG),,2006,72
Sub-Saharan Africa (SDG),,2007,73.2
Sub-Saharan Africa (SDG),,2008,74.3
Sub-Saharan Africa (SDG),,2009,75.2
Sub-Saharan Africa (SDG),,2010,76
Sub-Saharan Africa (SDG),,2011,76.7
Sub-Saharan Africa (SDG),,2012,77.1
Sub-Saharan Africa (SDG),,2013,77.4
Sub-Saharan Africa (SDG),,2014,77.5
Sub-Saharan Africa (SDG),,2015,77.6
Sub-Saharan Africa (SDG),,2016,77.6
Sub-Saharan Africa (SDG),,2017,77.7
Sub-Saharan Africa (SDG),,2018,77.8
Sub-Saharan Africa (SDG),,2019,78
Sub-Saharan Africa (SDG),,2020,78.3
Sub-Saharan Africa (SDG),,2021,78.8
Sub-Saharan Africa (SDG),,2022,79.3
Sub-Saharan Africa (SDG),,2023,79.6
Sub-Saharan Africa (SDG),,2024,80
Sub-Saharan Africa (SDG),,2025,80.3
Sudan,SDN,1820,0.01
Sudan,SDN,1825,0.02
Sudan,SDN,1830,0.02
Sudan,SDN,1835,0.03
Sudan,SDN,1840,0.04
Sudan,SDN,1845,0.05
Sudan,SDN,1850,0.07
Sudan,SDN,1855,0.09
Sudan,SDN,1860,0.11
Sudan,SDN,1865,0.14
Sudan,SDN,1870,0.18
Sudan,SDN,1875,0.24
Sudan,SDN,1880,0.31
Sudan,SDN,1885,0.4
Sudan,SDN,1890,0.51
Sudan,SDN,1895,0.66
Sudan,SDN,1900,0.85
Sudan,SDN,1905,1.1
Sudan,SDN,1910,1.41
Sudan,SDN,1915,2.12
Sudan,SDN,1920,2.82
Sudan,SDN,1925,3.56
Sudan,SDN,1930,4.3
Sudan,SDN,1935,4.05
Sudan,SDN,1940,4.46
Sudan,SDN,1945,5.27
Sudan,SDN,1950,14.11
Sudan,SDN,1955,14.04
Sudan,SDN,1960,24.5
Sudan,SDN,1965,28.42
Sudan,SDN,1970,37.24
Sudan,SDN,1975,46.53
Sudan,SDN,1980,50
Sudan,SDN,2011,54.9422
Sudan,SDN,2012,51.40233
Sudan,SDN,2013,52.11831
Sudan,SDN,2014,52.25602
Sudan,SDN,2015,52.70552
Sudan,SDN,2016,54.45721
Sudan,SDN,2017,56.51852
Sudan,SDN,2018,61.24746
Sudan,SDN,2019,56.16216
Suriname,SUR,1977,94.53197
Suriname,SUR,1978,95.95788
Suriname,SUR,1985,93.53881
Suriname,SUR,1987,88.6137
Suriname,SUR,1988,88.4899
Suriname,SUR,1989,92.97589
Suriname,SUR,2005,81.95415
Suriname,SUR,2006,81.90785
Suriname,SUR,2007,78.09651
Suriname,SUR,2008,82.09022
Suriname,SUR,2009,84.00006
Suriname,SUR,2010,81.91919
Suriname,SUR,2011,81.37472
Suriname,SUR,2012,82.10725
Suriname,SUR,2013,82.68942
Suriname,SUR,2014,83.13809
Suriname,SUR,2015,85.96661
Suriname,SUR,2016,86.27174
Suriname,SUR,2017,80.93739
Suriname,SUR,2018,80.90278
Suriname,SUR,2019,83.59551
Suriname,SUR,2020,82.05298
Suriname,SUR,2021,78.21666
Suriname,SUR,2022,70.20199
Suriname,SUR,2023,60.394222
Suriname,SUR,2024,83.77785
Sweden,SWE,1820,80.73
Sweden,SWE,1825,82.45
Sweden,SWE,1830,84.06
Sweden,SWE,1835,85.55
Sweden,SWE,1840,86.94
Sweden,SWE,1845,88.21
Sweden,SWE,1850,89.39
Sweden,SWE,1855,90.47
Sweden,SWE,1860,91.46
Sweden,SWE,1865,92.37
Sweden,SWE,1870,100
Sweden,SWE,1875,100
Sweden,SWE,1880,100
Sweden,SWE,1885,100
Sweden,SWE,1890,100
Sweden,SWE,1895,100
Sweden,SWE,1900,100
Sweden,SWE,1905,100
Sweden,SWE,1910,100
Sweden,SWE,1915,100
Sweden,SWE,1920,100
Sweden,SWE,1925,99.72
Sweden,SWE,1930,100
Sweden,SWE,1935,98.87
Sweden,SWE,1940,100
Sweden,SWE,1945,100
Sweden,SWE,1950,100
Sweden,SWE,1955,100
Sweden,SWE,1960,94
Sweden,SWE,1965,93.37
Sweden,SWE,1970,92.73
Sweden,SWE,1975,100
Sweden,SWE,1980,96.36
Sweden,SWE,2001,99.5901
Sweden,SWE,2002,99.65829
Sweden,SWE,2003,99.65837
Sweden,SWE,2004,99.62543
Sweden,SWE,2005,99.64692
Sweden,SWE,2006,99.70051
Sweden,SWE,2007,99.68562
Sweden,SWE,2008,99.70642
Sweden,SWE,2009,99.55915
Sweden,SWE,2010,99.19135
Sweden,SWE,2011,97.64649
Sweden,SWE,2012,99.45785
Sweden,SWE,2013,99.12246
Sweden,SWE,2014,98.71754
Sweden,SWE,2015,99.19862
Sweden,SWE,2016,99.59467
Sweden,SWE,2017,99.84316
Sweden,SWE,2018,99.53254
Sweden,SWE,2019,99.24224
Sweden,SWE,2020,99.31613
Sweden,SWE,2021,99.49228
Sweden,SWE,2022,99.43309
Sweden,SWE,2023,99.57429
Sweden,SWE,2024,99.42956
Switzerland,CHE,1820,63.59
Switzerland,CHE,1825,65.13
Switzerland,CHE,1830,66.63
Switzerland,CHE,1835,69.23
Switzerland,CHE,1840,71.83
Switzerland,CHE,1845,74.43
Switzerland,CHE,1850,77.03
Switzerland,CHE,1855,79.62
Switzerland,CHE,1860,82.22
Switzerland,CHE,1865,84.82
Switzerland,CHE,1870,87.42
Switzerland,CHE,1875,90.02
Switzerland,CHE,1880,92.62
Switzerland,CHE,1885,96.43
Switzerland,CHE,1890,92.92
Switzerland,CHE,1895,90.86
Switzerland,CHE,1900,89.01
Switzerland,CHE,1905,91.21
Switzerland,CHE,1910,86.66
Switzerland,CHE,1915,88.3
Switzerland,CHE,1920,86.97
Switzerland,CHE,1925,85.44
Switzerland,CHE,1930,85.86
Switzerland,CHE,1935,89.09
Switzerland,CHE,1940,86.88
Switzerland,CHE,1945,81.32
Switzerland,CHE,1950,83.98
Switzerland,CHE,1955,87.22
Switzerland,CHE,1960,100
Switzerland,CHE,1965,80.11
Switzerland,CHE,1970,78.27
Switzerland,CHE,1975,84.71
Switzerland,CHE,1980,92.08
Switzerland,CHE,2000,99.39583
Switzerland,CHE,2001,99.3472
Switzerland,CHE,2002,99.82085
Switzerland,CHE,2003,99.7675
Switzerland,CHE,2004,99.86456
Switzerland,CHE,2009,99.61606
Switzerland,CHE,2010,99.64648
Switzerland,CHE,2011,99.03791
Switzerland,CHE,2012,98.62373
Switzerland,CHE,2013,99.955
Switzerland,CHE,2014,99.9874
Switzerland,CHE,2015,99.9673
Switzerland,CHE,2016,99.91309
Switzerland,CHE,2017,99.87383
Switzerland,CHE,2018,99.86921
Switzerland,CHE,2019,99.89433
Switzerland,CHE,2020,99.86261
Switzerland,CHE,2021,99.76479
Switzerland,CHE,2022,99.73668
Switzerland,CHE,2023,99.95301
Switzerland,CHE,2024,99.85698
Syria,SYR,1820,0.02
Syria,SYR,1825,0.03
Syria,SYR,1830,0.04
Syria,SYR,1835,0.06
Syria,SYR,1840,0.08
Syria,SYR,1845,0.12
Syria,SYR,1850,0.16
Syria,SYR,1855,0.22
Syria,SYR,1860,0.31
Syria,SYR,1865,0.43
Syria,SYR,1870,0.59
Syria,SYR,1875,0.82
Syria,SYR,1880,1.14
Syria,SYR,1885,1.57
Syria,SYR,1890,2.17
Syria,SYR,1895,2.99
Syria,SYR,1900,4.1
Syria,SYR,1905,5.61
Syria,SYR,1910,7.62
Syria,SYR,1915,10.28
Syria,SYR,1920,13.74
Syria,SYR,1925,18.12
Syria,SYR,1930,23.52
Syria,SYR,1935,24.91
Syria,SYR,1940,28.3
Syria,SYR,1945,34.84
Syria,SYR,1950,59.99
Syria,SYR,1955,54.99
Syria,SYR,1960,55.83
Syria,SYR,1965,67
Syria,SYR,1970,70
Syria,SYR,1971,71.46528
Syria,SYR,1973,79.97456
Syria,SYR,1974,82.01071
Syria,SYR,1975,82.1625
Syria,SYR,1976,83.61691
Syria,SYR,1977,83.67335
Syria,SYR,1978,81.9727
Syria,SYR,1979,82.12497
Syria,SYR,1980,83.50742
Syria,SYR,1981,84.09971
Syria,SYR,1982,84.84385
Syria,SYR,1983,85.74309
Syria,SYR,1984,87.85412
Syria,SYR,1985,89.52887
Syria,SYR,1986,91.30518
Syria,SYR,1987,94.95593
Syria,SYR,1988,95.18226
Syria,SYR,1989,95.92874
Syria,SYR,1990,95.85837
Syria,SYR,1991,96.04252
Syria,SYR,1992,96.40679
Syria,SYR,1993,96.41085
Syria,SYR,1994,96.60245
Syria,SYR,1995,95.21639
Syria,SYR,1996,93.88771
Syria,SYR,1997,92.6991
Syria,SYR,1998,93.28669
Syria,SYR,1999,93.95701
Syria,SYR,2000,93.78223
Syria,SYR,2001,93.56497
Syria,SYR,2002,94.95026
Syria,SYR,2003,97.96802
Syria,SYR,2004,98.37422
Syria,SYR,2005,98.47924
Syria,SYR,2006,98.55051
Syria,SYR,2007,98.5897
Syria,SYR,2008,98.72101
Syria,SYR,2009,98.81482
Syria,SYR,2010,98.78214
Syria,SYR,2011,99.05043
Syria,SYR,2012,99.0412
Syria,SYR,2013,64.14005
Syria,SYR,2020,66.55949
Syria,SYR,2021,65.3888
Syria,SYR,2022,68.93001
Syria,SYR,2023,73.66434
Syria,SYR,2024,78.19497
Taiwan,TWN,1820,0
Taiwan,TWN,1825,0
Taiwan,TWN,1830,0
Taiwan,TWN,1835,0
Taiwan,TWN,1840,0
Taiwan,TWN,1845,0
Taiwan,TWN,1850,0
Taiwan,TWN,1855,0
Taiwan,TWN,1860,0
Taiwan,TWN,1865,0
Taiwan,TWN,1870,0
Taiwan,TWN,1875,0
Taiwan,TWN,1880,0.18
Taiwan,TWN,1885,0.53
Taiwan,TWN,1890,1.21
Taiwan,TWN,1895,2.44
Taiwan,TWN,1900,4.56
Taiwan,TWN,1905,5.8
Taiwan,TWN,1910,7.05
Taiwan,TWN,1915,25.95
Taiwan,TWN,1920,44.85
Taiwan,TWN,1925,51.77
Taiwan,TWN,1930,58.68
Taiwan,TWN,1935,70.1
Taiwan,TWN,1940,100
Taiwan,TWN,1945,100
Taiwan,TWN,1950,100
Taiwan,TWN,1955,100
Taiwan,TWN,1960,94.08
Taiwan,TWN,1965,95.06
Taiwan,TWN,1970,96.04
Taiwan,TWN,1975,97.02
Taiwan,TWN,1980,98
Tajikistan,TJK,1999,93.70253
Tajikistan,TJK,2000,93.14905
Tajikistan,TJK,2001,92.56406
Tajikistan,TJK,2002,94.07329
Tajikistan,TJK,2003,93.0269
Tajikistan,TJK,2004,93.27449
Tajikistan,TJK,2005,93.56189
Tajikistan,TJK,2006,93.3467
Tajikistan,TJK,2007,93.6972
Tajikistan,TJK,2008,94.83448
Tajikistan,TJK,2009,96.13036
Tajikistan,TJK,2010,97.40257
Tajikistan,TJK,2011,96.92742
Tajikistan,TJK,2012,92.75356
Tajikistan,TJK,2013,90.86366
Tajikistan,TJK,2014,90.6193
Tajikistan,TJK,2015,91.72414
Tajikistan,TJK,2016,93.43648
Tajikistan,TJK,2017,95.84917
Tanzania,TZA,1976,50.0932
Tanzania,TZA,1980,69.89537
Tanzania,TZA,1981,67.97502
Tanzania,TZA,1982,62.57581
Tanzania,TZA,1983,60.88825
Tanzania,TZA,1984,57.22685
Tanzania,TZA,1985,54.14143
Tanzania,TZA,1986,52.55879
Tanzania,TZA,1987,51.09382
Tanzania,TZA,1988,49.4782
Tanzania,TZA,1989,49.6251
Tanzania,TZA,1990,49.20849
Tanzania,TZA,1991,48.93027
Tanzania,TZA,1992,49.53229
Tanzania,TZA,1993,49.32349
Tanzania,TZA,1994,48.56283
Tanzania,TZA,1995,48.73285
Tanzania,TZA,1996,49.14691
Tanzania,TZA,1997,49.90959
Tanzania,TZA,1998,49.66353
Tanzania,TZA,1999,50.31117
Tanzania,TZA,2000,54.06755
Tanzania,TZA,2001,58.91111
Tanzania,TZA,2002,74.14738
Tanzania,TZA,2003,82.58117
Tanzania,TZA,2004,86.62971
Tanzania,TZA,2005,90.65289
Tanzania,TZA,2006,95.4975
Tanzania,TZA,2008,96.24271
Tanzania,TZA,2010,90.19109
Tanzania,TZA,2011,89.47321
Tanzania,TZA,2012,86.54087
Tanzania,TZA,2013,83.78173
Tanzania,TZA,2014,82.50243
Tanzania,TZA,2015,80.46437
Tanzania,TZA,2016,84.54288
Tanzania,TZA,2017,84.92256
Tanzania,TZA,2018,83.06589
Tanzania,TZA,2019,85.65785
Tanzania,TZA,2020,86.60509
Tanzania,TZA,2021,87.31655
Tanzania,TZA,2022,87.00236
Tanzania,TZA,2023,85.92417
Tanzania,TZA,2024,83.63337
Thailand,THA,1820,0
Thailand,THA,1825,0
Thailand,THA,1830,0
Thailand,THA,1835,0
Thailand,THA,1840,0
Thailand,THA,1845,0
Thailand,THA,1850,0.02
Thailand,THA,1855,0.04
Thailand,THA,1860,0.09
Thailand,THA,1865,0.17
Thailand,THA,1870,0.31
Thailand,THA,1875,0.53
Thailand,THA,1880,0.89
Thailand,THA,1885,1.45
Thailand,THA,1890,2.32
Thailand,THA,1895,3.64
Thailand,THA,1900,5.63
Thailand,THA,1905,8.55
Thailand,THA,1910,12.71
Thailand,THA,1915,14.33
Thailand,THA,1920,15.95
Thailand,THA,1925,48.75
Thailand,THA,1930,55.37
Thailand,THA,1935,66.12
Thailand,THA,1940,100
Thailand,THA,1945,100
Thailand,THA,1950,100
Thailand,THA,1955,100
Thailand,THA,1960,90
Thailand,THA,1965,71
Thailand,THA,1970,75.55
Thailand,THA,1973,74.37501
Thailand,THA,1974,75.15368
Thailand,THA,1975,75.55
Thailand,THA,1980,90.12
Thailand,THA,2006,95.63805
Thailand,THA,2007,95.05096
Thailand,THA,2008,93.78337
Thailand,THA,2009,92.66954
Thailand,THA,2017,96.70035
Thailand,THA,2018,99.73402
Thailand,THA,2019,99.45004
Thailand,THA,2020,99.607346
Thailand,THA,2021,99.4948
Thailand,THA,2022,99.687485
Thailand,THA,2023,98.39104
Thailand,THA,2024,99.44823
Thailand,THA,2025,99.18281
Togo,TGO,1820,0.02
Togo,TGO,1825,0.03
Togo,TGO,1830,0.04
Togo,TGO,1835,0.06
Togo,TGO,1840,0.08
Togo,TGO,1845,0.1
Togo,TGO,1850,0.14
Togo,TGO,1855,0.18
Togo,TGO,1860,0.25
Togo,TGO,1865,0.33
Togo,TGO,1870,0.45
Togo,TGO,1875,0.61
Togo,TGO,1880,0.82
Togo,TGO,1885,1.1
Togo,TGO,1890,1.47
Togo,TGO,1895,1.98
Togo,TGO,1900,2.65
Togo,TGO,1905,3.54
Togo,TGO,1910,4.72
Togo,TGO,1915,4.2
Togo,TGO,1920,3.68
Togo,TGO,1925,3.16
Togo,TGO,1930,2.65
Togo,TGO,1935,3.49
Togo,TGO,1940,5.14
Togo,TGO,1945,6.07
Togo,TGO,1950,18.22
Togo,TGO,1955,22.52
Togo,TGO,1960,32.85
Togo,TGO,1965,41.06
Togo,TGO,1970,53
Togo,TGO,1971,47.14362
Togo,TGO,1972,48.2867
Togo,TGO,1975,72.54
Togo,TGO,1978,64.76989
Togo,TGO,1979,65.92439
Togo,TGO,1980,66.10535
Togo,TGO,1982,63.49564
Togo,TGO,1983,61.53514
Togo,TGO,1984,55.41564
Togo,TGO,1985,53.96256
Togo,TGO,1986,50.01608
Togo,TGO,1987,58.97331
Togo,TGO,1988,59.76483
Togo,TGO,1989,60.37338
Togo,TGO,1990,61.71494
Togo,TGO,1991,64.11953
Togo,TGO,1994,65.10715
Togo,TGO,1995,72.56884
Togo,TGO,1996,78.95826
Togo,TGO,1997,75.71542
Togo,TGO,1999,87.5209
Togo,TGO,2000,83.46078
Togo,TGO,2001,85.46429
Togo,TGO,2002,89.39404
Togo,TGO,2003,86.204
Togo,TGO,2004,88.83768
Togo,TGO,2005,88.28623
Togo,TGO,2006,91.33394
Togo,TGO,2007,87.18414
Togo,TGO,2008,88.60405
Togo,TGO,2014,90.93749
Togo,TGO,2015,92.259186
Togo,TGO,2016,89.28168
Togo,TGO,2017,90.773224
Togo,TGO,2018,90.33102
Togo,TGO,2019,91.9388
Togo,TGO,2020,95.65275
Togo,TGO,2021,96.46665
Togo,TGO,2022,99.11883
Togo,TGO,2023,99.23508
Togo,TGO,2024,99.361404
Tokelau,TKL,2016,82.608696
Tokelau,TKL,2019,80
Tokelau,TKL,2020,76.734695
Tokelau,TKL,2021,79.83539
Tokelau,TKL,2023,66.666664
Tokelau,TKL,2024,34.024895
Tokelau,TKL,2025,36.29032
Tonga,TON,1970,95.4481
Tonga,TON,1971,97.25097
Tonga,TON,1972,98.20505
Tonga,TON,1974,93.88522
Tonga,TON,1975,97.40584
Tonga,TON,1978,97.90162
Tonga,TON,1982,86.74692
Tonga,TON,1983,77.59306
Tonga,TON,1984,87.60805
Tonga,TON,1985,87.21635
Tonga,TON,1986,87.36617
Tonga,TON,1990,86.77323
Tonga,TON,1993,86.72383
Tonga,TON,1998,89.79578
Tonga,TON,1999,91.43693
Tonga,TON,2001,98.76392
Tonga,TON,2004,99.61539
Tonga,TON,2005,99.9367
Tonga,TON,2006,99.90937
Tonga,TON,2012,96.82345
Tonga,TON,2013,96.83318
Tonga,TON,2014,96.71717
Tonga,TON,2015,97.73962
Tonga,TON,2018,99.785614
Tonga,TON,2019,99.97638
Tonga,TON,2020,99.65484
Tonga,TON,2021,96.30411
Tonga,TON,2022,97.71959
Tonga,TON,2023,98.13482
Trinidad and Tobago,TTO,1820,3.1
Trinidad and Tobago,TTO,1825,3.76
Trinidad and Tobago,TTO,1830,4.55
Trinidad and Tobago,TTO,1835,5.49
Trinidad and Tobago,TTO,1840,6.63
Trinidad and Tobago,TTO,1845,7.97
Trinidad and Tobago,TTO,1850,9.56
Trinidad and Tobago,TTO,1855,11.43
Trinidad and Tobago,TTO,1860,19.54
Trinidad and Tobago,TTO,1865,18.43
Trinidad and Tobago,TTO,1870,17.05
Trinidad and Tobago,TTO,1875,31.54
Trinidad and Tobago,TTO,1880,34.14
Trinidad and Tobago,TTO,1885,36.07
Trinidad and Tobago,TTO,1890,59.26
Trinidad and Tobago,TTO,1895,58.01
Trinidad and Tobago,TTO,1900,68.9
Trinidad and Tobago,TTO,1905,86.24
Trinidad and Tobago,TTO,1910,90
Trinidad and Tobago,TTO,1915,81.86
Trinidad and Tobago,TTO,1920,80.54
Trinidad and Tobago,TTO,1925,89.52
Trinidad and Tobago,TTO,1930,91.67
Trinidad and Tobago,TTO,1935,97.08
Trinidad and Tobago,TTO,1940,99.43
Trinidad and Tobago,TTO,1945,97.96
Trinidad and Tobago,TTO,1950,100
Trinidad and Tobago,TTO,1955,100
Trinidad and Tobago,TTO,1960,87
Trinidad and Tobago,TTO,1965,96
Trinidad and Tobago,TTO,1970,87
Trinidad and Tobago,TTO,1971,91.16366
Trinidad and Tobago,TTO,1972,91.69315
Trinidad and Tobago,TTO,1973,91.62056
Trinidad and Tobago,TTO,1974,91.40138
Trinidad and Tobago,TTO,1975,91.54454
Trinidad and Tobago,TTO,1976,93.19571
Trinidad and Tobago,TTO,1977,92.22033
Trinidad and Tobago,TTO,1978,89.28611
Trinidad and Tobago,TTO,1979,84.41423
Trinidad and Tobago,TTO,1980,81.89704
Trinidad and Tobago,TTO,1981,87.58303
Trinidad and Tobago,TTO,1982,89.64438
Trinidad and Tobago,TTO,1983,89.99869
Trinidad and Tobago,TTO,1984,89.27034
Trinidad and Tobago,TTO,1985,89.36268
Trinidad and Tobago,TTO,1986,86.93097
Trinidad and Tobago,TTO,1987,88.21948
Trinidad and Tobago,TTO,1988,89.02831
Trinidad and Tobago,TTO,1989,88.335
Trinidad and Tobago,TTO,1990,87.73564
Trinidad and Tobago,TTO,1991,88.38525
Trinidad and Tobago,TTO,1992,88.88344
Trinidad and Tobago,TTO,1993,88.51392
Trinidad and Tobago,TTO,1996,87.27135
Trinidad and Tobago,TTO,1997,86.45156
Trinidad and Tobago,TTO,1999,95.39371
Trinidad and Tobago,TTO,2000,96.6021
Trinidad and Tobago,TTO,2001,95.81197
Trinidad and Tobago,TTO,2002,90.83488
Trinidad and Tobago,TTO,2003,91.3622
Trinidad and Tobago,TTO,2004,93.50561
Trinidad and Tobago,TTO,2005,90.40645
Trinidad and Tobago,TTO,2007,97.32587
Trinidad and Tobago,TTO,2008,91.80992
Trinidad and Tobago,TTO,2009,92.81949
Trinidad and Tobago,TTO,2010,94.36853
Trinidad and Tobago,TTO,2023,70.69928
Trinidad and Tobago,TTO,2024,92.83555
Tunisia,TUN,1820,0.01
Tunisia,TUN,1825,0.01
Tunisia,TUN,1830,0.01
Tunisia,TUN,1835,0.02
Tunisia,TUN,1840,0.02
Tunisia,TUN,1845,0.03
Tunisia,TUN,1850,0.04
Tunisia,TUN,1855,0.06
Tunisia,TUN,1860,0.08
Tunisia,TUN,1865,0.11
Tunisia,TUN,1870,0.16
Tunisia,TUN,1875,0.22
Tunisia,TUN,1880,0.3
Tunisia,TUN,1885,0.41
Tunisia,TUN,1890,0.57
Tunisia,TUN,1895,0.79
Tunisia,TUN,1900,1.09
Tunisia,TUN,1905,1.5
Tunisia,TUN,1910,2.06
Tunisia,TUN,1915,2.82
Tunisia,TUN,1920,3.86
Tunisia,TUN,1925,5.26
Tunisia,TUN,1930,7.13
Tunisia,TUN,1935,9.6
Tunisia,TUN,1940,12.81
Tunisia,TUN,1945,16.89
Tunisia,TUN,1950,21.95
Tunisia,TUN,1955,30.75
Tunisia,TUN,1960,50.16
Tunisia,TUN,1965,69.16
Tunisia,TUN,1970,76
Tunisia,TUN,1971,79.51521
Tunisia,TUN,1975,73.50875
Tunisia,TUN,1978,74.10098
Tunisia,TUN,1979,75.99559
Tunisia,TUN,1980,78.47799
Tunisia,TUN,1981,80.536
Tunisia,TUN,1982,82.96664
Tunisia,TUN,1983,85.90728
Tunisia,TUN,1984,88.74342
Tunisia,TUN,1985,89.10928
Tunisia,TUN,1986,89.75237
Tunisia,TUN,1987,90.08763
Tunisia,TUN,1988,89.98112
Tunisia,TUN,1989,90.92648
Tunisia,TUN,1990,90.98938
Tunisia,TUN,1991,92.13452
Tunisia,TUN,1992,92.425
Tunisia,TUN,1993,93.36787
Tunisia,TUN,1994,93.72748
Tunisia,TUN,1995,94.70119
Tunisia,TUN,1996,94.45128
Tunisia,TUN,1997,94.21753
Tunisia,TUN,1999,94.64565
Tunisia,TUN,2000,95.18748
Tunisia,TUN,2001,95.9494
Tunisia,TUN,2002,98.3179
Tunisia,TUN,2003,98.91722
Tunisia,TUN,2004,99.12016
Tunisia,TUN,2005,97.21677
Tunisia,TUN,2006,96.96992
Tunisia,TUN,2007,95.71747
Tunisia,TUN,2008,95.64024
Tunisia,TUN,2009,95.79119
Tunisia,TUN,2010,96.6818
Tunisia,TUN,2011,96.80164
Tunisia,TUN,2012,98.92899
Tunisia,TUN,2013,99.22647
Tunisia,TUN,2014,99.13196
Tunisia,TUN,2015,99.09328
Tunisia,TUN,2016,98.95471
Tunisia,TUN,2017,98.93446
Tunisia,TUN,2018,98.90907
Tunisia,TUN,2020,98.23471
Tunisia,TUN,2021,98.28619
Tunisia,TUN,2022,98.42971
Tunisia,TUN,2023,98.90581
Turkey,TUR,1820,0.03
Turkey,TUR,1825,0.04
Turkey,TUR,1830,0.05
Turkey,TUR,1835,0.07
Turkey,TUR,1840,0.09
Turkey,TUR,1845,0.13
Turkey,TUR,1850,0.17
Turkey,TUR,1855,0.24
Turkey,TUR,1860,0.32
Turkey,TUR,1865,0.44
Turkey,TUR,1870,0.6
Turkey,TUR,1875,0.82
Turkey,TUR,1880,1.11
Turkey,TUR,1885,1.51
Turkey,TUR,1890,2.05
Turkey,TUR,1895,2.77
Turkey,TUR,1900,3.74
Turkey,TUR,1905,5.03
Turkey,TUR,1910,6.74
Turkey,TUR,1915,8.97
Turkey,TUR,1920,11.85
Turkey,TUR,1925,19.19
Turkey,TUR,1930,21.7
Turkey,TUR,1935,28.28
Turkey,TUR,1940,35.55
Turkey,TUR,1945,48.03
Turkey,TUR,1950,57.53
Turkey,TUR,1955,60.08
Turkey,TUR,1960,54.31
Turkey,TUR,1965,73.14
Turkey,TUR,1970,79.66
Turkey,TUR,1974,77.0017
Turkey,TUR,1975,78.21
Turkey,TUR,1980,70.24
Turkey,TUR,1985,89.42413
Turkey,TUR,1986,89.9156
Turkey,TUR,1987,89.33239
Turkey,TUR,1988,90.66924
Turkey,TUR,1989,90.53451
Turkey,TUR,1990,92.32275
Turkey,TUR,1991,91.84743
Turkey,TUR,1992,92.18147
Turkey,TUR,1993,89.78081
Turkey,TUR,1994,88.56442
Turkey,TUR,1995,87.2934
Turkey,TUR,1997,88.28283
Turkey,TUR,2013,99.99157
Turkey,TUR,2014,99.72061
Turkey,TUR,2015,98.65908
Turkey,TUR,2016,98.18962
Turkey,TUR,2017,99.29399
Turkey,TUR,2018,99.79251
Turkey,TUR,2019,99.79764
Turkey,TUR,2020,99.77413
Turkey,TUR,2021,99.78162
Turkey,TUR,2022,99.7368
Turkey,TUR,2023,99.39739
Turkmenistan,TKM,2022,97.85976
Turkmenistan,TKM,2023,97.34189
Turkmenistan,TKM,2024,95.69218
Turks and Caicos Islands,TCA,1994,95.34279
Turks and Caicos Islands,TCA,1997,84.7487
Turks and Caicos Islands,TCA,1999,91.14256
Turks and Caicos Islands,TCA,2000,95.43611
Turks and Caicos Islands,TCA,2001,97.87646
Turks and Caicos Islands,TCA,2002,95.82119
Turks and Caicos Islands,TCA,2003,79.04447
Turks and Caicos Islands,TCA,2004,88.09955
Turks and Caicos Islands,TCA,2005,90.21039
Turks and Caicos Islands,TCA,2009,96.29822
Turks and Caicos Islands,TCA,2014,87.24734
Turks and Caicos Islands,TCA,2015,91.11997
Turks and Caicos Islands,TCA,2017,93.69325
Turks and Caicos Islands,TCA,2018,93.48637
Turks and Caicos Islands,TCA,2020,94.00763
Turks and Caicos Islands,TCA,2021,94.96913
Turks and Caicos Islands,TCA,2022,94.18515
Turks and Caicos Islands,TCA,2023,97.44977
Turks and Caicos Islands,TCA,2024,99.8666
Tuvalu,TUV,2014,98.03833
Tuvalu,TUV,2015,98.44103
Tuvalu,TUV,2016,97.35489
Tuvalu,TUV,2019,91.434845
Tuvalu,TUV,2020,95.60937
Tuvalu,TUV,2021,97.655
Tuvalu,TUV,2022,99.129005
Tuvalu,TUV,2023,99.63588
Tuvalu,TUV,2024,99.46337
Uganda,UGA,1820,0
Uganda,UGA,1825,0
Uganda,UGA,1830,0
Uganda,UGA,1835,0
Uganda,UGA,1840,0
Uganda,UGA,1845,0
Uganda,UGA,1850,0
Uganda,UGA,1855,0
Uganda,UGA,1860,0
Uganda,UGA,1865,0
Uganda,UGA,1870,0
Uganda,UGA,1875,0
Uganda,UGA,1880,0
Uganda,UGA,1885,0
Uganda,UGA,1890,0
Uganda,UGA,1895,0
Uganda,UGA,1900,0
Uganda,UGA,1905,0
Uganda,UGA,1910,0
Uganda,UGA,1915,0
Uganda,UGA,1920,0
Uganda,UGA,1925,2.83
Uganda,UGA,1930,2.75
Uganda,UGA,1935,3.54
Uganda,UGA,1940,7.29
Uganda,UGA,1945,16.83
Uganda,UGA,1950,25.87
Uganda,UGA,1955,34.91
Uganda,UGA,1960,39
Uganda,UGA,1965,53.33
Uganda,UGA,1970,30.24
Uganda,UGA,1975,35.02
Uganda,UGA,1979,34.65373
Uganda,UGA,1980,39
Uganda,UGA,1981,38.09689
Uganda,UGA,1982,40.0287
Uganda,UGA,1986,55.56731
Uganda,UGA,2009,94.64583
Uganda,UGA,2010,91.11917
Uganda,UGA,2011,94.40354
Uganda,UGA,2013,95.88343
Ukraine,UKR,2002,98.00413
Ukraine,UKR,2003,91.91707
Ukraine,UKR,2004,91.83379
Ukraine,UKR,2005,92.31901
Ukraine,UKR,2006,92.26462
Ukraine,UKR,2007,92.44542
Ukraine,UKR,2008,92.33399
Ukraine,UKR,2009,91.85792
Ukraine,UKR,2010,91.554405
Ukraine,UKR,2011,90.86796
Ukraine,UKR,2012,89.76429
Ukraine,UKR,2013,89.28681
Ukraine,UKR,2014,88.67574
Ukraine,UKR,2015,84.032745
Ukraine,UKR,2016,83.739456
Ukraine,UKR,2017,83.539116
Ukraine,UKR,2018,83.1958
Ukraine,UKR,2019,83.617096
Ukraine,UKR,2020,83.65252
Ukraine,UKR,2021,84.12901
Ukraine,UKR,2023,87.98584
Ukraine,UKR,2024,87.06631
United Arab Emirates,ARE,1978,79.48793
United Arab Emirates,ARE,1980,76.39474
United Arab Emirates,ARE,1981,73.02244
United Arab Emirates,ARE,1982,80.25197
United Arab Emirates,ARE,1983,76.07746
United Arab Emirates,ARE,1984,75.14826
United Arab Emirates,ARE,1985,73.49848
United Arab Emirates,ARE,1986,73.16468
United Arab Emirates,ARE,1987,82.03784
United Arab Emirates,ARE,1988,84.28235
United Arab Emirates,ARE,1989,88.43248
United Arab Emirates,ARE,1990,92.39287
United Arab Emirates,ARE,1991,93.92525
United Arab Emirates,ARE,1992,92.04134
United Arab Emirates,ARE,1993,89.73768
United Arab Emirates,ARE,1994,89.02753
United Arab Emirates,ARE,1995,90.51702
United Arab Emirates,ARE,1996,88.01081
United Arab Emirates,ARE,1997,85.11042
United Arab Emirates,ARE,1998,89.99605
United Arab Emirates,ARE,1999,92.1604
United Arab Emirates,ARE,2000,98.64518
United Arab Emirates,ARE,2001,94.75978
United Arab Emirates,ARE,2002,95.13733
United Arab Emirates,ARE,2003,92.31241
United Arab Emirates,ARE,2004,92.50731
United Arab Emirates,ARE,2005,91.84008
United Arab Emirates,ARE,2006,92.36645
United Arab Emirates,ARE,2018,99.08687
United Arab Emirates,ARE,2019,99.78961
United Arab Emirates,ARE,2020,99.8799
United Arab Emirates,ARE,2021,99.70475
United Arab Emirates,ARE,2022,99.99659
United Arab Emirates,ARE,2023,99.82394
United Arab Emirates,ARE,2024,99.99613
United Kingdom,GBR,1820,13.34
United Kingdom,GBR,1825,14.8
United Kingdom,GBR,1830,16.39
United Kingdom,GBR,1835,18.11
United Kingdom,GBR,1840,19.97
United Kingdom,GBR,1845,21.97
United Kingdom,GBR,1850,24.11
United Kingdom,GBR,1855,26.39
United Kingdom,GBR,1860,28.81
United Kingdom,GBR,1865,24.43
United Kingdom,GBR,1870,39
United Kingdom,GBR,1875,49.81
United Kingdom,GBR,1880,77.24
United Kingdom,GBR,1885,77.06
United Kingdom,GBR,1890,93.05
United Kingdom,GBR,1895,95.6
United Kingdom,GBR,1900,97.8
United Kingdom,GBR,1905,100
United Kingdom,GBR,1910,100
United Kingdom,GBR,1915,100
United Kingdom,GBR,1920,100
United Kingdom,GBR,1925,100
United Kingdom,GBR,1930,100
United Kingdom,GBR,1935,100
United Kingdom,GBR,1940,92.37
United Kingdom,GBR,1945,84.73
United Kingdom,GBR,1950,100
United Kingdom,GBR,1955,100
United Kingdom,GBR,1960,86.69
United Kingdom,GBR,1965,86.69
United Kingdom,GBR,1970,98
United Kingdom,GBR,1975,98
United Kingdom,GBR,1980,96
United Kingdom,GBR,2000,99.9482
United Kingdom,GBR,2001,99.95199
United Kingdom,GBR,2002,99.97392
United Kingdom,GBR,2003,99.95772
United Kingdom,GBR,2004,99.41292
United Kingdom,GBR,2005,99.92042
United Kingdom,GBR,2006,98.96228
United Kingdom,GBR,2007,97.63724
United Kingdom,GBR,2008,99.61239
United Kingdom,GBR,2009,99.24986
United Kingdom,GBR,2010,99.4417
United Kingdom,GBR,2011,98.90051
United Kingdom,GBR,2012,98.08729
United Kingdom,GBR,2013,98.09006
United Kingdom,GBR,2014,98.33558
United Kingdom,GBR,2015,98.54903
United Kingdom,GBR,2016,98.73024
United Kingdom,GBR,2017,99.22419
United Kingdom,GBR,2018,99.69099
United Kingdom,GBR,2019,99.9475
United Kingdom,GBR,2020,99.97371
United Kingdom,GBR,2021,99.96638
United Kingdom,GBR,2022,99.92716
United Kingdom,GBR,2023,99.93016
United States,USA,1820,41.44
United States,USA,1825,42.94
United States,USA,1830,53.37
United States,USA,1835,55.38
United States,USA,1840,59.73
United States,USA,1845,70
United States,USA,1850,80.12
United States,USA,1855,88.03
United States,USA,1860,97.46
United States,USA,1865,98.08
United States,USA,1870,100
United States,USA,1875,100
United States,USA,1880,100
United States,USA,1885,100
United States,USA,1890,100
United States,USA,1895,100
United States,USA,1900,100
United States,USA,1905,100
United States,USA,1910,100
United States,USA,1915,100
United States,USA,1920,100
United States,USA,1925,100
United States,USA,1930,100
United States,USA,1935,100
United States,USA,1940,100
United States,USA,1945,100
United States,USA,1950,100
United States,USA,1955,100
United States,USA,1960,100
United States,USA,1965,95.92
United States,USA,1970,95.92
United States,USA,1980,94
United States,USA,1986,95.65829
United States,USA,1987,96.12153
United States,USA,1990,97.01566
United States,USA,1991,96.74785
United States,USA,1993,95.89471
United States,USA,1994,95.84435
United States,USA,1995,97.15577
United States,USA,1996,95.7734
United States,USA,1999,98.14681
United States,USA,2005,99.43481
United States,USA,2013,97.10193
United States,USA,2014,97.97434
United States,USA,2015,98.19414
United States,USA,2016,99.64003
United States,USA,2017,99.57562
United States,USA,2018,99.42579
United States,USA,2019,99.08343
United States,USA,2020,97.99492
United States,USA,2021,95.90488
United States,USA,2022,96.01779
Upper-middle-income countries,OWID_UMC,2000,93.9
Upper-middle-income countries,OWID_UMC,2001,94.1
Upper-middle-income countries,OWID_UMC,2002,94.2
Upper-middle-income countries,OWID_UMC,2003,94.2
Upper-middle-income countries,OWID_UMC,2004,94.3
Upper-middle-income countries,OWID_UMC,2005,94.7
Upper-middle-income countries,OWID_UMC,2006,95.2
Upper-middle-income countries,OWID_UMC,2007,95.6
Upper-middle-income countries,OWID_UMC,2008,96
Upper-middle-income countries,OWID_UMC,2009,96.3
Upper-middle-income countries,OWID_UMC,2010,96.5
Upper-middle-income countries,OWID_UMC,2011,96.7
Upper-middle-income countries,OWID_UMC,2012,96.7
Upper-middle-income countries,OWID_UMC,2013,96.6
Upper-middle-income countries,OWID_UMC,2014,96.5
Upper-middle-income countries,OWID_UMC,2015,96.4
Upper-middle-income countries,OWID_UMC,2016,96.3
Upper-middle-income countries,OWID_UMC,2017,96.3
Upper-middle-income countries,OWID_UMC,2018,96.2
Upper-middle-income countries,OWID_UMC,2019,96.2
Upper-middle-income countries,OWID_UMC,2020,96.2
Upper-middle-income countries,OWID_UMC,2021,96.1
Upper-middle-income countries,OWID_UMC,2022,96.1
Upper-middle-income countries,OWID_UMC,2023,96
Upper-middle-income countries,OWID_UMC,2024,96
Upper-middle-income countries,OWID_UMC,2025,96
Uruguay,URY,1820,2.17
Uruguay,URY,1825,2.71
Uruguay,URY,1830,3.37
Uruguay,URY,1835,4.2
Uruguay,URY,1840,5.21
Uruguay,URY,1845,6.45
Uruguay,URY,1850,7.96
Uruguay,URY,1855,9.8
Uruguay,URY,1860,11.99
Uruguay,URY,1865,14.61
Uruguay,URY,1870,17.68
Uruguay,URY,1875,21.23
Uruguay,URY,1880,26.72
Uruguay,URY,1885,26.25
Uruguay,URY,1890,27.92
Uruguay,URY,1895,30.86
Uruguay,URY,1900,27.91
Uruguay,URY,1905,36.67
Uruguay,URY,1910,49.43
Uruguay,URY,1915,52.77
Uruguay,URY,1920,52.75
Uruguay,URY,1925,56.9
Uruguay,URY,1930,57.97
Uruguay,URY,1935,60.28
Uruguay,URY,1940,67.18
Uruguay,URY,1945,66.36
Uruguay,URY,1950,83.13
Uruguay,URY,1955,85.07
Uruguay,URY,1960,83.77
Uruguay,URY,1965,80
Uruguay,URY,1970,92.65
Uruguay,URY,1975,88.52
Uruguay,URY,1980,87.69
Uruguay,URY,1983,86.73887
Uruguay,URY,1984,86.70349
Uruguay,URY,1985,88.10197
Uruguay,URY,1986,89.07361
Uruguay,URY,1987,89.18004
Uruguay,URY,1991,93.8373
Uruguay,URY,1992,95.50743
Uruguay,URY,1993,95.96889
Uruguay,URY,1994,94.47166
Uruguay,URY,1995,94.42381
Uruguay,URY,1996,94.20585
Uruguay,URY,1997,94.60238
Uruguay,URY,2005,99.68484
Uruguay,URY,2006,97.62678
Uruguay,URY,2007,95.09173
Uruguay,URY,2008,96.62473
Uruguay,URY,2009,97.21083
Uruguay,URY,2010,98.12591
Uruguay,URY,2011,98.84502
Uruguay,URY,2012,98.589935
Uruguay,URY,2013,99.607635
Uruguay,URY,2014,95.39511
Uruguay,URY,2015,99.41288
Uruguay,URY,2016,99.965675
Uruguay,URY,2017,99.74862
Uruguay,URY,2018,99.505714
Uruguay,URY,2019,99.4755
Uruguay,URY,2020,99.63209
Uruguay,URY,2021,99.609344
Uruguay,URY,2022,99.62505
Uruguay,URY,2023,99.96455
Uzbekistan,UZB,2007,94.44082
Uzbekistan,UZB,2008,96.98387
Uzbekistan,UZB,2009,97.48825
Uzbekistan,UZB,2010,96.67713
Uzbekistan,UZB,2011,95.56072
Uzbekistan,UZB,2012,95.13321
Uzbekistan,UZB,2013,95.308876
Uzbekistan,UZB,2014,97.28309
Uzbekistan,UZB,2015,97.65786
Uzbekistan,UZB,2016,98.325775
Uzbekistan,UZB,2017,98.15685
Uzbekistan,UZB,2018,99.62611
Uzbekistan,UZB,2019,98.41444
Uzbekistan,UZB,2020,98.75849
Uzbekistan,UZB,2021,98.54512
Uzbekistan,UZB,2022,95.89019
Uzbekistan,UZB,2023,95.19167
Uzbekistan,UZB,2024,99.43432
Uzbekistan,UZB,2025,99.34453
Vanuatu,VUT,1981,82.0551
Vanuatu,VUT,1989,84.06619
Vanuatu,VUT,1994,100
Vanuatu,VUT,1998,91.06039
Vanuatu,VUT,1999,90.52534
Vanuatu,VUT,2000,93.02494
Vanuatu,VUT,2001,95.01471
Vanuatu,VUT,2002,96.67709
Vanuatu,VUT,2003,96.59503
Vanuatu,VUT,2004,95.5628
Vanuatu,VUT,2005,99.19168
Vanuatu,VUT,2015,99.81123
Vanuatu,VUT,2019,98.82816
Vanuatu,VUT,2020,98.88964
Vanuatu,VUT,2021,99.85653
Vanuatu,VUT,2022,98.36695
Vanuatu,VUT,2023,97.117096
Vanuatu,VUT,2024,97.46909
Venezuela,VEN,1820,0.1
Venezuela,VEN,1825,0.12
Venezuela,VEN,1830,0.16
Venezuela,VEN,1835,0.2
Venezuela,VEN,1840,0.26
Venezuela,VEN,1845,0.34
Venezuela,VEN,1850,0.43
Venezuela,VEN,1855,0.56
Venezuela,VEN,1860,0.72
Venezuela,VEN,1865,0.92
Venezuela,VEN,1870,1.18
Venezuela,VEN,1875,1.52
Venezuela,VEN,1880,1.94
Venezuela,VEN,1885,2.49
Venezuela,VEN,1890,3.18
Venezuela,VEN,1895,3.96
Venezuela,VEN,1900,6.77
Venezuela,VEN,1905,9.24
Venezuela,VEN,1910,11.68
Venezuela,VEN,1915,12.81
Venezuela,VEN,1920,5.2
Venezuela,VEN,1925,22.19
Venezuela,VEN,1930,26.31
Venezuela,VEN,1935,54.13
Venezuela,VEN,1940,54.94
Venezuela,VEN,1945,63.34
Venezuela,VEN,1950,80.05
Venezuela,VEN,1955,87.56
Venezuela,VEN,1960,81
Venezuela,VEN,1965,76
Venezuela,VEN,1970,77
Venezuela,VEN,1971,73.34775
Venezuela,VEN,1972,74.59599
Venezuela,VEN,1973,75.05007
Venezuela,VEN,1974,74.20562
Venezuela,VEN,1975,75.1891
Venezuela,VEN,1976,78.02473
Venezuela,VEN,1977,79.49698
Venezuela,VEN,1978,80.99825
Venezuela,VEN,1979,81.8204
Venezuela,VEN,1980,86
Venezuela,VEN,1999,87.86623
Venezuela,VEN,2000,90.31914
Venezuela,VEN,2001,92.26085
Venezuela,VEN,2002,95.65388
Venezuela,VEN,2003,93.92161
Venezuela,VEN,2004,94.00606
Venezuela,VEN,2005,93.1636
Venezuela,VEN,2006,93.20314
Venezuela,VEN,2007,94.60952
Venezuela,VEN,2008,92.34994
Venezuela,VEN,2009,93.93799
Venezuela,VEN,2010,94.57083
Venezuela,VEN,2011,94.77562
Venezuela,VEN,2012,94.67592
Venezuela,VEN,2013,93.934
Venezuela,VEN,2014,93.32986
Venezuela,VEN,2015,92.96845
Venezuela,VEN,2016,90.49145
Venezuela,VEN,2017,88.43608
Venezuela,VEN,2022,99.46133
Venezuela,VEN,2023,99.44629
Venezuela,VEN,2024,98.02533
Vietnam,VNM,1977,100
Vietnam,VNM,1978,99.71255
Vietnam,VNM,1981,98.6648
Vietnam,VNM,1985,92.10418
Vietnam,VNM,1998,100
Vietnam,VNM,1999,100
Vietnam,VNM,2000,100
Vietnam,VNM,2001,100
Vietnam,VNM,2002,99.65358
Vietnam,VNM,2005,98.08167
Vietnam,VNM,2006,99.03487
Vietnam,VNM,2008,97.94875
Vietnam,VNM,2009,97.82044
Vietnam,VNM,2010,99.88855
Vietnam,VNM,2011,99.17327
Vietnam,VNM,2012,100
Vietnam,VNM,2013,100
Vietnam,VNM,2014,99.66994
Vietnam,VNM,2015,99.445015
Vietnam,VNM,2016,99.846016
Vietnam,VNM,2017,99.305595
Vietnam,VNM,2018,98.54865
Vietnam,VNM,2019,97.8375
Vietnam,VNM,2020,97.93009
Vietnam,VNM,2021,98.69946
Vietnam,VNM,2022,98.115555
Vietnam,VNM,2023,98.318214
Vietnam,VNM,2024,98.26823
World,OWID_WRL,1820,4.1557956
World,OWID_WRL,1825,4.590343
World,OWID_WRL,1830,5.215993
World,OWID_WRL,1835,5.85026
World,OWID_WRL,1840,6.5955806
World,OWID_WRL,1845,7.426057
World,OWID_WRL,1850,8.501925
World,OWID_WRL,1855,9.707677
World,OWID_WRL,1860,11.379996
World,OWID_WRL,1865,12.560686
World,OWID_WRL,1870,16.725353
World,OWID_WRL,1875,18.916994
World,OWID_WRL,1880,21.093943
World,OWID_WRL,1885,22.990704
World,OWID_WRL,1890,24.273136
World,OWID_WRL,1895,26.486969
World,OWID_WRL,1900,27.277828
World,OWID_WRL,1905,29.000483
World,OWID_WRL,1910,32.250828
World,OWID_WRL,1915,33.45449
World,OWID_WRL,1920,35.141075
World,OWID_WRL,1925,38.50994
World,OWID_WRL,1930,44.467052
World,OWID_WRL,1935,46.625275
World,OWID_WRL,1940,47.339893
World,OWID_WRL,1945,51.51595
World,OWID_WRL,1950,56.645
World,OWID_WRL,1955,63.379456
World,OWID_WRL,1960,68.58777
World,OWID_WRL,1965,71.22384
World,OWID_WRL,1970,71.93984
World,OWID_WRL,1975,79.781975
World,OWID_WRL,1980,78.769646
World,OWID_WRL,2000,80.8
World,OWID_WRL,2001,81.5
World,OWID_WRL,2002,82.2
World,OWID_WRL,2003,82.9
World,OWID_WRL,2004,83.8
World,OWID_WRL,2005,84.5
World,OWID_WRL,2006,85.2
World,OWID_WRL,2007,85.9
World,OWID_WRL,2008,86.6
World,OWID_WRL,2009,87.1
World,OWID_WRL,2010,87.7
World,OWID_WRL,2011,88.2
World,OWID_WRL,2012,88.5
World,OWID_WRL,2013,88.7
World,OWID_WRL,2014,88.9
World,OWID_WRL,2015,89
World,OWID_WRL,2016,89.2
World,OWID_WRL,2017,89.3
World,OWID_WRL,2018,89.4
World,OWID_WRL,2019,89.5
World,OWID_WRL,2020,89.6
World,OWID_WRL,2021,89.7
World,OWID_WRL,2022,89.7
World,OWID_WRL,2023,89.7
World,OWID_WRL,2024,89.7
World,OWID_WRL,2025,89.7
Yemen,YEM,1820,0
Yemen,YEM,1825,0
Yemen,YEM,1830,0.01
Yemen,YEM,1835,0.01
Yemen,YEM,1840,0.01
Yemen,YEM,1845,0.01
Yemen,YEM,1850,0.02
Yemen,YEM,1855,0.02
Yemen,YEM,1860,0.03
Yemen,YEM,1865,0.04
Yemen,YEM,1870,0.05
Yemen,YEM,1875,0.06
Yemen,YEM,1880,0.08
Yemen,YEM,1885,0.11
Yemen,YEM,1890,0.15
Yemen,YEM,1895,0.19
Yemen,YEM,1900,0.25
Yemen,YEM,1905,0.33
Yemen,YEM,1910,0.43
Yemen,YEM,1915,0.56
Yemen,YEM,1920,0.74
Yemen,YEM,1925,0.97
Yemen,YEM,1930,1.27
Yemen,YEM,1935,1.66
Yemen,YEM,1940,2.17
Yemen,YEM,1945,2.83
Yemen,YEM,1950,11.49
Yemen,YEM,1955,20.16
Yemen,YEM,1960,6
Yemen,YEM,1965,6.75
Yemen,YEM,1970,9
Yemen,YEM,1975,21.75
Yemen,YEM,1980,35.25
Yemen,YEM,1999,50.09026
Yemen,YEM,2001,58.07944
Yemen,YEM,2003,64.51268
Yemen,YEM,2004,67.07059
Yemen,YEM,2005,68.57762
Yemen,YEM,2008,66.64267
Yemen,YEM,2010,70.13527
Yemen,YEM,2012,71.9074
Yemen,YEM,2013,72.13952
Yemen,YEM,2016,69.37888
Zambia,ZMB,1820,0
Zambia,ZMB,1825,0
Zambia,ZMB,1830,0
Zambia,ZMB,1835,0
Zambia,ZMB,1840,0
Zambia,ZMB,1845,0
Zambia,ZMB,1850,0
Zambia,ZMB,1855,0
Zambia,ZMB,1860,0
Zambia,ZMB,1865,0
Zambia,ZMB,1870,0
Zambia,ZMB,1875,0
Zambia,ZMB,1880,0
Zambia,ZMB,1885,0
Zambia,ZMB,1890,0
Zambia,ZMB,1895,0
Zambia,ZMB,1900,0
Zambia,ZMB,1905,0
Zambia,ZMB,1910,0
Zambia,ZMB,1915,0.59
Zambia,ZMB,1920,1.7
Zambia,ZMB,1925,3.66
Zambia,ZMB,1930,6.88
Zambia,ZMB,1935,13.2
Zambia,ZMB,1940,19.52
Zambia,ZMB,1945,31.66
Zambia,ZMB,1950,43.8
Zambia,ZMB,1955,46.52
Zambia,ZMB,1960,47
Zambia,ZMB,1965,49.71
Zambia,ZMB,1970,80.72
Zambia,ZMB,1972,77.053
Zambia,ZMB,1975,83
Zambia,ZMB,1976,79.22364
Zambia,ZMB,1977,79.02746
Zambia,ZMB,1978,77.84901
Zambia,ZMB,1979,77.3758
Zambia,ZMB,1980,77.39269
Zambia,ZMB,1981,77.58803
Zambia,ZMB,1982,77.69811
Zambia,ZMB,1983,79.38187
Zambia,ZMB,1984,80.55677
Zambia,ZMB,1986,82.23219
Zambia,ZMB,1988,81.10548
Zambia,ZMB,1994,75.05387
Zambia,ZMB,1995,72.91714
Zambia,ZMB,1998,69.77225
Zambia,ZMB,1999,68.28917
Zambia,ZMB,2000,68.07088
Zambia,ZMB,2001,67.7929
Zambia,ZMB,2002,70.77059
Zambia,ZMB,2004,83.68448
Zambia,ZMB,2005,92.15311
Zambia,ZMB,2006,90.29004
Zambia,ZMB,2007,92.88758
Zambia,ZMB,2008,93.60483
Zambia,ZMB,2009,90.82248
Zambia,ZMB,2010,88.317764
Zambia,ZMB,2011,92.32145
Zambia,ZMB,2012,93.81496
Zambia,ZMB,2013,90.6548
Zambia,ZMB,2017,85.172066
Zambia,ZMB,2024,96.48538
Zimbabwe,ZWE,1820,0
Zimbabwe,ZWE,1825,0
Zimbabwe,ZWE,1830,0
Zimbabwe,ZWE,1835,0
Zimbabwe,ZWE,1840,0
Zimbabwe,ZWE,1845,0
Zimbabwe,ZWE,1850,0
Zimbabwe,ZWE,1855,0
Zimbabwe,ZWE,1860,0
Zimbabwe,ZWE,1865,0
Zimbabwe,ZWE,1870,0
Zimbabwe,ZWE,1875,0
Zimbabwe,ZWE,1880,0
Zimbabwe,ZWE,1885,0
Zimbabwe,ZWE,1890,0
Zimbabwe,ZWE,1895,0.81
Zimbabwe,ZWE,1900,2.36
Zimbabwe,ZWE,1905,5.1
Zimbabwe,ZWE,1910,9.61
Zimbabwe,ZWE,1915,20.48
Zimbabwe,ZWE,1920,31.36
Zimbabwe,ZWE,1925,48.61
Zimbabwe,ZWE,1930,65.86
Zimbabwe,ZWE,1935,58.87
Zimbabwe,ZWE,1940,51.89
Zimbabwe,ZWE,1945,58.93
Zimbabwe,ZWE,1950,65.98
Zimbabwe,ZWE,1955,80.39
Zimbabwe,ZWE,1960,74.42
Zimbabwe,ZWE,1965,85.27
Zimbabwe,ZWE,1970,57.36
Zimbabwe,ZWE,1975,56.59
Zimbabwe,ZWE,1980,68.22
Zimbabwe,ZWE,1982,99.85655
Zimbabwe,ZWE,1984,99.49147
Zimbabwe,ZWE,1986,98.79155
Zimbabwe,ZWE,1998,86.4875
Zimbabwe,ZWE,1999,91.05739
Zimbabwe,ZWE,2000,94.71139
Zimbabwe,ZWE,2001,98.5207
Zimbabwe,ZWE,2002,95.70649
Zimbabwe,ZWE,2003,94.39078
Zimbabwe,ZWE,2012,91.50729
Zimbabwe,ZWE,2013,90.05949
Zimbabwe,ZWE,2014,89.61645
Zimbabwe,ZWE,2015,81.25004
Zimbabwe,ZWE,2016,82.3149
Zimbabwe,ZWE,2017,80.55912
Zimbabwe,ZWE,2018,81.23544
Zimbabwe,ZWE,2019,81.61865
Zimbabwe,ZWE,2020,83.08571
Zimbabwe,ZWE,2021,90.5739
Zimbabwe,ZWE,2022,91.82661
Zimbabwe,ZWE,2023,90.86277
Zimbabwe,ZWE,2024,89.4755